o_zone_id,d_zone_id,volume
1757,1757,10403.67
1753,1753,2179.15
1747,1753,1633.94
1747,1747,1551.91
1753,1747,1248.01
1767,1767,647.37
1776,1776,617.69
1718,1718,609.23
584,584,597.34
1658,1658,471.1
1771,1771,375.43
1754,1753,343.08
1757,1082,324.6
1732,1732,309.66
1082,1757,300.38
1661,1658,299.1
1714,1714,297.07
1746,1753,281.93
1776,1668,276.98
1776,1674,272.97
1446,1446,264.37
1174,1174,243.64
1776,1681,243.39
1757,1100,240.61
1702,1702,237.79
1668,1776,236.2
1667,1667,232.11
1776,1691,230.11
1759,1757,216.97
1776,1667,212.16
1079,1757,207.4
1691,1776,206.04
1085,1757,205.95
1081,1757,205.05
1757,1162,200.73
1181,1181,199.71
1753,1754,196.82
1681,1776,196.07
1696,1696,194.41
1776,1673,193.35
1683,1776,188.45
1732,1731,178.39
794,794,177.58
1681,1681,176.64
1754,1747,176.53
1775,1775,172.78
110,110,170.31
719,719,169.46
1486,1486,168.06
1674,1776,166.08
1301,1301,164.8
22,22,159.88
1776,1683,159.73
1757,1085,159.21
1673,1674,159.2
1757,1081,158.6
1673,1681,158.29
1673,1776,158.05
1776,1682,157.74
1702,1710,156.82
1681,1674,155.13
1681,1673,154.0
1710,1702,153.9
771,771,152.89
1691,1691,151.72
1752,1753,151.46
1673,1673,151.12
1776,1697,149.84
1674,1674,149.6
1674,1667,148.85
1661,1661,148.85
50,50,144.52
1689,1776,143.69
1741,1753,143.51
39,39,143.21
1758,1757,143.03
1776,1702,140.09
1757,1166,138.81
1741,1747,138.26
1710,1710,138.11
1682,1776,137.51
1757,1174,136.37
1776,1658,134.1
1100,1100,132.4
1770,1771,132.08
786,786,131.75
1778,1778,131.44
1716,1775,131.34
39,41,131.01
1019,1019,130.03
41,41,129.02
1757,1079,128.85
811,811,127.31
1760,1757,127.28
1775,1716,125.32
1696,1702,124.95
1686,1686,124.78
1408,1408,124.66
1711,1710,124.53
1772,1771,123.87
1776,1689,123.53
1657,1658,123.25
1674,1681,120.37
1747,1754,120.29
1776,1696,120.2
1674,1673,119.58
1205,1205,119.41
1068,1068,119.35
1757,1759,117.43
1753,1746,116.56
1162,1162,116.06
1347,1347,115.57
1748,1747,115.39
47,50,115.2
1261,1261,114.72
47,46,113.88
50,49,113.86
47,47,112.36
1658,1661,112.18
1689,1681,112.05
1486,1767,111.25
1106,1106,111.08
1478,1478,111.03
1757,1106,110.89
1609,1609,110.85
1409,1409,110.83
151,151,110.37
1757,1193,109.89
1755,1753,109.58
41,39,108.73
1408,1409,107.65
1697,1697,107.28
1757,1096,107.25
1702,1696,106.85
1732,1729,106.56
1711,1702,106.41
1771,1767,104.91
46,46,104.56
1673,1667,104.2
1771,1770,103.76
1718,1347,103.49
1778,1714,103.12
1759,1760,102.55
1756,1753,102.22
1681,1667,102.02
1668,1674,101.99
1263,1263,101.57
1409,1408,100.88
50,53,100.43
1425,1425,100.29
1757,1171,99.87
1193,1193,99.81
918,918,98.5
1757,1098,98.32
1683,1691,98.12
46,47,98.07
1733,1732,97.98
1757,1109,97.26
1100,1757,97.07
49,50,96.98
1778,1710,96.84
1711,1711,96.19
39,43,96.01
1759,1759,95.9
1760,1760,95.66
46,50,95.65
81,81,95.42
47,49,95.09
1709,1702,94.41
1709,1710,94.34
50,47,94.3
1696,1776,93.98
46,49,93.97
1778,1702,93.75
614,614,93.26
1746,1747,93.25
1702,1776,93.09
1697,1776,93.04
32,32,92.57
1689,1674,92.47
50,46,92.01
1191,1191,91.26
1162,1757,91.19
1760,1759,91.06
49,49,90.82
1689,1696,90.59
47,43,90.45
1751,1753,89.99
1193,1757,89.94
1651,1651,89.9
1757,1091,89.88
1748,1753,89.06
39,50,88.9
1673,1658,88.64
43,43,88.44
1082,1082,87.96
1757,1758,87.62
1777,1691,86.86
377,132,86.83
970,970,86.61
39,37,86.57
1702,1703,86.38
1311,1311,86.08
706,706,85.61
1689,1697,85.59
1776,1661,85.5
591,584,85.47
1749,1753,84.91
1634,1634,84.47
1747,1741,84.29
1682,1674,83.71
1664,1658,83.4
1671,1658,83.16
1660,1658,83.04
1682,1681,82.99
1078,1757,82.53
1691,1683,82.2
1662,1662,82.11
1691,1697,82.07
1668,1667,81.73
1681,1689,81.46
1682,1682,81.4
521,521,81.13
1681,1696,81.12
53,50,81.06
1777,1776,80.99
708,708,80.99
1667,1674,80.66
912,912,80.26
1259,1261,80.22
1776,1710,80.17
1696,1681,79.7
43,41,79.43
1776,1686,79.28
41,43,79.24
1757,1760,79.12
1710,1711,79.0
1757,1099,78.93
1778,1711,78.82
1658,1660,78.56
1732,1733,78.54
43,39,78.34
1689,1702,78.08
1681,1682,77.98
43,50,77.96
1778,1776,77.91
1263,1261,77.58
1696,1697,77.4
49,46,77.34
1713,1714,77.2
1686,1677,76.94
50,43,76.84
46,43,76.78
1770,1767,76.71
1663,1658,76.66
587,584,76.49
1757,1102,76.19
1776,1671,75.99
1689,1673,75.89
130,132,75.86
709,709,75.5
39,47,75.37
1689,1689,75.33
1657,1657,75.01
47,39,74.96
39,46,74.84
1757,1095,74.79
915,915,74.79
47,41,74.75
1096,1757,74.5
1757,1181,74.22
43,47,73.89
43,46,73.72
1776,1703,73.63
1701,1702,73.62
1671,1671,73.33
1182,1182,73.11
1690,1776,73.03
1444,1446,72.94
1691,1682,72.83
1674,1668,72.74
1261,1263,72.59
1682,1691,72.35
1184,1181,72.26
47,53,72.23
151,156,71.9
1662,1658,71.77
1171,1174,71.11
1686,1694,70.82
50,110,70.81
505,505,70.75
1766,1767,70.7
1347,1718,70.33
1099,1100,70.27
50,132,70.22
1776,1678,70.04
1709,1709,69.98
37,39,69.8
41,50,69.76
1702,1711,69.69
1776,1690,69.59
46,41,69.54
302,302,69.26
1084,1757,69.23
110,50,69.21
263,263,68.85
50,39,68.8
1095,1757,68.78
1457,1457,68.77
1668,1668,68.71
1674,1658,68.5
1691,1681,68.4
1106,1100,68.12
49,53,68.1
1259,1259,68.03
1775,1718,68.03
75,75,67.91
1691,1674,67.7
41,46,67.64
1702,1697,67.53
1716,1716,67.28
1681,1702,67.25
1682,1697,67.24
81,75,67.2
1040,1040,67.16
1683,1674,67.13
1100,1106,67.09
39,49,67.09
50,41,67.05
982,982,67.02
1776,1677,67.01
1681,1658,66.97
49,47,66.84
1301,1036,66.67
37,37,66.62
1776,1680,66.39
1702,1701,66.35
1681,1697,66.3
41,40,66.21
1096,1100,66.0
34,32,65.93
1181,1182,65.92
1731,1732,65.86
864,864,65.72
1683,1683,65.69
1696,1689,65.61
1749,1747,65.54
1696,1710,65.51
1024,1024,65.47
1716,1718,65.31
110,53,65.08
39,32,65.02
1658,1657,64.96
1343,1718,64.74
1673,1696,64.7
1103,1100,64.66
1757,1084,64.63
1171,1171,64.61
1166,1757,64.56
1537,1747,64.35
41,42,64.22
46,39,64.02
1753,1741,63.89
1696,1686,63.72
1085,1082,63.57
43,49,63.35
1729,1732,63.29
1686,1696,63.28
1689,1682,63.14
1682,1667,62.74
1718,1337,62.5
1099,1757,62.49
1714,1778,62.37
1690,1697,62.31
1687,1696,62.19
1219,1181,62.01
1696,1673,61.98
53,49,61.92
41,47,61.9
46,53,61.76
1668,1681,61.71
1759,1193,61.67
1691,1668,61.64
1697,1696,61.59
1678,1658,61.58
1205,1757,61.52
1689,1691,61.51
1776,1662,61.42
1166,1166,61.32
1681,1691,61.13
41,49,61.12
1668,1691,61.04
40,41,61.02
1771,1772,60.36
1678,1776,60.35
1651,1753,60.32
1682,1673,60.31
1689,1667,60.28
1717,1718,60.27
1686,1776,60.07
1697,1702,60.05
1674,1682,60.03
34,34,59.98
1085,1100,59.98
1687,1686,59.97
794,811,59.85
1677,1686,59.78
1696,1674,59.77
1181,1174,59.65
1082,1100,59.62
39,40,59.62
1683,1682,59.61
39,42,59.52
1756,1747,59.27
1683,1681,59.26
1668,1673,59.25
766,766,59.16
340,340,59.13
1718,1342,59.0
1757,1205,58.88
1429,1425,58.85
1103,1757,58.78
1667,1776,58.41
1714,1753,58.4
341,340,58.31
81,82,58.26
1694,1686,58.18
1714,1747,58.06
1678,1678,58.04
1095,1100,58.02
611,611,57.98
1755,1747,57.97
1673,1671,57.93
584,587,57.84
1696,1701,57.78
1091,1757,57.77
82,81,57.73
1673,1682,57.73
1678,1671,57.71
1686,1658,57.71
1637,1591,57.7
341,341,57.64
1770,1770,57.62
1478,1767,57.49
1677,1677,57.45
139,139,57.38
1711,1714,56.84
1027,1027,56.77
1673,1668,56.75
33,32,56.71
1714,1710,56.66
1687,1776,56.63
1683,1668,56.6
1747,1748,56.58
82,82,56.5
1776,1669,56.49
39,34,56.47
1661,1657,56.46
141,137,56.46
1681,1668,56.44
1702,1681,56.4
1671,1662,56.26
1181,1184,56.13
53,110,56.05
1673,1689,56.04
75,81,55.92
1710,1696,55.9
264,264,55.85
1478,1480,55.85
1027,1024,55.76
1753,1752,55.65
1701,1696,55.65
1446,1450,55.62
1182,1181,55.59
1776,1672,55.57
1712,1778,55.42
371,132,55.38
1710,1709,55.35
1682,1668,55.33
1767,1486,55.27
39,36,55.18
1673,1661,54.85
41,37,54.84
778,719,54.74
1776,1663,54.65
133,132,54.59
1718,1775,54.58
318,324,54.43
579,584,54.43
1745,1753,54.41
1714,1713,54.29
39,53,54.28
776,719,54.22
1669,22,54.21
1678,1673,54.19
709,706,54.16
49,48,54.15
37,32,54.14
1718,1068,54.12
50,52,54.11
45,46,53.94
41,324,53.85
336,336,53.84
1669,1669,53.84
572,584,53.78
1673,1702,53.67
1181,1188,53.63
1714,1711,53.63
1188,1188,53.63
1205,1181,53.59
348,132,53.53
1302,1301,53.51
1702,1709,53.5
1696,1694,53.5
1691,1696,53.47
49,43,53.37
1657,1661,53.33
1757,1103,53.28
1174,1171,53.2
1767,1771,53.2
1691,1667,53.17
341,336,53.17
47,132,53.17
794,786,53.14
1714,1702,53.11
377,378,53.04
1697,1691,52.98
1277,1277,52.98
1446,1767,52.91
50,48,52.87
1259,1263,52.83
1763,1478,52.74
324,41,52.74
1671,1776,52.72
1396,1396,52.7
1591,1591,52.69
1637,1637,52.6
1710,1776,52.59
1703,1703,52.55
42,41,52.51
1673,1672,52.43
1776,1679,52.43
1683,1697,52.39
1106,1757,52.38
53,132,52.31
1768,1767,52.28
110,81,52.23
37,41,52.22
365,365,52.2
1757,1182,52.19
811,794,52.18
598,584,52.16
719,786,52.13
1302,1302,52.02
839,839,52.01
151,137,52.01
1668,1682,51.99
1036,1036,51.88
1673,1680,51.87
1429,1429,51.87
43,42,51.84
708,706,51.8
1419,1419,51.79
1081,1082,51.74
263,264,51.7
1690,1691,51.64
1709,1711,51.62
584,771,51.57
1691,1689,51.54
45,49,51.54
324,324,51.5
786,719,51.44
1697,1681,51.33
602,602,51.28
1776,1701,51.2
1757,1111,51.16
1223,1223,51.05
1683,1667,51.03
771,584,51.02
1776,1657,50.97
1205,1206,50.96
39,324,50.94
49,41,50.94
1697,1674,50.89
1686,1671,50.86
1674,1689,50.85
1252,1252,50.83
1109,1757,50.8
1681,1680,50.72
1702,1674,50.71
110,132,50.69
1691,1702,50.68
1776,1664,50.62
709,712,50.58
1663,1663,50.53
1682,1683,50.53
1678,1681,50.5
1682,1689,50.5
1752,1747,50.45
1711,1778,50.42
1747,1746,50.39
1757,1196,50.34
41,32,50.3
1673,1697,50.05
136,137,50.05
1671,1670,50.0
1673,1678,49.99
1026,1019,49.99
1109,1100,49.99
1671,1663,49.93
1674,1697,49.89
1776,1687,49.84
110,82,49.73
1711,1776,49.69
1685,1686,49.68
1689,1686,49.67
136,132,49.55
81,110,49.43
53,53,49.35
1029,1019,49.34
841,797,49.33
37,34,49.33
1710,1703,49.32
47,42,49.3
1087,1757,49.27
1703,1702,49.22
1718,1716,49.22
1681,1686,49.19
1691,1673,49.19
258,258,49.12
329,329,48.96
1664,1661,48.91
1757,1083,48.86
1672,1673,48.85
1747,1537,48.81
1686,1681,48.8
1686,1685,48.77
46,42,48.72
353,132,48.65
1686,1702,48.65
822,970,48.62
1029,1029,48.57
766,771,48.51
318,41,48.47
1671,1661,48.43
1175,1181,48.41
1191,1188,48.4
1166,1162,48.36
378,132,48.34
413,413,48.34
324,323,48.3
614,584,48.24
1778,1697,48.17
110,49,48.16
1671,1686,48.05
39,318,48.0
1757,1188,47.99
1733,1733,47.8
324,318,47.77
49,132,47.72
1682,1702,47.68
1733,1731,47.67
1109,1106,47.64
1776,1670,47.64
797,797,47.62
1757,1101,47.59
1683,1673,47.55
1674,1691,47.51
1697,1689,47.48
1671,1673,47.43
1036,1301,47.39
786,794,47.36
1082,1085,47.34
1681,1678,47.33
42,42,47.33
45,50,47.29
377,377,47.27
43,53,47.26
1343,1337,47.18
770,770,47.13
36,36,47.11
47,110,47.09
1678,1686,47.04
1778,1712,46.96
1092,1757,46.95
1674,1696,46.94
46,48,46.94
1757,1108,46.93
1681,1683,46.93
1673,1686,46.9
1166,1174,46.9
36,39,46.89
330,324,46.86
323,324,46.85
1673,1691,46.85
841,841,46.85
592,584,46.83
53,46,46.82
1171,1757,46.82
602,584,46.8
1702,1689,46.79
1206,1205,46.75
1763,1763,46.73
1166,1100,46.7
50,137,46.66
330,41,46.64
329,323,46.63
1446,1444,46.61
46,132,46.59
1478,1446,46.56
49,52,46.52
601,584,46.47
1261,1259,46.45
1691,1690,46.44
1694,1694,46.43
1426,1426,46.42
45,47,46.36
137,137,46.31
1757,1094,46.29
1223,1224,46.26
1566,1566,46.26
341,132,46.2
47,48,46.19
329,330,46.16
39,132,46.15
1191,719,46.14
1687,1681,46.13
1419,1425,46.08
1408,1446,46.04
22,1669,46.02
40,39,45.96
329,335,45.94
1671,1669,45.93
34,37,45.82
36,37,45.74
329,336,45.73
53,47,45.73
771,766,45.69
37,36,45.68
1656,1658,45.66
1424,1424,45.65
1697,1682,45.65
912,918,45.62
1342,1718,45.62
1711,1709,45.59
36,32,45.53
1085,1085,45.5
1098,1757,45.48
1753,1651,45.47
608,584,45.46
48,48,45.46
1776,1711,45.45
918,912,45.44
1671,1678,45.4
562,584,45.35
587,587,45.33
566,584,45.33
1079,1082,45.31
1674,1702,45.29
1670,1662,45.22
49,39,45.22
1201,1757,45.2
1450,1446,45.17
1661,1776,45.16
45,41,45.15
706,708,45.15
110,75,45.1
1024,1065,45.08
1776,1660,44.97
1658,1663,44.95
1662,22,44.94
1672,1658,44.93
1682,1696,44.93
36,41,44.92
1718,1336,44.91
41,318,44.88
1426,1425,44.85
341,334,44.84
1696,1691,44.82
1696,1687,44.82
390,132,44.8
354,132,44.71
1673,1662,44.69
1670,1658,44.68
1663,1662,44.65
1690,1682,44.58
329,324,44.58
82,75,44.58
1778,1696,44.53
1024,1068,44.53
75,82,44.51
46,45,44.47
41,36,44.46
347,132,44.41
1661,1660,44.38
1709,1696,44.36
1409,1413,44.34
365,132,44.33
1761,1760,44.29
1019,915,44.23
1714,1776,44.2
1480,1480,44.18
1106,1174,44.16
48,49,44.16
882,882,44.16
41,34,44.12
1689,1710,44.06
1184,1188,44.06
52,50,43.99
1301,1302,43.97
1769,1767,43.9
47,45,43.88
1025,1019,43.88
49,110,43.88
1424,1425,43.88
1446,1486,43.87
1681,1671,43.8
1686,1673,43.8
1686,1687,43.75
1024,1027,43.73
1736,1732,43.71
1732,1730,43.7
1694,1696,43.66
985,985,43.61
1769,1771,43.58
1711,1696,43.57
584,602,43.53
1184,1182,43.52
1702,1673,43.5
1676,1677,43.49
1446,1447,43.48
1662,1669,43.48
1435,1435,43.45
1667,1681,43.45
1408,1413,43.45
1688,1696,43.44
1480,1478,43.39
52,52,43.34
42,43,43.34
47,52,43.33
1730,1730,43.31
52,53,43.28
982,990,43.25
330,42,43.22
110,65,43.16
1668,1683,43.15
53,52,43.08
1162,1166,43.08
1696,1688,43.08
822,811,43.06
130,130,43.0
1696,1703,43.0
347,348,42.98
318,39,42.91
50,42,42.88
41,53,42.88
335,336,42.8
1730,1732,42.79
75,110,42.78
1100,1174,42.72
348,348,42.69
1181,1224,42.65
1689,1658,42.63
1537,1753,42.6
1182,1188,42.53
1662,1663,42.49
1690,1681,42.44
1661,1663,42.43
346,346,42.42
1671,1677,42.37
1776,1777,42.35
1337,1718,42.31
1710,1778,42.26
47,336,42.26
1342,1347,42.22
39,312,42.22
1718,1343,42.2
36,34,42.14
50,336,42.12
1581,1581,42.11
1754,1754,42.1
1661,1664,42.1
1777,1702,42.06
46,336,42.04
1027,1068,42.03
1311,1301,41.93
1757,1178,41.91
52,49,41.89
1689,1690,41.87
1778,1691,41.84
1696,1667,41.83
1661,1671,41.82
110,52,41.8
590,584,41.8
1425,1429,41.71
1701,1710,41.7
34,39,41.68
1702,1686,41.68
1181,1219,41.65
1672,1674,41.63
312,32,41.62
1678,1674,41.57
318,318,41.57
794,749,41.56
1169,1757,41.53
1691,1777,41.51
1311,1312,41.49
132,132,41.47
1671,22,41.45
1019,914,41.45
1717,1775,41.42
1763,1767,41.36
1778,1703,41.34
329,41,41.33
1670,1671,41.33
1670,1669,41.32
1776,1714,41.3
1668,1658,41.28
143,143,41.28
46,52,41.27
1336,1718,41.26
109,110,41.26
1702,1778,41.22
1193,1196,41.19
82,110,41.19
355,355,41.18
366,132,41.16
346,340,41.14
1686,1676,41.12
1757,1105,41.11
1661,1662,41.08
341,348,41.08
1678,1677,41.03
330,329,41.03
339,340,41.02
1687,1673,41.01
1670,22,40.99
1696,1682,40.98
1733,1736,40.98
324,39,40.97
1661,1674,40.96
341,335,40.94
131,132,40.93
1681,1661,40.92
1676,1686,40.89
1671,1674,40.86
915,914,40.85
341,49,40.84
1753,1755,40.79
1776,1688,40.77
1419,1446,40.77
1777,1697,40.77
110,137,40.76
1701,1701,40.75
1255,1261,40.72
1255,1259,40.69
1718,1348,40.66
1757,1176,40.66
584,614,40.64
141,132,40.64
46,110,40.63
1674,1661,40.62
1732,1736,40.62
353,352,40.58
1306,1306,40.57
1103,1106,40.54
1672,1776,40.54
1718,1717,40.53
1664,1663,40.51
1585,1591,40.51
709,708,40.51
141,151,40.5
1696,1658,40.5
49,336,40.29
1162,1174,40.28
347,341,40.27
1660,1660,40.25
329,584,40.23
1409,1446,40.21
1159,1757,40.21
41,330,40.2
1753,1756,40.18
1486,1446,40.18
1667,1673,40.16
42,39,40.15
1690,1696,40.1
1024,1020,40.1
1712,1710,40.03
1024,1019,40.03
1181,1175,40.0
330,336,39.99
1312,1311,39.9
1723,1718,39.87
1757,1078,39.84
110,109,39.83
1776,1778,39.82
1731,1731,39.81
1205,1174,39.8
1690,1689,39.78
1301,1306,39.77
34,41,39.77
1757,1169,39.77
1690,1674,39.74
348,49,39.7
42,46,39.65
1673,1679,39.59
1181,1191,39.59
1338,1718,39.57
591,587,39.55
1166,1171,39.53
969,970,39.51
1674,1683,39.51
1673,1663,39.5
1026,1029,39.49
352,352,39.45
1662,1671,39.45
1778,1674,39.42
1697,1667,39.42
1697,1703,39.42
1658,1662,39.42
110,47,39.4
41,132,39.39
1098,1100,39.37
1102,1100,39.36
1027,1065,39.34
1679,1776,39.33
1593,1593,39.28
1686,1678,39.25
1680,1681,39.22
1495,263,39.21
1776,1676,39.21
1681,1677,39.18
1702,1667,39.15
1100,1096,39.14
794,719,39.1
1700,1702,39.04
1776,22,39.0
1100,1162,38.99
1302,1306,38.96
1349,1718,38.96
1100,1166,38.96
43,37,38.93
47,37,38.93
1111,1757,38.92
1174,1757,38.91
151,141,38.91
1687,1702,38.91
1671,1681,38.8
1669,1662,38.8
1657,1660,38.79
1235,1235,38.78
578,584,38.77
1162,1100,38.75
1100,1099,38.74
1671,1664,38.74
110,71,38.69
1685,1685,38.66
1664,1662,38.66
1680,1673,38.65
1664,1671,38.63
1673,1677,38.63
32,34,38.6
914,914,38.6
341,584,38.59
1682,1690,38.59
1670,1670,38.58
151,132,38.57
1178,1174,38.55
1710,1697,38.55
49,42,38.48
822,822,38.48
1736,1736,38.47
341,347,38.47
1683,1702,38.46
1338,1337,38.44
1701,1776,38.43
1689,1703,38.41
318,323,38.41
45,43,38.4
1689,1683,38.4
341,346,38.39
50,130,38.39
1094,1757,38.37
110,46,38.35
37,43,38.35
341,50,38.35
301,301,38.34
1082,1081,38.33
342,132,38.31
1689,1668,38.28
1419,1424,38.27
749,749,38.26
39,110,38.25
324,330,38.24
1710,1701,38.21
1171,1166,38.2
1105,1757,38.2
34,36,38.15
1697,1690,38.15
43,132,38.14
1311,1306,38.12
357,132,38.11
1668,1697,38.11
1683,1689,38.1
340,346,38.09
1712,1702,38.06
1702,1691,38.04
1679,1673,38.04
377,365,38.04
1429,1424,37.99
318,312,37.97
330,330,37.97
589,584,37.96
264,263,37.94
45,42,37.93
1085,1162,37.91
348,341,37.88
1150,1150,37.87
39,330,37.86
1677,1658,37.85
1017,1017,37.83
1709,1776,37.81
1435,1261,37.8
335,335,37.77
1182,1174,37.77
1717,1716,37.74
1224,1224,37.69
377,372,37.67
1680,1776,37.63
1702,1682,37.62
41,48,37.62
110,58,37.62
390,143,37.6
1686,1674,37.6
1230,1757,37.57
1713,1753,37.56
1301,1300,37.53
1702,1694,37.51
1663,1661,37.51
341,342,37.5
155,151,37.48
729,729,37.48
1663,1671,37.47
1105,1100,37.46
1678,1661,37.46
1681,1679,37.45
1662,1670,37.44
1025,1024,37.44
697,697,37.4
342,49,37.39
377,137,37.38
341,48,37.36
1697,1673,37.35
150,151,37.35
65,110,37.34
1673,1683,37.33
1109,1109,37.31
1102,1757,37.26
369,369,37.17
342,336,37.17
205,205,37.16
348,50,37.16
347,346,37.13
319,584,37.11
914,915,37.11
340,341,37.11
1106,1109,37.1
50,45,37.09
1681,1672,37.09
37,50,37.07
130,53,37.06
1778,1681,37.04
351,132,37.03
599,599,37.02
1109,1174,37.01
41,336,37.01
839,1277,37.0
1657,1662,37.0
351,352,36.98
41,323,36.97
1757,1206,36.96
1713,1713,36.93
263,260,36.9
50,37,36.89
990,990,36.89
348,336,36.88
330,43,36.87
48,50,36.86
631,631,36.85
1710,1714,36.84
1092,1100,36.84
1216,1181,36.82
1306,1301,36.81
42,50,36.81
1776,1666,36.79
52,110,36.78
53,43,36.76
915,1019,36.73
749,794,36.7
42,49,36.7
1091,1100,36.69
1678,1662,36.65
1757,1092,36.64
329,341,36.63
1027,1718,36.63
1661,1673,36.63
1760,1761,36.63
348,347,36.6
1672,1671,36.58
1766,1478,36.57
1689,1687,36.54
141,141,36.5
1776,1685,36.49
563,563,36.49
1757,521,36.48
1040,1301,36.48
571,584,36.47
1277,1263,36.45
104,110,36.45
330,46,36.44
1446,1419,36.43
1100,1098,36.42
1658,1664,36.42
1424,1429,36.41
342,348,36.4
1196,1193,36.35
1757,584,36.34
1776,1694,36.32
1446,1408,36.31
1171,1100,36.29
427,427,36.29
1024,1025,36.23
1486,1771,36.23
1687,1689,36.23
1696,1677,36.2
39,323,36.2
330,39,36.16
1735,1732,36.13
1760,1193,36.12
1711,1703,36.11
1681,1710,36.1
598,598,36.08
329,328,36.04
1679,1681,36.04
1027,1019,36.03
1090,1757,36.02
1657,1656,36.01
348,53,36.01
1662,1661,35.98
130,50,35.97
413,412,35.96
318,32,35.96
156,151,35.94
330,323,35.94
130,49,35.9
323,41,35.87
1446,1425,35.87
1181,1757,35.86
155,156,35.86
584,590,35.85
342,341,35.83
774,719,35.83
329,42,35.82
1348,1718,35.82
1344,1718,35.78
348,130,35.77
1736,1733,35.76
1761,1757,35.75
761,766,35.75
399,399,35.74
41,312,35.73
1082,1162,35.65
312,312,35.65
1757,1159,35.65
1174,1178,35.64
1683,1696,35.64
1764,1767,35.64
412,412,35.63
50,82,35.62
348,342,35.61
990,982,35.61
1686,1662,35.58
312,41,35.57
330,49,35.56
1672,1681,35.55
22,1662,35.54
1337,1337,35.54
40,42,35.53
1687,1658,35.51
1743,1747,35.47
41,45,35.42
1674,1671,35.4
50,348,35.38
1181,1185,35.34
1343,1347,35.33
138,132,35.32
147,132,35.3
620,614,35.28
1687,1674,35.26
1702,1714,35.18
346,352,35.17
584,579,35.17
1100,1109,35.16
303,302,35.12
1174,1106,35.12
402,400,35.11
1108,1757,35.1
336,335,35.09
1690,1702,35.09
342,48,35.06
1718,1331,35.05
22,1658,35.04
356,355,35.03
606,584,35.0
1760,1409,35.0
1747,1651,34.97
1169,1174,34.97
39,38,34.96
584,572,34.96
1447,1446,34.94
1174,1181,34.93
324,42,34.93
1686,1689,34.9
955,955,34.88
312,39,34.86
1184,1184,34.85
312,36,34.84
45,48,34.83
39,48,34.83
130,131,34.81
49,45,34.81
1419,1429,34.8
610,584,34.8
330,335,34.8
1637,1597,34.78
719,794,34.76
1099,1106,34.72
347,340,34.72
1757,1087,34.71
312,34,34.68
1689,1680,34.67
42,47,34.65
1336,1337,34.65
45,39,34.64
364,132,34.64
1424,1419,34.63
392,392,34.61
1697,1710,34.61
324,329,34.6
131,131,34.56
323,329,34.56
1025,1025,34.55
584,571,34.55
411,411,34.55
1686,1661,34.53
1029,1026,34.53
1347,1342,34.53
1677,1776,34.53
1678,1696,34.52
323,323,34.51
58,110,34.5
43,40,34.45
151,145,34.44
1678,1669,34.43
864,771,34.42
1686,1669,34.42
1026,1026,34.41
1408,1425,34.41
294,32,34.4
39,336,34.37
1663,1660,34.37
1743,1753,34.36
560,584,34.3
1420,1425,34.29
1757,1210,34.28
1019,918,34.27
1776,1675,34.24
347,347,34.24
1651,1747,34.23
1303,1301,34.23
151,150,34.21
1694,1702,34.2
1105,1106,34.2
1108,1106,34.18
1278,1277,34.17
1068,1718,34.16
104,53,34.15
1658,1671,34.14
1478,1486,34.09
312,318,34.09
1700,1686,34.08
1775,1717,34.07
1190,719,34.06
140,132,34.06
1634,1718,34.05
141,156,34.02
1750,1753,34.02
330,50,34.01
40,40,33.96
1687,1677,33.96
563,584,33.95
1675,1669,33.95
156,156,33.94
348,48,33.92
1718,1334,33.92
140,137,33.91
1685,1677,33.88
1681,1687,33.88
39,311,33.87
262,262,33.87
1757,1179,33.87
139,143,33.87
1206,1206,33.84
1175,1174,33.84
36,312,33.81
1678,1679,33.81
1637,1640,33.8
300,32,33.79
1456,1446,33.77
358,358,33.75
1669,1658,33.75
45,336,33.73
43,110,33.72
47,40,33.68
329,334,33.67
47,137,33.64
1668,1702,33.64
1081,1100,33.62
1446,1409,33.62
342,50,33.6
1108,1174,33.6
47,335,33.57
145,151,33.53
1206,1757,33.52
341,329,33.5
1709,1701,33.46
604,584,33.45
1677,1671,33.42
761,771,33.42
1593,1591,33.39
297,302,33.39
104,50,33.36
32,33,33.35
1169,1181,33.33
312,324,33.32
1691,1703,33.31
45,53,33.3
1171,1162,33.28
1673,1669,33.28
1594,1594,33.27
584,578,33.25
147,143,33.24
53,41,33.21
318,311,33.21
136,136,33.19
312,37,33.19
1312,1312,33.17
50,81,33.16
1425,1424,33.16
1191,1181,33.15
377,376,33.14
797,811,33.1
38,39,33.08
1685,1676,33.08
140,139,33.06
1594,1593,33.06
1709,1686,33.05
706,709,33.05
766,584,33.04
1016,1016,33.04
1778,1747,33.04
1678,1663,33.04
1024,1016,33.03
1277,1272,33.02
53,39,33.01
301,302,33.01
1681,1662,32.98
1673,1670,32.98
1572,1572,32.98
1429,1419,32.97
1677,1676,32.97
1676,1685,32.96
1696,1680,32.93
771,864,32.93
43,324,32.93
1196,1757,32.91
368,132,32.91
47,330,32.89
1681,1703,32.83
1263,1259,32.82
613,614,32.81
1342,1342,32.81
1108,1100,32.79
864,584,32.79
1673,1657,32.78
341,339,32.77
1711,1697,32.76
1682,1658,32.76
46,335,32.75
41,329,32.73
47,324,32.69
1020,1020,32.69
141,139,32.67
1597,1591,32.66
50,341,32.65
33,34,32.6
1592,1591,32.59
326,584,32.54
46,37,32.53
401,400,32.52
50,51,32.52
151,143,32.49
1029,918,32.47
1027,1025,32.46
607,584,32.46
1713,1747,32.42
371,365,32.42
1664,1664,32.41
1662,1657,32.41
1678,1670,32.4
38,41,32.4
46,330,32.37
1675,22,32.37
330,318,32.37
372,132,32.35
822,969,32.34
1100,1171,32.31
1637,1593,32.3
1760,1408,32.27
324,312,32.27
324,43,32.25
1224,1223,32.24
161,156,32.23
341,46,32.23
1689,1688,32.23
341,53,32.21
1664,1776,32.21
1111,1174,32.19
42,40,32.18
110,43,32.16
45,132,32.16
39,45,32.15
329,39,32.14
353,346,32.13
1767,1770,32.11
1676,1676,32.11
1760,1396,32.1
915,918,32.1
1715,1778,32.08
613,584,32.07
347,336,32.07
323,318,32.06
1732,1753,32.05
1696,1711,32.04
1190,1191,32.03
1671,1672,31.99
1425,1426,31.98
1686,1684,31.98
151,139,31.96
43,48,31.94
71,110,31.93
761,761,31.93
1778,1715,31.93
1301,1311,31.93
52,132,31.91
33,33,31.91
167,156,31.91
1757,1175,31.9
145,137,31.89
402,132,31.86
1181,719,31.85
1673,1664,31.85
1681,1690,31.85
1688,1776,31.83
1716,1717,31.82
324,40,31.82
110,130,31.79
1669,1670,31.78
591,598,31.76
1205,1210,31.75
49,130,31.72
1162,1171,31.71
403,403,31.71
1674,1672,31.7
1191,521,31.7
37,312,31.7
337,584,31.69
1204,1757,31.68
318,42,31.67
806,797,31.66
40,43,31.65
329,132,31.65
1778,1709,31.63
1637,1634,31.63
39,329,31.63
1100,1102,31.62
1686,1663,31.61
1026,918,31.59
348,346,31.58
1587,1593,31.57
53,137,31.57
130,348,31.56
1700,1696,31.55
1658,1656,31.54
324,32,31.54
39,52,31.53
1181,1223,31.52
320,584,31.51
329,49,31.48
1762,1446,31.47
1311,1314,31.46
334,334,31.46
1695,1696,31.45
1277,1261,31.45
1273,1277,31.45
1026,1027,31.45
1747,1749,31.45
329,46,31.44
281,32,31.44
1670,1663,31.44
330,47,31.44
1676,1669,31.44
1771,1486,31.43
46,40,31.42
1409,1425,31.42
1676,1658,31.39
48,336,31.39
776,786,31.39
766,770,31.39
339,341,31.38
336,48,31.36
582,584,31.35
1184,1191,31.34
53,48,31.34
1736,1753,31.33
329,43,31.31
47,32,31.31
646,646,31.3
46,324,31.3
43,32,31.29
750,794,31.28
50,342,31.28
588,584,31.27
841,811,31.27
1700,1694,31.27
341,130,31.27
1278,839,31.25
1652,1753,31.24
1205,1409,31.23
1252,829,31.22
1763,1446,31.22
363,132,31.21
347,49,31.16
584,864,31.15
721,719,31.13
329,318,31.12
52,46,31.11
130,110,31.11
1753,1748,31.1
356,132,31.09
377,139,31.06
47,130,31.05
750,750,31.04
136,139,31.03
1658,22,31.03
770,766,31.02
1733,1753,31.01
970,811,31.01
48,46,31.0
1331,1718,30.99
151,155,30.97
1026,1025,30.97
829,1252,30.96
1673,1687,30.96
43,330,30.95
390,396,30.94
41,335,30.93
325,584,30.92
49,348,30.9
1273,1273,30.88
110,66,30.88
324,336,30.87
726,719,30.87
1103,1109,30.86
352,346,30.84
1689,1677,30.82
1025,1017,30.81
37,46,30.8
584,766,30.78
348,340,30.78
1687,1687,30.78
1667,1668,30.78
1772,1772,30.78
329,50,30.78
1027,1026,30.77
750,811,30.77
336,49,30.74
369,132,30.74
390,390,30.71
37,47,30.71
1686,1670,30.7
1259,797,30.69
1263,1277,30.69
1456,1425,30.68
1111,1100,30.66
109,53,30.63
303,303,30.62
341,352,30.62
1223,1181,30.61
335,329,30.59
50,32,30.58
1676,1662,30.57
42,330,30.56
263,261,30.56
1336,1347,30.56
1679,1678,30.56
347,352,30.52
1314,1311,30.52
1718,1311,30.52
1101,1757,30.49
1108,1109,30.49
22,1670,30.48
1778,1753,30.47
1671,1657,30.46
1671,1660,30.43
104,132,30.43
432,432,30.41
318,330,30.4
584,608,30.4
377,369,30.39
1040,982,30.36
43,45,30.34
306,32,30.34
1691,1710,30.34
1277,839,30.32
49,341,30.32
1661,1681,30.32
311,311,30.31
1336,1336,30.29
169,169,30.29
1306,1302,30.28
150,156,30.27
1668,1689,30.27
348,51,30.27
41,110,30.27
1710,1681,30.27
138,139,30.23
1040,1036,30.22
1674,1686,30.21
1667,1658,30.21
1205,1193,30.19
1712,1711,30.18
1446,1457,30.18
1593,1594,30.17
353,130,30.16
762,762,30.13
82,132,30.12
1759,1409,30.12
50,324,30.11
584,598,30.1
1664,1660,30.09
969,969,30.07
766,761,30.07
1663,1664,30.06
1098,1098,30.06
49,51,30.06
1205,1235,30.06
39,316,30.05
344,344,30.05
1674,1662,30.04
353,365,30.04
1111,1109,30.02
50,40,29.97
39,137,29.95
1757,1184,29.95
1751,1747,29.94
1730,1729,29.93
771,858,29.92
1413,1409,29.91
1597,1597,29.9
339,339,29.9
1663,1657,29.9
43,336,29.9
47,341,29.9
584,302,29.89
39,302,29.89
1673,1660,29.88
1174,1162,29.88
1143,1143,29.88
1664,1674,29.87
1435,1259,29.85
46,130,29.85
1668,1696,29.85
53,130,29.85
1683,1690,29.84
32,37,29.83
296,302,29.8
616,614,29.8
1671,1667,29.79
1657,1663,29.79
1676,1670,29.78
377,143,29.78
337,337,29.77
1681,1663,29.76
302,584,29.76
324,46,29.75
402,396,29.75
1152,1152,29.74
110,39,29.74
1181,1179,29.73
1697,1683,29.73
1718,1634,29.73
736,584,29.72
400,400,29.72
584,589,29.71
1678,1672,29.7
378,378,29.65
342,342,29.63
305,305,29.63
544,584,29.62
1188,1191,29.61
1065,1065,29.61
914,1019,29.61
1681,1669,29.61
982,985,29.61
47,348,29.59
1679,1658,29.59
109,50,29.58
1566,1019,29.57
1696,1690,29.57
544,544,29.57
329,340,29.55
1662,1660,29.55
40,324,29.55
1757,1191,29.54
347,50,29.54
763,584,29.54
45,45,29.53
1753,1751,29.51
1718,1723,29.5
1690,1673,29.49
34,312,29.49
341,41,29.48
822,794,29.48
174,174,29.47
41,311,29.47
329,302,29.46
1686,1701,29.46
750,749,29.46
969,825,29.46
342,340,29.45
573,584,29.44
1664,1657,29.44
1686,1697,29.43
42,324,29.43
1096,1106,29.43
1753,1749,29.42
167,151,29.42
263,1495,29.4
1100,1095,29.39
41,38,29.39
324,311,29.37
51,49,29.37
1672,1667,29.37
312,311,29.36
839,1263,29.35
1676,1776,29.35
324,50,29.34
1435,1425,29.34
858,771,29.33
770,771,29.33
1747,505,29.33
396,396,29.32
697,694,29.32
1696,1678,29.31
50,335,29.3
263,1747,29.28
1103,1174,29.27
110,41,29.27
1696,1709,29.26
614,602,29.24
1687,1697,29.22
139,137,29.22
1312,1301,29.21
1685,1684,29.2
329,316,29.19
41,584,29.18
1762,1761,29.18
335,341,29.16
1432,1435,29.15
719,778,29.15
43,52,29.15
1690,1667,29.14
1691,1658,29.14
42,48,29.13
377,133,29.13
39,335,29.13
169,156,29.13
1259,1273,29.11
1759,1396,29.1
1776,1656,29.09
324,49,29.07
1446,1478,29.07
1585,1585,29.07
1193,1759,29.07
1760,1446,29.06
357,358,29.06
1179,1181,29.06
1710,1674,29.05
1689,1701,29.05
336,341,29.05
1762,1757,29.04
1311,1718,29.03
810,811,29.03
50,330,29.03
886,886,28.99
348,46,28.99
370,132,28.96
318,34,28.96
1658,1667,28.95
1,1,28.94
1778,1689,28.94
1776,1709,28.92
110,77,28.92
354,130,28.91
1040,1041,28.9
829,829,28.9
1027,1029,28.88
839,1278,28.86
982,1002,28.86
779,794,28.85
797,794,28.85
1184,1185,28.85
66,110,28.84
1778,1682,28.83
771,770,28.83
53,82,28.81
1709,1694,28.8
1348,1347,28.8
1307,1301,28.78
340,336,28.78
1757,1090,28.77
347,342,28.77
1697,1668,28.74
353,348,28.73
1276,1277,28.72
1747,1756,28.71
1685,1669,28.71
365,358,28.7
46,341,28.7
1777,1683,28.69
614,613,28.69
347,130,28.66
353,340,28.66
318,316,28.64
1686,22,28.63
544,521,28.62
608,602,28.61
52,47,28.61
1099,1174,28.6
708,709,28.6
613,613,28.59
841,839,28.58
611,584,28.58
1701,1686,28.57
1582,1582,28.57
390,139,28.56
1674,1680,28.56
348,52,28.56
1673,1710,28.55
1757,1204,28.54
1174,1100,28.53
1674,1678,28.53
161,151,28.53
1778,1673,28.53
774,786,28.53
732,719,28.5
318,317,28.49
394,400,28.49
1017,1019,28.48
49,342,28.48
620,584,28.45
1027,1020,28.45
1689,1671,28.43
1688,1681,28.42
1259,1255,28.41
1259,1435,28.41
141,140,28.41
110,131,28.4
32,39,28.4
1663,1670,28.4
323,330,28.4
340,339,28.39
1300,1301,28.39
737,719,28.38
1174,1166,28.38
39,584,28.38
46,348,28.37
982,986,28.37
1687,1678,28.36
1757,1201,28.36
163,156,28.33
1100,1103,28.32
1026,1024,28.32
1661,1667,28.32
341,328,28.32
1598,1591,28.31
1205,1240,28.3
388,388,28.3
1760,1392,28.3
412,413,28.3
1185,1188,28.29
1679,1674,28.29
1689,1678,28.29
130,48,28.28
1686,1700,28.28
757,584,28.27
1331,1331,28.27
351,346,28.27
1704,1776,28.26
1676,1671,28.26
312,302,28.26
1761,1762,28.26
133,378,28.25
1762,1762,28.25
1277,1273,28.25
353,341,28.24
1182,1184,28.23
342,53,28.23
110,48,28.22
1711,1701,28.22
377,390,28.21
330,341,28.2
1678,1667,28.2
1082,1079,28.2
318,43,28.18
1095,1162,28.17
1690,1683,28.17
341,330,28.17
1255,1263,28.16
1704,1697,28.16
302,301,28.16
318,302,28.15
610,614,28.15
331,584,28.14
153,156,28.12
1681,1688,28.11
1685,1776,28.09
1065,1068,28.08
299,299,28.08
341,47,28.07
353,347,28.07
299,32,28.07
1299,1301,28.07
1594,1591,28.05
1302,1300,28.05
1701,1697,28.04
53,81,28.04
376,132,28.04
985,982,28.02
839,1273,28.01
1205,1408,28.01
1273,1261,28.01
340,352,28.01
330,48,28.0
324,584,28.0
1686,1710,28.0
1425,1419,28.0
1551,1551,27.98
720,719,27.97
1311,1302,27.96
318,40,27.96
402,402,27.96
1099,1098,27.94
1687,1694,27.94
1703,1710,27.93
762,584,27.93
263,519,27.92
1013,1019,27.92
1301,1040,27.92
761,584,27.91
47,329,27.9
353,353,27.9
602,614,27.89
41,52,27.88
130,52,27.87
1019,1017,27.87
1188,1182,27.87
167,167,27.86
1776,1704,27.86
329,47,27.85
1179,1174,27.84
1169,1171,27.84
348,354,27.82
1656,1657,27.82
712,709,27.81
1302,1311,27.8
1628,1718,27.79
1101,1100,27.78
1205,1100,27.78
1757,1156,27.77
762,771,27.77
342,46,27.76
40,46,27.76
713,719,27.76
778,786,27.75
1311,1040,27.74
223,22,27.74
1079,1100,27.74
1098,1174,27.73
1255,1435,27.73
1081,1162,27.73
318,36,27.73
361,355,27.72
1777,1696,27.71
42,336,27.71
39,317,27.71
1661,1686,27.7
599,584,27.69
1669,1671,27.69
1171,1106,27.69
46,137,27.68
1678,22,27.68
1683,1658,27.68
1694,1677,27.66
330,584,27.65
1024,1718,27.64
1330,1718,27.63
347,353,27.63
51,132,27.61
1174,1182,27.61
334,341,27.6
147,151,27.6
1682,1703,27.6
1278,1273,27.59
1757,1396,27.59
1166,1098,27.58
1672,1672,27.56
50,109,27.55
332,584,27.55
970,771,27.54
794,584,27.54
1176,1174,27.54
1682,1710,27.54
857,857,27.53
1709,1703,27.53
390,378,27.52
50,131,27.51
779,786,27.51
1085,1096,27.5
1085,1106,27.5
50,340,27.5
48,47,27.5
347,48,27.49
411,412,27.47
339,346,27.47
1634,1591,27.46
1653,1753,27.45
597,584,27.45
1429,1446,27.44
34,33,27.43
1041,1040,27.43
1205,1209,27.42
931,918,27.41
340,334,27.4
47,584,27.39
347,53,27.39
1100,1082,27.37
336,50,27.36
377,371,27.36
1456,1419,27.36
37,49,27.35
1778,1667,27.35
292,32,27.35
318,37,27.35
324,335,27.35
50,156,27.34
584,599,27.34
969,811,27.34
1757,1409,27.34
339,584,27.32
1566,1029,27.31
1259,1264,27.3
49,137,27.3
323,39,27.28
973,973,27.28
1223,719,27.28
1026,1023,27.27
348,352,27.27
1064,1068,27.27
794,750,27.25
782,786,27.24
1065,1024,27.23
1259,1277,27.23
147,156,27.23
46,32,27.23
353,358,27.23
1306,1311,27.21
378,377,27.21
1188,1181,27.2
1704,1702,27.2
148,151,27.19
1631,1631,27.19
1024,1017,27.18
334,340,27.18
864,858,27.18
46,329,27.17
50,75,27.16
324,316,27.16
1672,1661,27.16
915,912,27.16
1759,1196,27.15
1680,1674,27.15
47,51,27.15
1714,1697,27.15
354,348,27.13
52,48,27.11
779,719,27.1
40,50,27.1
1677,1662,27.09
1331,1337,27.08
1082,1096,27.06
1690,1690,27.06
1718,1349,27.06
808,811,27.06
1673,1666,27.06
49,335,27.05
148,143,27.05
1184,1174,27.03
1181,1176,27.02
1718,1631,27.02
1674,1663,27.02
1689,1661,27.01
45,335,27.01
1280,1280,27.0
969,822,26.99
1672,1678,26.98
822,810,26.98
1777,1703,26.97
1095,1166,26.97
626,614,26.96
591,591,26.96
43,34,26.95
318,329,26.95
355,614,26.94
352,340,26.94
1343,1336,26.93
323,584,26.92
1446,1424,26.9
377,400,26.89
1696,1683,26.89
46,51,26.88
1099,1166,26.88
591,602,26.86
1761,1761,26.85
335,46,26.85
1025,918,26.84
1025,1027,26.83
1205,1208,26.82
1757,1207,26.82
1696,1668,26.81
1035,982,26.8
1040,1311,26.8
46,584,26.79
81,50,26.79
148,156,26.79
364,365,26.78
50,151,26.77
318,46,26.76
1336,1342,26.76
1210,1181,26.75
1495,264,26.75
145,156,26.74
1026,915,26.73
333,584,26.73
1652,1651,26.73
1702,1658,26.72
1271,1277,26.72
715,1191,26.71
1664,1673,26.71
51,48,26.69
51,50,26.69
151,140,26.68
342,130,26.68
43,318,26.66
1224,1181,26.65
1433,1426,26.65
715,719,26.65
1082,1106,26.64
1425,1420,26.64
39,306,26.63
341,324,26.63
330,40,26.63
1029,915,26.62
572,572,26.62
32,281,26.61
1038,982,26.61
1566,1026,26.61
1681,1670,26.61
1710,1689,26.61
47,342,26.6
1671,1676,26.6
351,358,26.6
165,156,26.59
397,397,26.58
1674,1710,26.58
918,915,26.58
1056,1068,26.58
1209,1205,26.57
351,355,26.57
1205,1224,26.57
1696,1671,26.56
1096,1096,26.56
336,46,26.56
341,323,26.56
1435,1263,26.55
1693,1686,26.55
346,341,26.55
1685,1658,26.55
608,608,26.55
333,340,26.54
1762,1763,26.53
1433,1433,26.53
1277,1278,26.53
1702,1700,26.52
1732,1651,26.52
1343,1343,26.52
1685,1662,26.52
786,811,26.52
81,132,26.51
312,306,26.5
1026,1566,26.5
329,48,26.5
81,53,26.48
614,611,26.48
1413,1408,26.48
797,841,26.46
1205,1166,26.44
390,137,26.43
136,140,26.43
764,771,26.42
1718,1324,26.42
841,825,26.42
1704,1691,26.42
1662,1776,26.41
341,353,26.41
141,145,26.41
336,340,26.4
858,858,26.39
47,34,26.37
1677,1681,26.37
352,358,26.37
341,333,26.36
1757,1143,26.36
36,43,26.36
1673,22,26.35
1337,1336,26.35
1150,521,26.34
335,334,26.34
1637,1585,26.32
1337,1347,26.32
346,347,26.31
139,140,26.31
1753,1537,26.31
39,33,26.31
1027,1016,26.31
1446,1429,26.3
1777,1681,26.29
390,400,26.29
1086,1757,26.29
1691,1686,26.28
1674,1666,26.26
312,323,26.24
1702,1668,26.23
1777,1682,26.23
318,50,26.23
49,340,26.23
130,365,26.23
1701,1694,26.22
323,336,26.22
263,259,26.2
1429,1426,26.2
130,51,26.2
49,330,26.19
1711,1681,26.18
353,354,26.18
32,41,26.18
1591,1597,26.17
1099,1109,26.17
1677,1694,26.17
611,614,26.17
45,330,26.16
1696,1700,26.16
1711,1674,26.16
34,306,26.15
335,49,26.15
1663,22,26.15
1591,1637,26.13
1568,1568,26.13
130,354,26.13
1733,1651,26.12
412,411,26.12
136,151,26.11
1095,1096,26.11
323,311,26.11
1670,1776,26.11
48,53,26.1
46,342,26.09
334,336,26.07
1759,1408,26.06
318,49,26.06
1402,1409,26.06
1113,1174,26.04
1676,22,26.04
1081,1085,26.03
47,318,26.03
323,335,26.02
47,44,26.02
104,49,26.02
1302,1036,26.0
159,156,26.0
982,973,26.0
333,334,25.99
281,281,25.99
138,143,25.97
1729,1729,25.96
318,38,25.96
301,584,25.95
82,137,25.95
153,151,25.94
1278,1263,25.94
318,336,25.93
1777,1674,25.93
136,141,25.92
40,49,25.91
811,786,25.89
1762,1760,25.89
1025,1016,25.89
51,53,25.89
1566,1568,25.89
758,584,25.88
143,139,25.87
402,143,25.87
1098,1166,25.86
39,44,25.86
1662,1664,25.85
1682,1686,25.84
764,770,25.84
413,411,25.83
1103,1102,25.82
1191,1150,25.82
110,104,25.82
1670,1677,25.82
324,34,25.81
822,825,25.8
148,132,25.8
839,1261,25.8
1739,1753,25.79
41,316,25.78
41,302,25.78
1709,1778,25.78
130,46,25.77
1196,1196,25.77
1718,1027,25.77
1696,1695,25.76
327,584,25.76
1718,1346,25.75
329,311,25.75
330,132,25.75
318,584,25.75
1311,1036,25.74
139,132,25.74
1210,1757,25.74
357,355,25.73
402,156,25.73
1277,1276,25.73
41,341,25.73
348,47,25.73
1688,1702,25.73
1029,1566,25.72
1,169,25.72
341,42,25.71
1766,1446,25.7
1106,1171,25.7
50,584,25.69
74,81,25.69
1085,1081,25.68
50,34,25.68
341,51,25.68
1587,1591,25.68
291,302,25.67
1677,1685,25.67
1723,1775,25.67
1443,1446,25.67
608,614,25.65
912,913,25.65
38,324,25.65
1191,1185,25.65
1631,1718,25.63
45,324,25.62
351,340,25.62
53,348,25.61
77,110,25.6
42,45,25.6
562,563,25.6
81,76,25.6
719,1191,25.59
350,355,25.59
368,369,25.59
1095,1106,25.58
1674,1664,25.58
771,761,25.58
47,36,25.57
324,47,25.57
1686,1667,25.56
43,137,25.56
1677,1678,25.56
1739,1732,25.56
323,316,25.55
1651,1732,25.55
40,47,25.55
32,36,25.55
1091,1162,25.54
1029,914,25.54
347,365,25.54
1661,1678,25.53
22,1671,25.52
584,566,25.52
339,333,25.52
1714,1696,25.51
1184,1224,25.51
908,915,25.49
1680,1696,25.49
858,864,25.49
1022,1019,25.48
1757,1168,25.48
38,318,25.47
359,132,25.46
1024,918,25.46
342,347,25.46
1663,1776,25.45
750,719,25.45
1182,1191,25.44
43,36,25.43
1205,1171,25.42
357,363,25.41
1043,1040,25.39
133,137,25.38
584,611,25.38
81,71,25.38
110,76,25.37
1029,1027,25.36
1585,1593,25.36
1076,1718,25.36
1019,912,25.35
1709,1697,25.34
43,329,25.34
1769,1770,25.33
330,32,25.33
1677,1673,25.33
719,729,25.32
1246,1181,25.31
712,712,25.31
1426,1429,25.31
1026,914,25.3
1763,1762,25.3
324,302,25.3
163,151,25.3
141,143,25.29
335,584,25.29
1103,1099,25.28
1658,1673,25.28
1099,1099,25.28
1094,1100,25.28
341,52,25.27
1710,1686,25.26
1085,1166,25.24
918,913,25.23
1246,1246,25.23
1402,1757,25.22
1591,1593,25.22
35,32,25.22
1677,1696,25.21
82,53,25.21
297,303,25.21
1747,1755,25.2
1763,1480,25.2
1025,1026,25.19
1702,1683,25.19
1025,1023,25.19
1098,1162,25.19
1591,1585,25.19
323,32,25.17
1181,1205,25.17
43,44,25.17
36,318,25.16
312,305,25.16
1747,1714,25.15
1235,1205,25.14
1424,1446,25.12
1272,1277,25.11
1166,1106,25.11
1674,1677,25.1
37,42,25.1
1433,1425,25.1
822,771,25.09
335,340,25.09
1678,1676,25.08
1328,1718,25.08
1689,1711,25.07
402,408,25.07
105,110,25.06
757,771,25.06
1702,1677,25.04
1273,1263,25.03
53,336,25.03
667,667,25.03
348,41,25.02
81,137,25.02
1191,1192,25.01
1712,1776,25.01
1652,1732,25.0
53,51,25.0
1185,1181,25.0
329,32,24.99
1778,1701,24.97
1152,521,24.96
1691,1704,24.95
591,614,24.95
1681,1701,24.95
131,130,24.94
47,82,24.94
1668,1661,24.94
368,367,24.94
1478,1763,24.94
767,771,24.93
1681,1657,24.92
367,367,24.92
841,794,24.92
1223,1252,24.91
333,339,24.9
46,318,24.89
1720,1718,24.89
908,908,24.88
38,32,24.88
402,390,24.88
140,141,24.87
324,37,24.86
1747,1752,24.83
1581,1593,24.83
352,132,24.82
50,71,24.81
1673,1703,24.8
1671,1696,24.79
1759,1205,24.78
1701,1703,24.78
37,40,24.78
263,513,24.77
1687,1671,24.77
584,591,24.76
151,163,24.75
345,346,24.74
519,519,24.74
324,36,24.73
348,365,24.73
65,65,24.72
347,354,24.71
110,78,24.71
1169,1100,24.7
1175,1182,24.7
1634,1637,24.69
584,601,24.69
36,50,24.69
797,584,24.68
1674,1703,24.67
324,317,24.67
348,353,24.66
982,1040,24.66
263,258,24.65
882,584,24.65
1025,1022,24.65
49,40,24.65
261,261,24.64
81,65,24.64
147,396,24.63
1273,839,24.63
1191,1182,24.63
32,299,24.62
48,41,24.61
341,43,24.61
1701,1681,24.61
82,50,24.61
970,584,24.6
1672,1662,24.59
1718,1024,24.59
130,137,24.59
1756,1756,24.58
792,719,24.58
398,392,24.58
1098,1106,24.58
839,1272,24.58
915,916,24.56
343,343,24.56
1637,1594,24.55
1670,1686,24.55
34,302,24.54
335,330,24.54
378,372,24.54
39,305,24.53
351,345,24.53
1684,1686,24.52
1686,1675,24.51
709,475,24.51
430,424,24.5
1757,524,24.49
1663,1669,24.49
1777,1710,24.49
811,805,24.49
771,767,24.49
775,719,24.48
145,141,24.48
1661,1656,24.47
1597,1637,24.45
314,584,24.44
1709,1714,24.44
912,915,24.43
39,130,24.43
521,1150,24.43
1678,1702,24.43
36,324,24.42
822,584,24.42
140,140,24.42
1106,1108,24.42
49,324,24.41
1191,729,24.41
1181,1178,24.41
343,614,24.4
1662,1673,24.4
1700,1710,24.4
41,130,24.4
1024,1021,24.4
35,34,24.38
1675,1662,24.38
1582,1591,24.38
1102,1106,24.37
341,365,24.37
1096,1162,24.37
1732,1718,24.36
43,335,24.36
1700,1700,24.36
377,134,24.35
348,110,24.35
1775,1723,24.34
336,329,24.33
130,341,24.33
697,700,24.32
339,334,24.3
1674,1657,24.3
140,151,24.3
1736,1731,24.29
335,48,24.29
1669,1675,24.29
50,141,24.28
1677,1670,24.28
791,794,24.28
408,400,24.27
1564,1027,24.26
130,336,24.25
37,324,24.25
358,365,24.25
1301,1303,24.25
41,317,24.24
150,137,24.24
377,358,24.24
39,341,24.24
1103,1098,24.24
357,352,24.22
1660,1661,24.22
1026,1014,24.21
136,110,24.21
1679,1671,24.18
1696,1661,24.18
53,109,24.17
42,329,24.16
1757,1150,24.16
709,707,24.16
371,372,24.15
1111,1106,24.15
117,132,24.15
263,1753,24.13
335,41,24.13
356,356,24.13
1689,1694,24.12
351,356,24.12
1757,1235,24.12
1681,1664,24.12
1301,1312,24.11
1675,1675,24.11
33,37,24.11
523,521,24.11
1658,1674,24.11
346,348,24.1
306,34,24.1
1678,1664,24.1
47,323,24.09
1757,1408,24.09
130,352,24.09
133,372,24.08
334,335,24.08
1705,1702,24.07
1100,1091,24.07
145,132,24.06
1099,1102,24.06
808,797,24.06
390,402,24.05
47,334,24.04
51,348,24.04
913,912,24.04
158,132,24.03
33,36,24.03
151,50,24.03
1261,1277,24.03
48,42,24.03
1046,1040,24.02
336,334,24.02
355,356,24.02
364,358,24.01
50,329,24.01
46,340,24.01
37,318,24.01
78,110,24.0
1702,1687,24.0
1566,1718,23.99
1679,1696,23.99
354,352,23.98
1210,1210,23.98
1677,1669,23.98
1105,1174,23.97
1020,1024,23.97
329,53,23.96
822,821,23.95
136,143,23.95
1098,1171,23.93
811,749,23.92
347,46,23.92
1193,1205,23.91
1224,719,23.91
1343,1342,23.91
1672,1686,23.91
628,614,23.9
330,45,23.9
335,50,23.89
1181,1171,23.89
4,1658,23.88
1095,1174,23.88
1674,1690,23.88
1658,1776,23.88
81,77,23.87
291,291,23.85
1677,1663,23.85
140,143,23.83
74,75,23.82
341,354,23.8
34,305,23.8
1337,1331,23.79
774,794,23.79
406,400,23.79
1081,1081,23.78
1686,1692,23.78
34,43,23.78
340,584,23.78
1667,1682,23.78
1757,1200,23.77
342,51,23.76
49,37,23.76
49,584,23.75
1703,1697,23.75
316,316,23.74
1688,1689,23.74
134,132,23.74
719,584,23.73
1206,1181,23.73
1659,1658,23.73
377,130,23.72
1707,1702,23.71
1670,1676,23.71
362,132,23.7
1634,1631,23.7
933,1019,23.7
1712,1714,23.69
43,323,23.69
318,305,23.69
165,151,23.69
110,365,23.68
571,571,23.68
153,143,23.68
1408,1419,23.68
1342,1337,23.67
1259,839,23.66
46,334,23.65
1426,1433,23.65
333,341,23.65
1757,1124,23.64
347,335,23.64
1692,1686,23.64
1662,1677,23.63
1246,1224,23.63
1025,915,23.63
1681,1666,23.62
1637,1609,23.61
764,766,23.61
65,81,23.61
342,47,23.6
339,344,23.6
1096,1166,23.6
1106,1162,23.59
1068,1065,23.59
323,302,23.59
1678,1687,23.59
1099,1162,23.58
1661,1670,23.58
352,353,23.58
1681,1694,23.58
71,81,23.58
50,318,23.57
136,156,23.57
339,345,23.57
596,584,23.57
584,613,23.56
357,365,23.55
329,40,23.54
970,794,23.54
328,584,23.54
155,137,23.54
1681,22,23.54
50,36,23.54
47,340,23.53
1109,1108,23.53
970,969,23.53
1661,1677,23.53
297,297,23.52
697,427,23.52
50,347,23.51
1700,1701,23.51
1663,1673,23.51
377,370,23.51
398,400,23.5
377,375,23.5
783,719,23.49
1191,786,23.49
42,53,23.49
357,356,23.49
1690,1668,23.48
133,133,23.48
1,156,23.48
163,163,23.48
1673,1690,23.48
1205,1207,23.47
1696,1679,23.47
32,300,23.47
1301,1299,23.47
151,167,23.47
1685,1671,23.47
351,357,23.46
50,65,23.45
1718,1065,23.44
42,318,23.44
1311,1337,23.44
1162,1106,23.43
42,335,23.42
347,51,23.42
908,1019,23.42
1040,1046,23.42
1179,1182,23.41
174,156,23.41
1679,1686,23.41
418,412,23.41
147,139,23.41
1662,1686,23.4
342,346,23.4
1311,1300,23.4
33,39,23.4
76,81,23.39
363,365,23.39
1236,1205,23.39
1718,1330,23.39
330,334,23.38
1456,1424,23.38
110,151,23.38
1687,1701,23.37
1682,1680,23.37
336,342,23.37
328,329,23.37
806,811,23.36
41,348,23.36
1776,1684,23.35
40,318,23.34
970,822,23.34
792,792,23.34
1761,1759,23.33
402,151,23.32
153,132,23.32
1661,1669,23.32
1017,1016,23.32
1586,1591,23.32
750,584,23.32
1670,1661,23.31
46,323,23.31
982,1301,23.31
1757,1224,23.3
350,132,23.3
285,285,23.3
169,151,23.3
1171,1098,23.29
1027,1017,23.28
1082,1166,23.28
367,355,23.28
1564,1718,23.27
77,81,23.27
333,333,23.26
313,584,23.26
1685,1670,23.26
1205,1246,23.26
342,335,23.26
1103,1166,23.25
1330,1337,23.25
51,52,23.25
581,584,23.24
330,53,23.24
32,302,23.24
1099,1096,23.24
344,584,23.24
1085,1109,23.23
1402,1408,23.23
81,74,23.23
1106,1098,23.22
908,914,23.22
337,614,23.22
39,35,23.22
1002,1002,23.21
1673,1688,23.21
1718,1344,23.21
393,400,23.2
342,41,23.2
50,365,23.2
1103,1171,23.18
1161,1757,23.17
1710,1673,23.17
323,42,23.17
1764,1478,23.16
75,76,23.14
1674,1660,23.14
53,75,23.14
1191,716,23.14
338,584,23.13
970,864,23.12
1772,1767,23.12
986,986,23.11
1686,1672,23.11
592,587,23.11
1347,1348,23.11
1777,1668,23.11
329,321,23.11
396,143,23.09
1084,1100,23.09
716,719,23.09
811,584,23.08
46,34,23.08
970,855,23.07
1657,1776,23.07
1753,1732,23.06
1307,1306,23.06
523,523,23.06
348,131,23.05
723,719,23.05
1311,1318,23.05
48,52,23.05
1753,1714,23.05
1662,1674,23.05
1686,1693,23.04
1191,1224,23.04
624,584,23.03
1026,1017,23.02
737,786,23.02
1096,1109,23.01
76,82,23.0
1686,1679,22.99
351,353,22.99
1685,22,22.99
729,719,22.99
318,47,22.98
408,402,22.98
1085,1174,22.98
377,131,22.98
1276,1263,22.98
1677,22,22.98
716,1191,22.98
22,1675,22.97
49,81,22.97
335,42,22.97
138,137,22.97
324,48,22.95
130,41,22.95
323,317,22.95
41,137,22.94
1191,584,22.93
719,792,22.93
75,71,22.93
365,372,22.92
136,81,22.92
47,81,22.92
110,59,22.92
353,53,22.92
321,584,22.91
334,584,22.91
130,47,22.91
1710,1667,22.91
39,348,22.9
40,37,22.9
1761,1446,22.89
336,584,22.89
1678,1657,22.89
51,130,22.88
1757,1152,22.87
53,42,22.87
131,110,22.86
628,355,22.86
1261,1264,22.86
586,584,22.86
1677,1674,22.85
330,328,22.85
719,811,22.85
175,156,22.85
339,352,22.84
336,47,22.84
1210,1205,22.84
1687,1682,22.83
151,110,22.83
159,151,22.83
51,51,22.83
336,41,22.83
340,48,22.82
4,4,22.81
49,82,22.81
1697,1701,22.8
46,36,22.79
378,137,22.79
1672,1663,22.79
1495,1747,22.79
346,132,22.79
339,337,22.79
771,762,22.78
1697,1686,22.78
1105,1109,22.78
1676,1675,22.77
1673,1694,22.76
764,584,22.76
37,53,22.76
1456,1429,22.76
33,300,22.76
312,316,22.75
1687,1667,22.75
1165,1757,22.74
805,811,22.74
342,52,22.74
329,312,22.73
351,614,22.73
1157,1757,22.73
263,505,22.73
1278,1272,22.72
109,109,22.72
1219,1174,22.72
1013,1016,22.72
625,614,22.72
48,51,22.71
328,334,22.71
346,345,22.71
1663,1677,22.7
1697,1658,22.7
1776,1700,22.7
302,303,22.69
598,602,22.69
1082,1109,22.69
913,918,22.68
1025,1020,22.68
1694,1658,22.67
1711,1689,22.67
390,377,22.67
34,50,22.67
323,312,22.67
1027,1071,22.67
1744,1753,22.67
634,614,22.66
353,49,22.66
52,130,22.65
341,302,22.65
1278,1261,22.64
363,363,22.64
1566,1565,22.63
377,384,22.63
348,335,22.63
1162,1098,22.62
351,339,22.62
1686,1682,22.62
341,39,22.62
792,786,22.62
136,53,22.61
1277,1271,22.61
365,352,22.61
147,137,22.6
1700,1776,22.6
1702,1690,22.6
136,50,22.59
1652,1652,22.59
1681,1660,22.59
1013,1017,22.58
50,44,22.58
52,43,22.57
1678,1689,22.57
353,50,22.57
37,33,22.56
1757,1192,22.56
45,52,22.56
1433,1252,22.56
602,608,22.55
76,110,22.55
591,590,22.55
1435,1426,22.54
1191,1190,22.54
1691,1778,22.54
35,37,22.53
354,365,22.53
350,356,22.52
330,312,22.52
1478,1477,22.51
141,136,22.5
1710,1691,22.5
390,156,22.49
45,341,22.49
33,41,22.49
1757,1165,22.49
110,139,22.48
340,335,22.48
1438,1438,22.47
48,341,22.47
169,1,22.47
736,521,22.47
1106,1166,22.46
1338,1068,22.46
104,52,22.46
584,560,22.45
1101,1174,22.45
1660,1657,22.45
1022,1017,22.45
338,344,22.44
1169,1166,22.44
110,51,22.44
1687,1679,22.44
1685,1694,22.43
1771,1301,22.43
524,524,22.43
1185,1185,22.42
45,40,22.42
1236,1757,22.42
39,299,22.41
341,110,22.41
39,303,22.39
750,786,22.39
1566,1027,22.39
1019,1016,22.37
335,47,22.37
390,151,22.37
318,335,22.37
916,915,22.37
1024,1026,22.37
1095,1098,22.36
1040,1306,22.36
1344,1337,22.35
1025,914,22.35
749,811,22.35
352,365,22.35
1673,1676,22.35
1029,1025,22.34
1343,1331,22.34
1480,1767,22.34
1687,1710,22.33
340,49,22.33
75,65,22.33
1591,1609,22.32
1335,1718,22.32
1188,1185,22.31
1689,1662,22.31
36,46,22.31
942,918,22.3
34,324,22.3
1446,1480,22.29
571,771,22.28
1024,1023,22.28
356,358,22.27
329,317,22.27
1311,1324,22.27
377,389,22.26
841,970,22.26
1024,1053,22.26
110,136,22.26
771,571,22.26
1025,1068,22.26
151,144,22.25
109,49,22.25
377,53,22.25
985,990,22.25
609,584,22.24
346,353,22.24
1029,1024,22.24
1683,1703,22.24
1068,1024,22.24
48,342,22.24
347,584,22.23
427,694,22.23
1687,1661,22.22
776,794,22.22
1178,1178,22.21
347,52,22.21
1024,1071,22.21
1684,1685,22.2
822,797,22.2
338,340,22.2
1330,1336,22.19
75,77,22.19
973,982,22.19
158,156,22.18
351,351,22.18
1657,1671,22.17
148,139,22.16
725,719,22.15
1714,1674,22.15
757,766,22.15
1025,1065,22.15
151,136,22.14
40,32,22.14
1671,1675,22.13
377,396,22.13
141,50,22.13
1106,1099,22.12
1710,1694,22.11
1040,1043,22.11
336,42,22.11
1099,1171,22.11
339,132,22.11
324,341,22.11
36,311,22.11
49,131,22.1
110,336,22.1
410,410,22.1
1747,263,22.09
1027,918,22.09
75,50,22.09
151,149,22.09
110,348,22.09
34,311,22.08
48,110,22.08
1759,1761,22.08
355,584,22.08
1581,1594,22.07
857,771,22.07
1717,1717,22.06
631,584,22.06
1663,1674,22.06
610,602,22.06
1210,1174,22.06
757,762,22.06
133,139,22.05
345,340,22.05
323,43,22.04
148,137,22.03
36,33,22.03
1694,1700,22.03
328,328,22.03
1634,1582,22.01
878,878,22.01
1711,1747,22.01
786,792,22.01
335,324,22.0
329,348,21.99
1263,1272,21.99
38,312,21.98
619,584,21.98
1757,1185,21.98
34,318,21.98
167,173,21.97
1676,1684,21.97
365,131,21.97
41,306,21.97
130,342,21.97
295,302,21.96
77,82,21.96
1683,1710,21.96
139,151,21.96
1082,1174,21.95
1674,1679,21.95
330,311,21.94
1694,1701,21.94
368,355,21.94
1428,1425,21.94
1337,1342,21.94
616,584,21.94
365,371,21.94
1392,1392,21.94
377,140,21.94
709,697,21.93
1686,1664,21.92
375,132,21.92
584,301,21.92
365,360,21.91
1425,1446,21.9
377,156,21.9
348,43,21.9
1644,1732,21.9
302,296,21.9
1660,1663,21.89
631,918,21.89
1024,915,21.89
324,38,21.89
519,263,21.89
1686,1680,21.89
354,50,21.89
165,132,21.88
312,584,21.88
1671,1685,21.88
1664,1670,21.88
351,365,21.88
1696,1685,21.87
1343,1068,21.87
358,352,21.87
613,611,21.86
336,330,21.86
75,53,21.85
1678,1675,21.85
336,348,21.85
1757,1093,21.85
144,151,21.84
1664,1669,21.84
1024,1022,21.84
291,285,21.84
986,982,21.83
1175,1175,21.82
371,378,21.81
764,970,21.81
371,377,21.8
1582,1634,21.8
353,336,21.8
140,156,21.8
970,770,21.79
346,358,21.79
110,141,21.79
52,51,21.79
1702,1688,21.79
985,970,21.79
630,630,21.78
339,336,21.78
614,608,21.77
363,358,21.77
335,323,21.77
1663,1686,21.77
1652,1733,21.76
81,131,21.76
139,141,21.76
53,131,21.76
50,139,21.75
396,390,21.74
351,363,21.74
1675,1658,21.74
291,32,21.74
37,302,21.73
1336,1331,21.73
1689,1679,21.72
173,156,21.72
324,132,21.72
39,300,21.71
71,82,21.71
1672,1696,21.71
1714,1681,21.71
36,302,21.7
351,130,21.7
151,53,21.7
841,584,21.69
1342,1336,21.69
377,50,21.69
348,584,21.68
354,341,21.68
299,302,21.68
151,169,21.68
584,770,21.67
1585,1637,21.67
82,71,21.66
167,174,21.66
1696,1778,21.66
1679,1672,21.66
1696,1672,21.65
1189,1188,21.65
52,81,21.65
297,32,21.65
312,317,21.64
1687,1691,21.64
81,49,21.63
736,544,21.63
341,327,21.62
1277,1280,21.62
137,141,21.62
700,697,21.62
335,328,21.62
1598,1593,21.61
355,343,21.61
1027,1566,21.61
1106,1105,21.6
1687,1680,21.6
347,334,21.6
45,329,21.6
1689,1672,21.59
347,358,21.59
328,336,21.59
1702,1680,21.58
51,336,21.58
1694,1776,21.58
76,75,21.58
41,305,21.56
1331,1347,21.56
1760,1762,21.56
1280,1277,21.56
736,719,21.55
407,400,21.55
794,792,21.55
1685,1675,21.55
1176,1181,21.54
144,137,21.54
411,413,21.54
50,136,21.54
354,49,21.53
1695,1702,21.52
354,53,21.52
1026,1068,21.52
317,311,21.52
48,340,21.52
1681,1676,21.51
1671,1694,21.5
133,365,21.49
356,614,21.49
1103,1096,21.48
1734,1734,21.48
1182,1185,21.48
50,323,21.48
1046,1046,21.48
169,163,21.47
51,46,21.47
1495,260,21.47
136,82,21.47
329,327,21.46
105,50,21.46
34,300,21.46
1025,1014,21.46
1046,1068,21.46
1108,1108,21.45
1593,1587,21.45
174,151,21.45
41,342,21.44
1273,1278,21.44
36,42,21.44
346,336,21.43
1710,1682,21.43
1205,1162,21.43
918,1019,21.43
163,169,21.42
576,302,21.42
1689,1669,21.41
341,358,21.41
60,110,21.41
841,1277,21.41
130,347,21.4
50,346,21.4
1686,1691,21.39
1676,1663,21.38
1669,1663,21.38
584,762,21.38
1686,1657,21.38
1757,1189,21.38
34,35,21.37
130,353,21.37
159,132,21.37
330,340,21.37
167,169,21.37
317,318,21.37
797,810,21.36
612,584,21.36
328,335,21.36
312,299,21.36
65,75,21.35
264,262,21.35
1678,1660,21.35
1688,1673,21.35
1566,918,21.34
1334,1718,21.34
1102,1174,21.34
521,1152,21.34
375,369,21.33
1096,1082,21.33
1171,1181,21.33
130,372,21.33
350,614,21.33
312,43,21.32
317,324,21.32
408,132,21.31
36,47,21.3
223,1669,21.3
37,306,21.3
48,43,21.3
1734,1731,21.3
47,131,21.3
378,139,21.29
1106,1103,21.29
1331,1336,21.29
377,374,21.29
40,330,21.29
1087,1100,21.29
33,299,21.28
1025,1029,21.28
354,347,21.28
801,794,21.27
1278,1278,21.27
43,584,21.27
1670,1673,21.27
397,392,21.27
52,41,21.26
51,110,21.26
158,143,21.26
341,345,21.25
1757,1116,21.25
1301,982,21.25
1480,1446,21.25
34,299,21.24
44,43,21.23
1035,1301,21.22
595,584,21.22
1446,1413,21.22
1565,1566,21.21
1106,1102,21.21
1435,1429,21.21
1700,1677,21.21
208,208,21.21
46,44,21.2
764,764,21.19
1568,1566,21.19
46,82,21.19
1709,1747,21.19
37,311,21.18
1271,1263,21.18
367,633,21.18
771,857,21.18
708,705,21.17
520,521,21.16
36,40,21.16
338,339,21.15
584,882,21.15
1757,1180,21.15
1672,1679,21.15
1276,1276,21.15
109,132,21.15
36,306,21.14
348,42,21.13
334,328,21.13
607,614,21.12
839,797,21.12
757,811,21.12
563,302,21.11
1457,1446,21.11
1664,1681,21.11
38,36,21.11
372,372,21.1
1160,1757,21.1
1686,258,21.1
333,332,21.1
299,305,21.09
75,74,21.09
770,584,21.09
43,130,21.08
1676,1678,21.08
1717,1723,21.08
1095,1095,21.08
762,766,21.07
1664,1686,21.07
344,340,21.06
1757,1230,21.06
1701,1674,21.06
1759,1235,21.06
1185,1191,21.05
1709,1677,21.05
808,794,21.05
147,390,21.05
1235,1757,21.05
130,358,21.05
1682,1671,21.05
342,584,21.05
137,151,21.05
1644,1644,21.05
709,700,21.05
340,50,21.04
306,312,21.04
367,132,21.03
144,139,21.03
52,348,21.03
340,348,21.03
1678,1680,21.03
1100,1085,21.03
1581,1591,21.03
110,42,21.02
1338,1336,21.02
377,388,21.02
1687,1672,21.01
38,34,21.01
43,348,21.01
614,620,21.01
719,776,21.0
574,584,21.0
1095,1099,20.99
1711,1686,20.99
1095,1091,20.99
49,347,20.99
1013,1013,20.98
418,424,20.98
758,762,20.98
839,1280,20.98
361,132,20.97
110,60,20.97
377,136,20.97
1096,1099,20.97
354,353,20.97
1208,1205,20.97
339,338,20.96
1732,1591,20.96
1419,1420,20.96
566,566,20.96
330,34,20.96
1657,1664,20.95
41,51,20.95
43,341,20.95
49,329,20.95
341,45,20.94
48,132,20.94
1040,1002,20.94
1757,1113,20.94
317,323,20.94
48,348,20.94
43,312,20.93
749,750,20.93
149,151,20.93
377,138,20.92
1709,1681,20.92
584,586,20.92
41,334,20.92
794,771,20.91
1085,1091,20.91
318,306,20.91
329,322,20.91
839,1301,20.91
45,130,20.9
351,341,20.9
377,151,20.9
776,811,20.9
1702,1705,20.9
1101,1106,20.89
175,169,20.89
1587,1594,20.89
1100,1101,20.89
105,53,20.89
81,78,20.88
329,45,20.88
1096,1174,20.87
1013,915,20.87
142,143,20.87
368,633,20.87
811,719,20.87
619,614,20.86
1190,1188,20.86
41,33,20.86
841,1261,20.85
740,719,20.85
1763,1486,20.85
37,35,20.85
1409,1419,20.84
723,729,20.84
598,587,20.84
131,365,20.84
395,400,20.84
343,355,20.83
1753,1736,20.83
1205,1182,20.83
173,167,20.83
1181,1216,20.83
1678,1694,20.82
1664,1667,20.82
764,811,20.82
1495,1495,20.82
340,342,20.81
1661,22,20.81
340,347,20.81
81,52,20.81
151,161,20.81
522,521,20.8
133,377,20.79
296,296,20.79
24,22,20.79
125,132,20.78
342,42,20.78
839,841,20.78
1657,1669,20.78
50,334,20.78
1669,1776,20.77
173,174,20.77
1685,1696,20.77
1658,1670,20.77
1691,1680,20.76
1701,1709,20.76
341,332,20.76
1746,1746,20.75
47,312,20.75
46,81,20.75
1019,908,20.75
1040,990,20.75
1674,1669,20.75
162,156,20.74
1103,1162,20.74
1564,1024,20.74
572,771,20.73
333,327,20.73
401,402,20.72
427,697,20.72
584,573,20.72
1766,1766,20.71
167,168,20.71
1687,1688,20.71
1014,1019,20.7
329,342,20.7
811,810,20.69
140,136,20.69
1259,794,20.69
1682,1678,20.69
41,44,20.68
1677,1661,20.68
377,141,20.68
1657,1674,20.67
348,358,20.67
761,770,20.67
345,352,20.67
1680,1667,20.67
77,75,20.67
990,986,20.66
81,69,20.66
362,355,20.66
1264,1261,20.65
1777,1689,20.65
1778,1668,20.65
1661,1672,20.65
1019,1029,20.64
1676,1681,20.64
1772,1770,20.64
786,749,20.64
32,282,20.64
1419,1408,20.64
147,400,20.63
634,633,20.63
1486,1457,20.63
624,614,20.63
797,1261,20.63
42,37,20.62
351,584,20.62
1688,1674,20.62
1678,1682,20.62
318,303,20.61
366,365,20.61
378,133,20.61
634,355,20.61
1709,1700,20.61
392,397,20.61
53,341,20.6
378,365,20.6
1631,1634,20.6
584,563,20.59
1733,1729,20.59
433,427,20.59
312,38,20.58
1686,1709,20.58
38,37,20.58
376,369,20.58
141,110,20.58
632,633,20.58
368,374,20.57
1770,1486,20.57
1696,1662,20.57
130,82,20.57
1432,1261,20.57
811,804,20.56
165,143,20.56
584,761,20.56
1599,1593,20.55
1690,1710,20.54
52,336,20.54
317,41,20.54
351,344,20.54
1759,1446,20.53
1329,1718,20.53
631,912,20.53
1019,920,20.53
1678,1685,20.52
45,318,20.52
1282,839,20.52
401,132,20.52
1181,521,20.51
1690,1703,20.51
262,264,20.51
1024,914,20.51
779,811,20.51
1433,1435,20.51
49,32,20.5
141,53,20.5
37,305,20.49
369,375,20.49
1703,1696,20.49
131,81,20.49
71,75,20.48
53,45,20.48
1651,1733,20.48
1259,829,20.48
21,22,20.48
580,584,20.47
312,42,20.47
263,255,20.47
312,303,20.47
1652,1736,20.47
1747,1511,20.46
1337,1343,20.46
39,51,20.46
822,719,20.46
841,810,20.46
1729,1731,20.46
48,45,20.46
47,347,20.45
330,348,20.45
156,137,20.45
1109,1111,20.45
39,342,20.44
1671,1679,20.44
323,46,20.43
358,132,20.43
1477,1478,20.42
776,776,20.42
697,433,20.41
1688,1686,20.41
1732,1735,20.41
1019,1022,20.41
347,41,20.4
312,50,20.4
562,587,20.39
1736,1651,20.39
377,366,20.39
1035,1040,20.39
65,82,20.38
1718,1338,20.38
344,346,20.38
339,332,20.38
1079,1085,20.38
1587,1587,20.37
1709,1705,20.37
1020,1016,20.37
84,81,20.36
566,572,20.36
1019,1023,20.35
1672,1677,20.35
82,76,20.34
1301,1307,20.34
758,771,20.34
1402,1235,20.34
348,334,20.33
1040,1312,20.33
147,142,20.32
794,804,20.31
1677,1702,20.31
338,337,20.31
50,354,20.3
45,584,20.29
1099,1103,20.29
167,137,20.29
822,770,20.29
705,706,20.29
631,630,20.29
1026,1016,20.28
1718,1339,20.28
1682,1661,20.28
355,628,20.28
1109,1166,20.27
1658,1681,20.26
318,48,20.26
544,719,20.26
323,341,20.26
1683,1686,20.25
804,811,20.25
39,82,20.25
353,131,20.24
1191,1184,20.24
709,481,20.24
36,305,20.24
133,143,20.24
1035,1035,20.24
1675,1670,20.24
303,297,20.23
137,110,20.23
311,302,20.23
714,719,20.22
316,311,20.22
376,376,20.21
1592,1593,20.21
1679,1679,20.21
1679,1667,20.21
738,719,20.21
1777,1778,20.21
1701,1711,20.2
150,132,20.2
336,53,20.2
41,340,20.2
152,143,20.19
839,1276,20.19
330,316,20.19
570,584,20.19
293,32,20.18
342,110,20.18
39,334,20.17
1273,1272,20.17
1694,1710,20.16
1704,1696,20.16
303,584,20.16
1024,1051,20.16
806,841,20.16
48,335,20.16
42,323,20.15
330,302,20.15
82,77,20.15
565,584,20.14
312,300,20.14
427,433,20.13
346,339,20.13
1181,1100,20.13
390,388,20.12
1307,1311,20.12
147,402,20.12
1109,1171,20.12
1252,719,20.11
1181,786,20.11
763,771,20.11
45,348,20.11
377,352,20.1
970,858,20.1
1656,1656,20.1
32,294,20.09
1258,1261,20.09
1662,1656,20.09
42,132,20.09
1742,1747,20.08
1566,1572,20.08
347,47,20.08
355,132,20.08
158,400,20.08
723,723,20.08
1027,1023,20.07
333,336,20.07
396,402,20.07
611,599,20.07
173,173,20.07
1019,916,20.07
34,46,20.07
45,110,20.07
1246,1223,20.07
1757,719,20.06
139,138,20.06
376,377,20.06
323,40,20.06
40,48,20.06
733,719,20.06
152,132,20.06
378,143,20.06
173,151,20.05
1675,1686,20.05
708,707,20.05
22,1663,20.05
357,357,20.04
317,39,20.03
1272,1263,20.03
908,918,20.03
825,825,20.03
1504,1747,20.03
324,305,20.03
792,794,20.03
130,81,20.03
323,50,20.02
344,337,20.02
1109,1098,20.01
475,475,20.01
1016,1017,20.01
1670,1678,20.01
1662,1675,20.01
829,719,20.01
603,584,20.0
1689,1778,20.0
1723,1716,20.0
1674,1670,19.99
365,364,19.99
329,333,19.98
52,39,19.98
1672,1670,19.98
863,864,19.97
153,137,19.97
341,344,19.97
1686,1688,19.97
346,365,19.96
719,732,19.96
811,970,19.96
50,352,19.96
32,312,19.96
323,49,19.96
424,424,19.94
776,778,19.94
390,384,19.94
35,39,19.94
430,412,19.94
45,342,19.94
1435,1255,19.93
36,49,19.93
1718,1074,19.93
1419,1426,19.93
1426,1435,19.92
1332,1718,19.92
158,151,19.92
347,339,19.92
356,357,19.92
159,143,19.91
235,22,19.91
317,316,19.9
1591,1594,19.9
40,36,19.9
1682,1677,19.9
1191,715,19.9
1263,839,19.9
783,786,19.9
343,584,19.89
161,167,19.89
1716,1723,19.89
1409,1205,19.89
1486,1478,19.89
263,250,19.88
1,151,19.88
347,345,19.88
49,346,19.88
329,346,19.88
779,829,19.87
1169,1205,19.87
346,584,19.86
151,396,19.86
370,365,19.86
346,344,19.84
1640,1640,19.84
1599,1591,19.84
1668,1671,19.83
342,43,19.83
413,424,19.83
365,363,19.83
82,65,19.82
53,342,19.82
147,147,19.82
50,76,19.82
1696,1676,19.81
1670,1660,19.81
305,302,19.81
42,32,19.81
1766,1486,19.81
1024,1029,19.8
335,132,19.79
174,173,19.79
259,259,19.79
1673,1701,19.79
1763,1764,19.78
757,750,19.78
1701,1689,19.77
1024,1014,19.77
1312,1040,19.77
1082,1091,19.77
841,1263,19.77
1205,1169,19.76
1740,1753,19.76
311,305,19.75
1282,1277,19.75
334,329,19.75
363,355,19.75
1181,1180,19.74
1714,1703,19.74
1435,1432,19.74
1764,1763,19.74
611,882,19.74
1681,1711,19.73
351,348,19.73
292,302,19.72
341,318,19.72
1219,1219,19.72
1255,1255,19.72
1191,723,19.71
810,794,19.71
1670,1675,19.71
749,786,19.71
130,43,19.7
811,750,19.7
50,312,19.7
811,771,19.7
151,168,19.7
2,1,19.69
779,797,19.69
1240,1240,19.69
430,430,19.69
346,334,19.69
1234,1757,19.69
1029,1023,19.69
330,37,19.69
1096,1095,19.68
1219,1182,19.68
1013,914,19.68
325,598,19.68
936,918,19.68
1711,1691,19.68
41,328,19.68
882,864,19.67
1175,1757,19.67
46,347,19.67
165,165,19.67
1022,1022,19.67
1273,1259,19.67
137,136,19.67
1672,1669,19.66
637,637,19.65
1718,1301,19.65
1709,1674,19.65
1399,1446,19.65
337,602,19.65
377,383,19.64
591,325,19.64
1678,1697,19.64
1651,1652,19.64
562,562,19.64
1680,1680,19.63
632,631,19.63
774,774,19.62
1312,1036,19.62
1681,1685,19.62
78,81,19.61
354,336,19.61
794,970,19.61
631,614,19.61
324,45,19.6
9,1658,19.6
1013,1014,19.6
1035,973,19.6
1219,1224,19.6
1029,912,19.6
1182,1757,19.59
864,857,19.59
766,864,19.59
1429,1435,19.59
1224,1188,19.59
109,81,19.59
1594,1609,19.59
524,521,19.59
324,53,19.58
1739,1736,19.58
1026,1718,19.57
776,1191,19.57
109,52,19.56
1675,1776,19.56
1640,1637,19.56
1593,1609,19.56
32,305,19.56
151,174,19.56
356,363,19.55
46,131,19.55
1658,1686,19.55
584,858,19.55
81,84,19.54
1205,1188,19.54
161,137,19.54
1192,1192,19.53
604,598,19.53
822,764,19.53
344,614,19.52
1435,1433,19.52
223,1662,19.52
841,969,19.52
50,372,19.52
1013,918,19.52
857,864,19.51
1775,1347,19.51
348,39,19.51
1106,1096,19.51
297,291,19.51
136,378,19.5
986,990,19.5
139,136,19.5
481,481,19.5
312,40,19.49
1085,1098,19.49
1703,1776,19.49
42,584,19.49
347,110,19.49
1686,1660,19.49
649,918,19.49
1757,1219,19.49
297,296,19.48
584,719,19.48
47,151,19.48
1762,1478,19.48
722,719,19.48
1634,1593,19.47
340,344,19.47
1027,1337,19.47
341,131,19.47
1685,1702,19.47
1026,912,19.46
918,931,19.46
165,167,19.46
39,340,19.46
982,1036,19.46
40,336,19.46
1676,1673,19.45
1017,1022,19.45
335,43,19.45
149,156,19.45
1314,1314,19.44
1689,1663,19.44
110,56,19.44
1670,1657,19.44
2,1658,19.44
970,766,19.44
1767,1446,19.43
1668,1710,19.43
377,379,19.43
1182,1179,19.43
1100,1108,19.43
1662,1676,19.43
1190,1181,19.43
160,156,19.42
1702,1704,19.42
353,351,19.42
562,302,19.41
319,587,19.41
261,263,19.41
1757,1446,19.41
363,369,19.41
1276,1280,19.41
1027,1075,19.41
59,110,19.4
1206,1174,19.4
1662,1681,19.4
411,410,19.4
1027,1564,19.4
1680,1689,19.4
1457,1767,19.4
303,305,19.39
130,340,19.39
328,341,19.39
40,323,19.38
41,303,19.38
767,584,19.38
104,46,19.38
634,634,19.38
34,47,19.38
1700,1709,19.37
413,400,19.37
396,132,19.37
719,749,19.37
1696,1714,19.37
1662,1678,19.37
318,310,19.37
48,130,19.36
39,310,19.36
347,329,19.36
1276,1261,19.36
864,766,19.36
990,1002,19.36
330,342,19.36
49,318,19.35
1064,1065,19.35
48,39,19.35
130,346,19.35
940,1019,19.35
750,771,19.35
1175,1188,19.35
155,132,19.35
33,312,19.34
1419,1409,19.33
1711,1667,19.33
1673,1685,19.33
1311,1307,19.32
632,614,19.32
841,806,19.32
36,38,19.32
1711,1673,19.31
390,138,19.31
330,36,19.31
377,363,19.31
598,614,19.31
1027,915,19.3
370,369,19.3
342,334,19.3
86,81,19.3
353,342,19.3
197,197,19.29
1101,1098,19.29
37,132,19.29
336,132,19.29
1444,1444,19.28
153,139,19.28
300,34,19.28
611,613,19.28
625,584,19.28
110,55,19.27
1103,1103,19.27
601,614,19.27
970,878,19.27
1776,156,19.27
927,1019,19.26
1637,1639,19.26
49,334,19.26
350,344,19.26
130,360,19.26
1676,1694,19.25
1688,1697,19.25
1205,1223,19.24
940,918,19.24
1670,1674,19.23
1585,1634,19.23
1271,1272,19.23
911,912,19.23
297,584,19.23
1778,1683,19.23
144,132,19.23
346,49,19.22
782,719,19.22
1718,1333,19.22
398,397,19.22
353,48,19.22
356,352,19.22
337,344,19.21
1675,1677,19.21
1432,1259,19.21
719,723,19.21
28,1686,19.21
1777,1667,19.21
82,49,19.21
1095,1171,19.2
1019,1025,19.2
1205,1196,19.2
606,599,19.19
356,365,19.19
1486,1770,19.19
137,139,19.18
365,130,19.17
324,328,19.17
367,369,19.17
1173,1174,19.17
295,301,19.17
316,302,19.17
1027,1053,19.17
348,137,19.17
911,918,19.17
365,377,19.17
342,352,19.16
350,352,19.16
402,152,19.16
712,706,19.16
312,330,19.16
559,584,19.16
47,156,19.15
1766,1480,19.15
371,358,19.14
75,69,19.14
1704,1703,19.14
1661,1696,19.14
778,794,19.14
2,156,19.14
1095,1102,19.13
969,794,19.13
105,132,19.13
145,145,19.13
576,584,19.13
145,139,19.13
1162,1082,19.12
390,142,19.12
750,792,19.12
1085,1099,19.12
1311,1331,19.12
1735,1731,19.12
1181,1246,19.12
410,411,19.12
970,825,19.12
1338,1347,19.11
1096,1098,19.11
560,560,19.11
1680,1658,19.11
1020,1019,19.11
402,413,19.11
329,130,19.11
33,302,19.11
22,235,19.11
317,32,19.1
841,1273,19.1
1193,1760,19.09
402,139,19.09
377,402,19.09
1760,1235,19.09
1670,1681,19.08
34,40,19.08
719,726,19.08
337,343,19.08
372,365,19.08
1714,1709,19.07
1335,1337,19.07
527,521,19.07
335,39,19.07
324,334,19.07
1100,1105,19.06
1200,1757,19.05
51,47,19.05
130,378,19.05
1255,797,19.05
424,412,19.05
108,132,19.05
329,347,19.04
304,302,19.04
318,299,19.04
324,306,19.04
882,611,19.03
369,365,19.03
22,223,19.03
1051,1051,19.03
351,347,19.03
347,131,19.02
1101,1171,19.02
353,345,19.02
165,137,19.01
970,857,19.01
390,140,19.01
584,592,19.01
632,918,19.01
1235,1409,19.0
1729,1730,19.0
75,78,19.0
763,762,19.0
340,333,19.0
110,156,19.0
1223,786,18.99
1223,829,18.99
584,811,18.99
917,918,18.99
1675,1671,18.99
433,697,18.99
1408,1429,18.99
1668,1686,18.98
1495,1753,18.98
1680,1702,18.98
1733,1652,18.97
598,325,18.97
969,821,18.97
1687,1685,18.97
1084,1162,18.97
408,396,18.96
1095,1109,18.95
75,137,18.95
1657,22,18.95
1261,1273,18.94
354,354,18.94
1593,1585,18.94
1184,719,18.94
839,1259,18.94
570,302,18.94
1343,1324,18.93
626,584,18.93
34,303,18.93
1332,1337,18.93
1408,1205,18.93
353,355,18.93
303,32,18.92
1668,1690,18.92
1777,1673,18.92
306,37,18.92
1685,1681,18.92
1669,1677,18.91
1755,1754,18.91
1347,1336,18.91
1690,1686,18.9
138,378,18.9
341,337,18.89
38,43,18.89
342,330,18.89
354,131,18.89
318,132,18.89
49,75,18.89
47,75,18.89
1027,1021,18.88
369,363,18.87
2,2,18.87
1757,1121,18.85
44,50,18.85
369,376,18.85
364,363,18.85
365,378,18.84
1761,1409,18.84
628,628,18.84
1701,1700,18.84
336,324,18.83
1585,1597,18.83
339,327,18.83
822,766,18.83
1175,1184,18.82
1002,982,18.82
45,334,18.82
1312,1306,18.81
1259,1278,18.81
144,143,18.81
46,312,18.81
1716,1347,18.81
794,805,18.8
1718,1019,18.8
1478,1766,18.8
1014,914,18.8
361,633,18.8
306,305,18.8
1252,1223,18.8
1664,1678,18.79
1694,1671,18.79
1343,1311,18.79
794,791,18.79
1566,1024,18.79
797,719,18.79
1673,1675,18.78
1041,982,18.78
402,137,18.78
1757,1170,18.78
1654,1654,18.78
1192,1191,18.78
158,408,18.78
402,412,18.78
1205,1236,18.77
402,401,18.77
521,522,18.77
1137,1143,18.77
34,42,18.77
110,372,18.77
575,584,18.77
1664,22,18.77
169,137,18.77
910,915,18.76
1660,1662,18.76
38,42,18.76
1079,1079,18.76
1697,1711,18.76
1347,1337,18.76
47,328,18.75
71,71,18.75
1762,1438,18.74
1696,1669,18.74
1657,1673,18.74
167,132,18.74
1205,1184,18.73
259,263,18.73
110,84,18.73
1691,1671,18.73
858,584,18.73
1405,1409,18.72
1259,1272,18.72
1741,1741,18.72
40,34,18.72
786,584,18.72
1668,1662,18.71
709,705,18.71
312,33,18.71
43,51,18.71
151,160,18.7
584,767,18.7
50,140,18.7
342,354,18.7
1082,1099,18.69
52,82,18.69
809,811,18.69
39,282,18.69
389,389,18.69
84,110,18.69
360,365,18.69
1681,1675,18.69
572,566,18.69
1664,1677,18.68
337,355,18.68
1778,1686,18.68
377,360,18.68
348,330,18.68
1023,1019,18.68
104,47,18.67
50,58,18.67
1109,1162,18.67
1408,1757,18.67
359,365,18.67
1,163,18.67
1026,1022,18.67
1040,1068,18.67
47,109,18.67
1429,1420,18.66
1697,1704,18.66
1026,1065,18.66
151,153,18.65
1209,1181,18.65
1675,1676,18.65
1668,1703,18.65
341,137,18.65
1753,505,18.64
329,34,18.64
365,110,18.64
348,329,18.64
568,584,18.64
110,74,18.63
929,918,18.63
749,719,18.62
521,523,18.62
706,705,18.62
915,908,18.62
75,132,18.61
1433,829,18.61
402,378,18.61
591,592,18.61
368,368,18.61
1671,1702,18.61
53,71,18.61
1771,1261,18.61
1777,1704,18.61
32,306,18.61
1775,1771,18.6
1667,1691,18.6
354,346,18.6
104,130,18.6
306,302,18.6
69,81,18.6
584,794,18.6
323,132,18.59
333,335,18.59
133,134,18.59
1694,1681,18.59
169,168,18.58
970,985,18.58
1162,1091,18.58
1687,1662,18.57
312,329,18.57
1094,1162,18.57
1457,1261,18.56
882,599,18.56
1702,1678,18.56
334,333,18.56
1669,1686,18.56
300,33,18.56
1691,1687,18.55
841,843,18.55
585,584,18.55
1674,1687,18.55
791,786,18.54
638,638,18.54
1185,1182,18.54
990,985,18.54
42,110,18.53
400,132,18.53
1298,1301,18.53
1718,1318,18.53
323,328,18.52
1701,1673,18.52
599,611,18.52
937,918,18.51
345,339,18.51
1099,1095,18.51
719,737,18.51
1174,1108,18.5
1745,1747,18.5
34,49,18.49
337,340,18.49
910,918,18.49
353,359,18.49
870,584,18.49
705,708,18.49
1637,1582,18.49
352,351,18.49
395,388,18.48
1691,1701,18.48
821,970,18.48
390,372,18.48
1446,1771,18.48
335,342,18.48
1219,1184,18.47
794,810,18.47
1776,258,18.47
764,864,18.47
323,305,18.47
45,51,18.46
757,794,18.46
821,811,18.46
155,155,18.46
777,719,18.46
1184,1175,18.46
774,1224,18.45
39,81,18.45
757,719,18.44
1301,1298,18.44
321,302,18.44
39,328,18.43
1525,1525,18.43
331,337,18.42
688,688,18.42
1409,1757,18.42
1109,1102,18.42
53,65,18.42
806,794,18.41
1205,1200,18.41
434,697,18.41
1634,1585,18.4
1027,1022,18.4
1027,914,18.4
1430,1425,18.4
152,156,18.4
329,303,18.4
350,584,18.4
1670,1685,18.4
323,34,18.4
1687,1676,18.4
165,159,18.39
362,356,18.39
1420,1419,18.38
329,305,18.38
354,358,18.38
50,104,18.37
2,169,18.37
1693,1702,18.37
1261,1435,18.37
377,110,18.36
45,323,18.36
135,132,18.36
165,171,18.36
1330,1347,18.36
818,825,18.36
786,782,18.36
764,855,18.35
609,614,18.35
1723,1717,18.35
1,1658,18.35
1272,1272,18.35
1181,1210,18.35
1219,1188,18.35
620,620,18.35
694,694,18.35
365,346,18.34
653,918,18.34
606,614,18.34
369,374,18.34
414,413,18.34
1637,1718,18.34
1169,1162,18.34
168,151,18.33
1428,1424,18.33
75,49,18.33
329,587,18.33
628,584,18.32
326,332,18.32
339,49,18.32
1432,1433,18.32
604,602,18.31
1759,1392,18.31
1759,1758,18.3
1014,915,18.3
1096,1102,18.29
324,303,18.28
131,50,18.28
371,369,18.28
1429,1261,18.28
260,263,18.28
1330,1331,18.28
110,341,18.27
377,348,18.27
1331,1342,18.27
634,584,18.27
1753,1733,18.27
1662,1667,18.26
529,521,18.26
1658,1678,18.26
797,1263,18.25
47,346,18.25
1676,1696,18.25
1711,1753,18.25
1651,1736,18.25
1278,1276,18.25
75,131,18.24
339,348,18.24
1064,1024,18.24
1679,1677,18.24
888,882,18.24
1692,1685,18.24
346,50,18.24
377,49,18.24
158,402,18.24
808,808,18.23
327,327,18.23
1027,1051,18.23
38,50,18.23
332,333,18.23
864,882,18.22
353,360,18.22
51,341,18.21
1673,1656,18.21
1760,1196,18.2
361,614,18.2
1082,1098,18.2
49,323,18.19
49,109,18.19
910,912,18.19
336,110,18.18
41,299,18.18
357,369,18.18
50,143,18.18
822,864,18.18
1711,1682,18.18
1718,1732,18.18
562,568,18.18
1691,1677,18.17
1271,1261,18.17
409,409,18.17
342,329,18.17
1711,1694,18.17
329,339,18.17
1335,1336,18.17
1094,1166,18.17
1276,839,18.16
1636,1634,18.16
582,302,18.16
371,137,18.15
158,158,18.15
390,141,18.15
1689,1714,18.15
1329,1337,18.15
323,334,18.15
110,143,18.15
264,261,18.14
303,311,18.14
1109,1096,18.14
223,223,18.14
1205,1244,18.13
918,914,18.13
822,855,18.13
969,797,18.12
36,300,18.12
336,39,18.12
326,598,18.12
131,75,18.12
33,306,18.12
38,323,18.12
1035,1036,18.12
174,167,18.12
1420,1420,18.12
363,357,18.11
305,311,18.11
340,345,18.11
55,110,18.11
1409,1426,18.11
1029,1068,18.1
1205,1175,18.1
1450,1450,18.1
1759,1230,18.09
355,361,18.09
336,45,18.09
1426,1419,18.09
1349,1347,18.09
408,408,18.09
298,32,18.08
153,400,18.08
340,358,18.08
1181,1166,18.07
1090,1162,18.07
1757,1173,18.06
365,353,18.06
352,341,18.06
1663,1681,18.06
1223,1188,18.05
1679,1661,18.05
329,37,18.05
353,339,18.05
357,351,18.04
342,39,18.04
1600,1593,18.04
163,137,18.04
396,400,18.04
22,24,18.04
330,317,18.03
295,584,18.03
306,36,18.03
390,395,18.03
52,75,18.03
576,301,18.03
1435,829,18.03
50,77,18.03
1676,1661,18.03
42,36,18.02
757,761,18.02
53,365,18.02
104,81,18.01
1757,1761,18.01
162,151,18.01
53,37,18.01
348,360,18.01
1068,1064,18.0
403,409,18.0
336,43,18.0
1081,1166,17.99
1263,1273,17.99
1403,1446,17.99
356,633,17.99
75,52,17.98
168,168,17.98
1586,1593,17.98
1564,1068,17.98
1684,1684,17.98
1021,1016,17.98
1658,1669,17.98
340,329,17.97
1425,1435,17.97
1428,1419,17.97
1306,1300,17.97
1694,1685,17.97
335,348,17.96
341,338,17.96
169,167,17.96
1224,1191,17.96
368,356,17.96
1637,1732,17.96
38,40,17.96
45,37,17.96
1566,1025,17.96
1024,1064,17.95
744,719,17.95
53,151,17.95
43,342,17.95
356,584,17.95
1430,1261,17.94
1712,1697,17.94
109,82,17.94
37,300,17.94
78,78,17.94
1691,1678,17.94
737,794,17.93
351,343,17.93
778,778,17.93
130,39,17.93
43,82,17.92
1091,1091,17.92
37,38,17.92
761,762,17.92
912,1019,17.92
1306,1036,17.91
37,323,17.91
982,1038,17.9
45,32,17.9
1303,1300,17.9
776,584,17.9
40,329,17.9
408,156,17.9
1678,1691,17.89
1685,1692,17.89
1757,1161,17.88
368,363,17.88
1426,1424,17.88
32,292,17.88
1540,708,17.88
1184,1757,17.88
1597,1609,17.87
822,786,17.87
131,49,17.87
1760,1413,17.86
312,46,17.86
306,41,17.86
1674,22,17.86
326,325,17.86
110,105,17.85
329,52,17.85
159,137,17.85
354,48,17.84
1019,933,17.84
39,151,17.84
796,794,17.84
787,786,17.84
167,161,17.84
610,337,17.84
1572,1568,17.84
1090,1100,17.84
41,300,17.84
1639,1637,17.84
1639,1591,17.84
433,433,17.83
316,584,17.83
1718,1332,17.83
138,140,17.83
1585,1582,17.82
400,412,17.82
42,341,17.82
1027,1014,17.82
104,82,17.82
736,729,17.82
131,53,17.82
1029,1017,17.81
352,347,17.81
28,22,17.81
1014,918,17.8
1585,1594,17.8
1671,1689,17.8
327,334,17.8
1029,951,17.8
318,341,17.8
46,328,17.8
1399,1409,17.79
160,151,17.79
377,395,17.79
1338,1331,17.78
368,365,17.78
912,584,17.78
719,720,17.78
333,346,17.78
1600,1591,17.78
39,156,17.77
372,378,17.77
1676,1674,17.77
396,151,17.77
323,47,17.76
347,42,17.76
804,794,17.76
841,1259,17.75
395,395,17.75
1685,1673,17.75
336,51,17.75
132,130,17.74
1209,1757,17.74
396,139,17.74
933,918,17.74
1024,1337,17.73
1336,1330,17.73
312,336,17.73
408,413,17.72
1582,1593,17.72
1419,1767,17.72
1637,1636,17.72
329,36,17.72
298,302,17.72
1105,1171,17.72
344,339,17.71
39,131,17.71
1691,1661,17.71
1663,1678,17.71
584,606,17.71
1280,1276,17.71
1111,1098,17.71
342,131,17.71
150,141,17.7
708,712,17.7
1753,1745,17.7
1024,1015,17.7
306,39,17.7
969,584,17.69
53,340,17.69
1098,1099,17.69
46,346,17.69
324,340,17.69
34,323,17.69
43,334,17.68
808,810,17.68
378,390,17.68
133,131,17.68
1016,1019,17.68
345,344,17.67
1760,1205,17.67
325,325,17.67
1277,1259,17.67
151,148,17.67
336,328,17.66
766,858,17.66
47,365,17.66
864,770,17.66
1085,1102,17.66
40,45,17.66
78,75,17.66
394,388,17.66
297,299,17.66
1174,1176,17.66
1105,1102,17.66
1764,1764,17.65
353,334,17.65
49,352,17.65
841,808,17.65
145,143,17.65
352,348,17.64
1226,1224,17.64
1175,1179,17.64
151,82,17.64
1025,1013,17.64
44,47,17.64
312,49,17.64
362,363,17.63
169,1658,17.63
797,1259,17.63
180,174,17.63
1338,1343,17.63
327,333,17.63
36,323,17.63
339,347,17.63
1020,1068,17.63
970,764,17.62
1105,1098,17.62
1435,1252,17.62
1280,1263,17.61
81,109,17.61
918,916,17.6
1276,1272,17.6
1757,544,17.6
137,81,17.6
1303,1302,17.59
50,378,17.59
1029,1014,17.59
1444,1408,17.59
291,297,17.59
291,303,17.59
982,970,17.59
47,71,17.59
300,300,17.59
174,180,17.58
1444,1409,17.58
1682,1701,17.57
918,584,17.57
1600,1594,17.57
811,766,17.57
338,332,17.57
1166,1181,17.57
1019,1026,17.57
376,365,17.57
317,312,17.57
341,316,17.57
766,762,17.56
181,156,17.56
1102,1098,17.56
836,1273,17.56
352,130,17.56
1021,1020,17.56
346,342,17.56
346,48,17.56
355,367,17.55
339,50,17.55
1092,1096,17.55
302,297,17.55
1718,1314,17.55
1109,1099,17.55
1179,1188,17.55
104,137,17.55
82,131,17.55
1677,1684,17.55
348,339,17.54
136,75,17.54
564,302,17.54
1774,1771,17.54
377,354,17.54
299,303,17.54
292,292,17.54
985,878,17.53
45,340,17.53
1644,1730,17.52
40,312,17.52
323,36,17.52
1597,1640,17.52
857,858,17.52
84,82,17.52
147,378,17.52
1223,1191,17.52
1669,1661,17.52
353,584,17.51
338,341,17.51
104,109,17.51
1659,1662,17.51
1696,1663,17.51
1712,1703,17.51
155,141,17.51
317,302,17.5
1758,1759,17.5
1683,1671,17.5
1732,1652,17.5
369,370,17.49
292,299,17.49
1428,1429,17.49
365,369,17.49
42,34,17.49
1656,1662,17.49
371,371,17.49
408,412,17.49
364,352,17.48
1271,1271,17.48
764,761,17.48
136,49,17.48
1065,1020,17.48
39,281,17.48
1644,1591,17.47
727,719,17.47
601,602,17.47
33,305,17.47
49,365,17.47
400,394,17.47
1338,1342,17.47
779,1252,17.46
841,1278,17.46
152,402,17.46
794,766,17.46
1337,1324,17.46
1065,1027,17.46
37,299,17.46
841,846,17.45
44,39,17.45
164,132,17.45
42,52,17.45
790,786,17.45
356,344,17.45
137,132,17.45
1656,1661,17.44
1206,1210,17.44
340,337,17.44
1593,1637,17.44
357,346,17.44
1423,1425,17.44
1777,1690,17.44
841,982,17.43
339,614,17.43
38,311,17.43
51,342,17.43
324,310,17.43
300,299,17.43
356,362,17.42
1190,1190,17.42
109,47,17.42
637,918,17.42
1019,1024,17.42
841,822,17.42
50,353,17.42
1180,1174,17.42
337,598,17.42
1252,786,17.41
363,352,17.41
174,1658,17.41
1628,1068,17.41
562,560,17.41
1170,1757,17.41
130,42,17.41
610,598,17.4
131,82,17.4
1732,1775,17.4
716,716,17.4
366,372,17.4
1272,1261,17.4
591,578,17.39
1166,1109,17.39
566,771,17.39
797,786,17.39
1085,1095,17.39
1085,1171,17.39
1774,1775,17.39
928,1019,17.39
1053,1053,17.38
1683,1680,17.38
409,403,17.38
138,138,17.38
353,372,17.38
822,750,17.38
312,310,17.38
1408,1426,17.38
1702,1685,17.38
43,340,17.38
934,1019,17.38
74,110,17.37
1679,1687,17.37
1179,1179,17.37
1024,1013,17.37
1689,1670,17.36
523,524,17.36
1778,1658,17.36
347,360,17.35
144,156,17.35
1025,1021,17.35
347,43,17.35
49,34,17.35
264,258,17.35
1689,1676,17.34
434,434,17.34
1682,1687,17.34
334,346,17.34
1190,786,17.34
53,584,17.34
365,366,17.33
970,854,17.33
1255,1273,17.32
354,340,17.32
335,45,17.32
34,282,17.32
261,262,17.32
367,368,17.32
280,32,17.32
1668,1672,17.32
1302,1298,17.32
771,811,17.32
1405,1408,17.32
1636,1591,17.32
1091,1166,17.32
328,340,17.31
171,171,17.31
147,152,17.31
186,186,17.31
52,137,17.31
318,53,17.31
1709,1689,17.31
410,412,17.31
110,83,17.31
311,316,17.31
354,342,17.31
1667,1689,17.3
174,186,17.3
348,324,17.3
21,1669,17.3
1230,1759,17.3
355,358,17.3
1311,1347,17.3
912,916,17.29
836,1263,17.29
1663,1667,17.29
168,156,17.29
326,327,17.29
36,584,17.29
49,36,17.29
344,345,17.29
1096,1091,17.29
299,311,17.29
348,345,17.29
1235,1408,17.28
1085,1079,17.28
553,584,17.27
349,355,17.27
1747,712,17.27
600,584,17.27
1739,1739,17.27
52,131,17.27
52,109,17.27
1435,1457,17.27
521,524,17.27
843,843,17.26
110,584,17.26
23,22,17.26
1091,1106,17.26
1685,1663,17.26
1683,1661,17.26
81,46,17.26
1307,1036,17.26
1521,1753,17.26
47,311,17.25
1174,1098,17.25
1568,1572,17.24
323,37,17.24
351,354,17.24
406,412,17.24
339,351,17.24
1002,990,17.24
350,343,17.24
1075,1068,17.23
1255,829,17.23
159,153,17.23
766,811,17.23
908,912,17.23
1446,1261,17.23
1695,1686,17.23
335,53,17.22
109,75,17.22
1205,1219,17.22
1572,1566,17.22
1101,1166,17.22
916,912,17.22
1175,1176,17.22
43,311,17.22
153,402,17.22
857,770,17.22
1711,1712,17.22
50,358,17.21
175,151,17.21
43,38,17.21
334,49,17.21
348,372,17.21
353,51,17.21
1757,1236,17.2
81,139,17.2
332,340,17.2
344,355,17.2
340,46,17.2
340,132,17.19
53,156,17.19
1761,1392,17.19
1670,1664,17.18
342,45,17.18
262,261,17.18
1456,1457,17.18
342,365,17.18
154,156,17.18
108,53,17.17
130,139,17.17
336,347,17.17
1702,1671,17.17
1314,1301,17.17
51,41,17.16
1471,1486,17.16
152,151,17.16
1658,1677,17.16
110,342,17.16
47,141,17.15
261,264,17.15
1111,1166,17.15
1686,1703,17.15
758,766,17.15
1181,584,17.15
154,151,17.14
1166,1099,17.14
87,81,17.14
1657,1670,17.14
330,38,17.14
1677,1675,17.14
357,614,17.14
400,388,17.13
790,794,17.13
434,427,17.13
351,350,17.13
1206,1193,17.13
829,786,17.13
1311,1336,17.13
1585,1609,17.12
49,354,17.12
1444,1767,17.12
1337,1311,17.12
914,918,17.12
1084,1082,17.12
342,353,17.11
1671,1682,17.11
139,81,17.11
719,521,17.11
716,521,17.11
1248,1224,17.1
1680,1686,17.1
1176,1182,17.1
223,1658,17.1
318,45,17.1
132,137,17.1
839,1282,17.09
1102,1171,17.09
1095,1082,17.09
1771,1769,17.09
1105,1166,17.09
345,132,17.09
139,378,17.09
40,53,17.09
336,52,17.09
44,46,17.09
1191,794,17.08
1046,1051,17.08
1709,1658,17.08
1303,1036,17.07
151,147,17.07
344,352,17.07
1677,1687,17.07
630,912,17.07
353,110,17.06
110,140,17.06
1259,811,17.06
1667,1683,17.06
1192,521,17.06
1106,1101,17.06
161,132,17.06
151,402,17.05
329,51,17.05
400,413,17.05
1684,1676,17.05
757,757,17.05
336,346,17.05
389,388,17.05
775,786,17.05
354,360,17.04
371,370,17.04
1336,1343,17.04
1205,1176,17.04
836,797,17.04
1709,1673,17.04
1748,1748,17.04
46,302,17.04
598,591,17.04
109,46,17.04
340,365,17.03
910,910,17.03
523,1152,17.03
1331,1311,17.03
263,1510,17.03
378,384,17.03
6,1658,17.03
1771,1457,17.03
400,402,17.02
1701,1687,17.02
1653,1651,17.02
1339,1718,17.02
363,356,17.01
401,396,17.01
1190,521,17.01
367,614,17.01
1668,1678,17.01
617,611,17.01
151,1658,17.0
222,22,17.0
970,862,17.0
365,50,17.0
1683,1777,17.0
778,811,17.0
48,584,16.99
1420,1429,16.99
885,885,16.99
81,136,16.99
355,633,16.99
306,306,16.99
737,792,16.98
969,810,16.98
108,50,16.98
729,723,16.97
327,340,16.97
1013,1024,16.97
69,75,16.97
81,116,16.97
344,343,16.97
36,316,16.97
335,302,16.97
348,45,16.97
858,766,16.97
330,130,16.97
1667,1697,16.96
1689,1709,16.96
761,811,16.96
151,173,16.96
563,562,16.96
436,424,16.96
1657,156,16.95
1205,1098,16.95
110,340,16.95
1169,1169,16.95
165,400,16.95
1267,1263,16.95
401,413,16.95
781,786,16.95
886,885,16.95
819,825,16.95
1408,1424,16.95
116,81,16.94
141,82,16.94
934,918,16.94
697,424,16.93
378,134,16.93
1757,1392,16.93
339,335,16.93
343,337,16.92
34,584,16.92
915,910,16.92
82,84,16.92
376,378,16.92
344,338,16.91
1712,1696,16.91
151,390,16.91
1337,1068,16.91
365,81,16.91
759,584,16.91
413,410,16.91
136,133,16.9
174,169,16.9
630,631,16.9
1691,1688,16.9
985,1002,16.89
342,324,16.89
44,41,16.89
130,75,16.89
324,299,16.89
402,153,16.88
334,46,16.88
144,140,16.88
353,46,16.88
626,633,16.88
355,634,16.88
74,82,16.87
1778,1777,16.87
985,884,16.87
390,408,16.87
340,353,16.87
402,158,16.86
34,281,16.86
81,58,16.86
632,584,16.86
634,628,16.86
1672,1664,16.86
1026,1020,16.86
339,355,16.86
1230,1193,16.86
336,323,16.85
323,303,16.85
369,358,16.85
302,305,16.85
1671,1687,16.85
82,52,16.85
390,389,16.84
1166,1096,16.84
141,150,16.83
369,377,16.83
306,311,16.83
81,86,16.83
1669,1657,16.83
35,41,16.83
47,354,16.83
1223,794,16.83
719,750,16.82
1188,1174,16.82
289,302,16.82
32,584,16.82
80,81,16.82
377,82,16.81
377,364,16.81
1082,1102,16.81
1687,1663,16.81
151,81,16.81
169,175,16.81
1169,1210,16.8
53,347,16.8
1456,1767,16.8
377,633,16.8
318,300,16.8
1674,1701,16.8
140,144,16.79
1328,1337,16.79
138,390,16.79
1714,1673,16.79
1098,1101,16.79
165,153,16.78
37,584,16.78
1680,1682,16.78
1331,1324,16.78
1693,1677,16.78
606,611,16.78
697,434,16.78
1757,1157,16.77
1096,1171,16.77
1024,1046,16.77
41,310,16.77
1001,1002,16.77
1685,1678,16.77
757,749,16.76
408,143,16.76
1425,1408,16.76
142,132,16.76
110,352,16.76
1181,1252,16.76
309,302,16.75
137,82,16.75
333,328,16.75
110,358,16.75
353,52,16.75
141,144,16.75
1177,1174,16.74
1238,1205,16.73
78,82,16.73
151,400,16.73
604,614,16.73
1343,1348,16.73
314,302,16.73
1683,1677,16.73
1261,1272,16.73
1679,1702,16.73
369,372,16.73
50,328,16.73
2,4,16.73
1424,1426,16.72
159,160,16.72
1025,912,16.72
1667,1696,16.72
365,137,16.72
912,914,16.72
1174,1188,16.72
1181,1162,16.72
1718,1051,16.71
1714,1691,16.71
153,153,16.71
928,918,16.71
151,1,16.71
1171,1109,16.71
1334,1347,16.71
1029,1718,16.71
631,633,16.71
341,587,16.71
165,160,16.71
817,811,16.7
81,66,16.7
56,110,16.69
139,110,16.69
1594,1581,16.69
1581,1634,16.69
353,357,16.69
53,335,16.69
1732,1644,16.69
165,413,16.69
312,47,16.69
836,1277,16.69
346,130,16.68
1510,263,16.68
806,806,16.68
341,321,16.68
46,109,16.68
1020,1065,16.68
1022,1016,16.68
250,250,16.68
1425,1409,16.68
631,637,16.67
81,130,16.67
1185,1184,16.67
33,281,16.67
1690,1658,16.66
1204,1205,16.66
1583,1593,16.66
333,329,16.66
1399,1408,16.66
136,131,16.65
32,303,16.65
572,571,16.65
400,392,16.65
282,32,16.65
1701,1658,16.65
350,351,16.65
774,811,16.64
1224,786,16.64
158,152,16.64
1701,1677,16.64
147,140,16.64
332,332,16.64
750,766,16.64
361,367,16.64
1694,1673,16.63
365,359,16.62
1684,1677,16.62
762,761,16.62
1718,1312,16.62
48,330,16.62
1691,1711,16.62
135,137,16.62
159,165,16.61
365,340,16.6
1156,1757,16.6
46,311,16.6
38,330,16.6
32,311,16.6
1717,1347,16.59
330,52,16.59
633,614,16.59
323,340,16.59
1278,1259,16.59
292,291,16.59
368,379,16.59
1,2,16.58
41,347,16.58
41,82,16.58
297,285,16.58
53,346,16.58
150,145,16.58
353,356,16.57
1409,1429,16.57
1276,1273,16.57
770,761,16.57
1685,258,16.56
402,395,16.56
347,359,16.56
1263,1264,16.56
1300,1302,16.56
1025,1718,16.56
1526,1747,16.56
767,766,16.56
341,40,16.55
1777,1777,16.55
159,158,16.55
770,864,16.55
1192,1150,16.55
353,614,16.55
1686,28,16.55
1181,1190,16.55
1718,1328,16.54
611,617,16.54
836,1261,16.54
1259,786,16.54
131,360,16.54
1024,1002,16.54
1446,1426,16.53
412,424,16.53
1246,1244,16.53
52,42,16.53
599,882,16.52
394,392,16.52
1591,1634,16.52
1336,1334,16.52
1568,1718,16.52
1718,1020,16.52
139,144,16.52
1079,1081,16.52
341,614,16.52
133,130,16.52
156,132,16.52
1598,1609,16.52
771,794,16.51
747,747,16.51
47,352,16.51
329,110,16.51
1013,1002,16.51
42,312,16.51
1184,521,16.51
305,299,16.51
1302,1299,16.51
1259,719,16.5
303,296,16.5
1075,1024,16.5
587,598,16.49
1477,1767,16.49
1672,22,16.49
796,719,16.49
365,370,16.49
1686,1668,16.49
1413,1413,16.49
1637,1643,16.49
1486,1471,16.48
1262,1263,16.48
1091,1096,16.48
295,295,16.48
1716,1337,16.48
52,341,16.47
81,365,16.47
606,606,16.47
47,38,16.47
110,45,16.47
36,299,16.47
1693,1694,16.47
390,147,16.47
1480,1486,16.47
40,335,16.47
700,700,16.46
46,365,16.46
1582,1585,16.46
719,713,16.46
368,918,16.46
171,156,16.46
1694,1687,16.45
324,321,16.45
352,345,16.45
1761,1408,16.45
1749,1749,16.45
32,291,16.44
563,301,16.44
1068,1027,16.44
377,355,16.44
323,321,16.44
1776,1692,16.43
168,167,16.43
165,412,16.43
168,169,16.43
165,158,16.43
1678,1668,16.43
1174,1179,16.42
566,560,16.42
916,916,16.42
1428,1446,16.42
1598,1594,16.42
822,858,16.42
1681,1714,16.41
165,139,16.4
764,858,16.4
841,719,16.4
1162,1085,16.4
36,330,16.4
1108,1171,16.39
1302,1040,16.39
1082,1171,16.39
1418,1409,16.39
1254,1261,16.39
1669,1676,16.39
418,413,16.39
654,918,16.39
291,584,16.39
719,1181,16.39
406,413,16.38
338,338,16.38
1099,1082,16.38
1495,519,16.38
1026,920,16.38
384,132,16.38
339,342,16.38
365,355,16.37
1111,1171,16.37
587,771,16.37
1188,1184,16.37
347,39,16.37
1181,1169,16.37
130,584,16.37
384,139,16.37
821,822,16.37
403,410,16.36
1330,1342,16.36
66,65,16.36
1040,1302,16.36
1040,1000,16.36
367,379,16.36
1082,1095,16.36
655,655,16.36
1718,1341,16.36
169,174,16.36
163,1,16.36
390,365,16.36
822,749,16.36
544,729,16.36
1171,1178,16.36
136,135,16.35
591,302,16.35
360,360,16.35
1446,1420,16.35
1674,1688,16.35
41,131,16.35
369,368,16.35
717,521,16.35
1671,1668,16.35
347,344,16.34
353,363,16.34
1683,1678,16.34
46,354,16.34
136,130,16.34
346,53,16.34
1587,1585,16.34
1687,1669,16.33
1019,1020,16.33
1426,1446,16.33
1216,1174,16.33
1714,1667,16.33
328,330,16.33
46,75,16.33
1102,1109,16.32
1079,1162,16.32
1100,1181,16.32
151,49,16.32
390,133,16.32
1689,1685,16.31
1577,1572,16.31
1753,1652,16.31
354,52,16.31
1329,1336,16.31
796,786,16.31
1734,1732,16.3
1667,1666,16.3
1338,1311,16.3
1261,1258,16.3
339,358,16.3
327,328,16.3
1226,1223,16.3
180,180,16.29
1152,1150,16.29
341,360,16.29
1102,1102,16.29
355,365,16.29
76,132,16.29
335,346,16.29
339,48,16.29
1685,1674,16.29
1190,1224,16.28
303,299,16.28
1695,1694,16.28
47,302,16.28
1342,1334,16.28
167,155,16.27
34,38,16.27
1271,1276,16.27
1314,1312,16.27
1328,1347,16.27
1303,1306,16.27
37,110,16.27
1423,1419,16.27
969,982,16.27
1775,1337,16.27
158,396,16.26
1747,519,16.26
306,300,16.26
716,729,16.26
1116,1174,16.26
1280,839,16.26
912,630,16.26
353,344,16.26
1263,1276,16.26
609,602,16.25
136,372,16.25
37,330,16.25
1628,1027,16.25
564,584,16.24
345,345,16.24
1778,1694,16.24
1677,1667,16.24
159,400,16.24
1402,1446,16.24
642,918,16.24
110,37,16.24
408,390,16.24
341,311,16.24
308,302,16.23
1433,1249,16.23
131,372,16.23
356,343,16.23
1696,1670,16.23
1671,1697,16.23
1171,1102,16.23
402,147,16.22
1075,1027,16.22
1091,1095,16.22
340,328,16.22
1710,1712,16.22
1736,1652,16.21
519,505,16.21
1637,1729,16.21
797,829,16.21
1102,1166,16.21
354,110,16.21
706,712,16.21
145,140,16.2
591,589,16.2
335,318,16.2
355,337,16.2
1087,1162,16.2
1252,794,16.2
367,646,16.2
1661,1668,16.19
1718,1566,16.19
1495,261,16.19
719,771,16.18
164,156,16.18
1682,1662,16.18
412,410,16.18
1694,1697,16.18
1676,1702,16.18
1634,1581,16.18
347,330,16.18
770,857,16.18
357,130,16.18
1081,1174,16.17
1597,1593,16.17
1778,1704,16.17
1181,1150,16.17
47,139,16.17
721,1191,16.17
32,43,16.17
697,688,16.16
1714,1682,16.16
1307,1302,16.16
1024,1040,16.16
158,412,16.16
50,66,16.16
801,811,16.16
766,767,16.15
331,598,16.15
1402,1205,16.15
1426,1252,16.14
53,141,16.14
1664,1672,16.14
327,341,16.14
1675,1685,16.14
342,339,16.14
1732,1747,16.14
1021,1019,16.13
370,358,16.13
797,825,16.13
110,360,16.13
1402,1396,16.13
136,365,16.13
377,353,16.13
81,47,16.13
159,139,16.12
175,1658,16.12
304,305,16.12
870,864,16.12
365,53,16.11
1189,521,16.11
335,347,16.11
341,32,16.11
1714,1689,16.11
53,139,16.1
1662,1685,16.1
346,614,16.1
53,104,16.09
1689,1657,16.09
614,343,16.09
1587,1609,16.09
354,46,16.09
1019,1014,16.09
330,305,16.09
390,392,16.09
358,346,16.08
347,324,16.08
926,1019,16.08
369,367,16.08
167,166,16.08
22,1677,16.08
1776,235,16.08
1640,1591,16.07
323,48,16.06
136,145,16.06
408,151,16.06
1682,1679,16.06
1592,1637,16.06
916,918,16.06
808,584,16.06
1679,1662,16.06
328,41,16.05
929,1019,16.05
592,598,16.05
401,156,16.05
51,131,16.05
1634,1597,16.05
1634,1636,16.05
584,600,16.05
1701,1667,16.04
152,400,16.04
1666,1667,16.04
348,359,16.04
1426,1409,16.04
400,395,16.04
794,797,16.04
607,602,16.03
1330,1330,16.03
104,43,16.03
750,762,16.03
1188,719,16.03
316,39,16.03
829,794,16.03
408,158,16.03
544,563,16.02
144,141,16.02
133,136,16.02
1705,1710,16.02
1657,4,16.01
591,586,16.01
1013,1025,16.0
52,342,16.0
1259,1252,16.0
1718,1335,16.0
413,414,15.99
1408,1420,15.99
1747,260,15.99
151,162,15.99
88,81,15.99
377,341,15.99
65,71,15.99
131,358,15.99
1169,1182,15.99
332,334,15.98
882,771,15.98
296,297,15.98
1668,1680,15.98
1252,1224,15.98
614,355,15.98
588,587,15.98
367,918,15.98
1593,1581,15.98
365,348,15.98
356,351,15.97
155,143,15.97
43,302,15.97
1111,1108,15.97
913,913,15.97
1338,1324,15.97
338,614,15.97
81,87,15.96
1771,1775,15.96
614,625,15.96
1166,1095,15.96
351,369,15.96
1408,1396,15.96
38,46,15.96
1710,1700,15.96
1672,1657,15.96
1668,1677,15.96
1032,982,15.95
1227,719,15.95
138,151,15.95
46,352,15.95
778,776,15.95
4,1657,15.95
141,49,15.95
71,50,15.95
351,49,15.95
1409,1760,15.94
1718,1327,15.94
1024,912,15.94
191,191,15.94
362,365,15.94
1419,1457,15.94
352,355,15.94
709,469,15.94
1775,1732,15.93
1191,1174,15.93
303,301,15.93
130,359,15.93
357,340,15.93
181,1658,15.93
1191,1152,15.93
1226,1252,15.93
352,354,15.92
1409,1396,15.92
371,130,15.92
158,413,15.92
306,318,15.92
1747,1732,15.92
584,325,15.91
656,918,15.91
374,369,15.91
259,261,15.91
1709,1685,15.91
857,584,15.91
1757,1209,15.91
351,53,15.91
394,394,15.91
50,311,15.9
75,109,15.9
1695,1776,15.9
33,311,15.9
1696,1704,15.9
342,137,15.9
1171,1101,15.9
1085,1084,15.9
1092,1106,15.9
329,352,15.9
633,633,15.9
1020,1021,15.9
132,365,15.89
151,142,15.89
51,347,15.89
1697,1687,15.89
1102,1099,15.89
582,587,15.89
638,637,15.89
779,774,15.89
340,53,15.88
1682,1672,15.88
50,360,15.88
864,599,15.88
1334,1334,15.88
1219,1175,15.88
1736,1654,15.88
1634,1640,15.88
66,81,15.88
1597,1585,15.88
339,329,15.87
365,347,15.87
1704,1710,15.87
22,1686,15.87
28,1669,15.87
1336,1311,15.87
153,149,15.86
232,232,15.86
556,584,15.86
1297,1301,15.86
758,811,15.86
1404,1409,15.86
147,153,15.86
335,316,15.86
1016,1020,15.86
1432,1425,15.86
1757,1223,15.85
914,912,15.85
132,131,15.85
39,347,15.85
1566,915,15.85
32,285,15.85
53,136,15.85
1396,1757,15.84
1056,1051,15.84
35,36,15.84
969,771,15.84
334,339,15.84
1182,1176,15.84
296,584,15.84
302,295,15.84
341,351,15.84
1259,1425,15.84
1657,1681,15.84
135,139,15.84
1261,839,15.83
1521,1747,15.83
374,374,15.83
1193,1206,15.83
1188,521,15.83
345,584,15.82
140,145,15.82
328,327,15.82
1701,1682,15.82
1591,1592,15.82
345,341,15.82
1537,1537,15.82
75,84,15.81
1082,1083,15.81
1591,1640,15.81
151,146,15.81
1174,1175,15.81
1426,1261,15.81
1566,914,15.8
1263,1271,15.8
353,378,15.8
296,303,15.8
354,51,15.79
1701,1691,15.79
1182,1175,15.79
1191,722,15.79
407,413,15.79
1521,1521,15.79
797,808,15.79
394,395,15.79
326,326,15.78
1757,1086,15.78
365,82,15.78
376,370,15.78
1108,1098,15.77
1306,1307,15.77
394,132,15.77
1694,1676,15.77
4,169,15.77
1101,1162,15.77
1171,1182,15.77
1757,538,15.77
1312,1718,15.77
352,584,15.77
1636,1637,15.77
42,334,15.76
584,786,15.76
1166,1102,15.76
1103,1105,15.76
401,143,15.75
1041,1301,15.75
361,356,15.75
776,774,15.75
259,260,15.75
350,346,15.75
1757,1137,15.75
360,132,15.75
1759,1402,15.75
1672,1668,15.75
332,337,15.74
350,358,15.74
161,163,15.74
170,132,15.74
355,357,15.74
719,775,15.74
50,38,15.74
1668,1663,15.74
133,50,15.74
1572,1718,15.74
51,340,15.73
1697,1680,15.73
301,295,15.73
1191,811,15.73
39,297,15.73
908,910,15.73
311,584,15.73
1433,1224,15.73
370,370,15.73
330,110,15.73
298,299,15.72
822,817,15.72
481,475,15.72
346,335,15.72
4,156,15.71
141,378,15.71
1255,1277,15.71
1425,1261,15.71
1035,990,15.71
65,50,15.71
528,521,15.71
776,1224,15.71
1423,1424,15.71
953,918,15.7
131,48,15.7
332,339,15.7
303,291,15.7
285,302,15.7
323,299,15.7
171,151,15.7
305,32,15.7
398,398,15.7
357,353,15.7
1344,1068,15.69
346,351,15.69
1565,1568,15.69
330,51,15.69
779,584,15.69
66,66,15.69
521,584,15.69
148,396,15.68
1456,1456,15.68
1184,1219,15.68
423,424,15.68
1685,1661,15.68
584,521,15.68
561,584,15.68
136,138,15.68
355,363,15.67
36,303,15.67
82,136,15.67
1273,797,15.67
1314,1718,15.67
371,363,15.67
392,388,15.66
138,141,15.66
42,348,15.66
1027,1064,15.66
1586,1634,15.66
1022,1025,15.66
316,41,15.66
53,352,15.65
340,47,15.65
46,156,15.65
1301,1718,15.65
331,602,15.64
65,53,15.64
37,316,15.64
1644,1729,15.64
351,50,15.64
1763,1757,15.64
155,145,15.64
1278,797,15.64
970,719,15.64
371,352,15.64
1099,1091,15.63
336,130,15.63
1668,1664,15.63
1092,1162,15.63
1248,1223,15.63
392,398,15.63
794,801,15.63
43,81,15.62
300,302,15.62
7,1658,15.62
51,43,15.62
37,303,15.62
1191,717,15.62
369,378,15.62
167,1658,15.62
339,353,15.61
367,373,15.61
141,81,15.61
326,302,15.61
332,341,15.61
337,339,15.61
1435,1419,15.6
297,305,15.6
570,301,15.6
601,608,15.6
42,311,15.6
339,328,15.6
132,372,15.59
53,330,15.59
1098,1109,15.59
1205,1413,15.59
584,912,15.59
728,719,15.59
1299,1302,15.59
1038,1040,15.59
694,427,15.59
39,141,15.59
329,310,15.59
50,339,15.58
288,32,15.58
361,634,15.58
354,372,15.58
1065,1718,15.58
1669,1673,15.58
1700,1658,15.57
131,137,15.57
1657,1667,15.57
334,48,15.57
1418,1425,15.57
839,1271,15.57
1776,1695,15.57
1091,1174,15.57
164,413,15.56
1262,1261,15.56
39,365,15.56
618,584,15.56
602,598,15.56
377,81,15.56
1181,1106,15.56
805,794,15.56
1103,1082,15.55
28,1685,15.55
1698,1702,15.55
606,882,15.55
821,969,15.55
786,737,15.55
40,38,15.55
161,169,15.55
317,329,15.55
371,131,15.55
1068,1020,15.54
148,140,15.54
433,694,15.54
151,378,15.54
347,137,15.53
370,372,15.53
58,81,15.53
174,168,15.53
82,139,15.53
521,520,15.53
1174,1180,15.53
982,1041,15.53
348,81,15.53
347,372,15.53
1677,1689,15.52
353,335,15.52
1700,1697,15.52
38,38,15.52
587,602,15.52
1747,264,15.52
1328,1336,15.52
167,163,15.51
149,143,15.51
591,771,15.51
341,355,15.51
1592,1594,15.51
88,82,15.51
1697,1688,15.5
1205,1204,15.5
419,413,15.5
42,340,15.5
638,918,15.5
368,614,15.5
1344,1347,15.5
110,378,15.5
332,344,15.5
1263,1278,15.5
811,770,15.5
305,303,15.5
43,328,15.5
351,334,15.49
40,311,15.49
371,133,15.49
402,388,15.49
71,132,15.49
368,370,15.49
1432,1252,15.49
1108,1166,15.49
110,346,15.49
1419,1261,15.48
161,161,15.48
133,53,15.48
1192,1188,15.48
334,50,15.47
1174,1109,15.47
970,786,15.47
1710,1658,15.47
69,110,15.47
41,35,15.47
763,766,15.47
1637,1592,15.47
50,145,15.47
655,918,15.46
1687,1670,15.46
49,151,15.46
1179,1757,15.46
808,841,15.46
355,352,15.46
1088,1757,15.46
1259,841,15.46
166,156,15.46
297,311,15.45
250,258,15.45
1671,1691,15.45
46,151,15.45
774,829,15.45
82,78,15.45
1566,1068,15.45
38,49,15.45
1757,1160,15.45
430,413,15.44
75,66,15.44
1566,1023,15.44
136,144,15.44
347,351,15.44
1021,1024,15.44
158,137,15.44
356,350,15.44
1722,1775,15.43
43,316,15.43
47,136,15.43
37,317,15.43
1702,1661,15.42
1224,1252,15.42
1259,1767,15.42
1027,1074,15.42
131,52,15.42
330,347,15.42
71,65,15.42
620,613,15.41
1276,1278,15.41
47,65,15.41
1673,1711,15.41
797,806,15.41
165,164,15.41
1420,1446,15.41
333,302,15.41
579,587,15.41
843,839,15.4
637,631,15.4
338,346,15.4
167,160,15.4
985,986,15.4
388,389,15.4
1762,1759,15.4
1098,1102,15.39
1103,1111,15.39
404,392,15.39
84,75,15.39
1681,1778,15.39
1027,1568,15.39
1307,1040,15.39
1103,1108,15.39
324,348,15.39
815,811,15.39
1342,1331,15.39
912,631,15.39
393,392,15.39
409,410,15.39
1569,1569,15.38
32,50,15.38
41,321,15.38
587,591,15.38
139,156,15.38
709,1747,15.38
323,310,15.38
1715,1714,15.38
1336,1324,15.37
333,132,15.37
147,141,15.37
822,761,15.37
348,323,15.37
1402,1760,15.37
318,328,15.37
40,584,15.37
1343,1334,15.37
738,786,15.37
36,336,15.37
418,411,15.36
337,325,15.36
1697,1694,15.36
140,138,15.36
1435,797,15.36
1019,929,15.36
1081,1096,15.36
155,150,15.36
81,80,15.35
521,719,15.35
1430,1435,15.35
1184,1179,15.35
1672,1660,15.35
258,264,15.35
628,634,15.34
38,302,15.34
1679,1689,15.34
1227,1224,15.34
365,341,15.33
38,316,15.33
786,750,15.33
333,344,15.33
587,302,15.33
1271,839,15.33
1182,521,15.33
1697,1778,15.33
544,302,15.33
158,139,15.33
1402,1759,15.32
353,137,15.32
1697,1714,15.32
822,841,15.32
402,394,15.32
110,347,15.32
395,392,15.32
378,369,15.32
316,323,15.32
1111,1111,15.32
379,379,15.32
1771,1263,15.32
302,311,15.32
334,41,15.31
328,302,15.31
351,337,15.31
337,338,15.31
317,317,15.31
110,354,15.31
1682,1711,15.31
1282,1278,15.31
332,326,15.3
42,342,15.3
395,389,15.3
166,151,15.3
505,504,15.3
378,131,15.3
1672,1702,15.3
348,82,15.3
329,301,15.3
1689,1664,15.3
52,340,15.29
769,770,15.29
1306,1040,15.29
1027,1046,15.29
291,296,15.29
377,392,15.29
920,1019,15.29
1682,1669,15.29
402,142,15.29
407,412,15.29
352,336,15.29
82,365,15.28
348,378,15.28
791,811,15.28
147,158,15.28
794,762,15.28
401,412,15.28
1152,523,15.27
401,395,15.27
36,53,15.27
1413,1446,15.27
1628,1024,15.27
1105,1099,15.27
37,282,15.26
297,301,15.26
306,299,15.26
1259,1457,15.25
747,584,15.25
161,155,15.25
1771,1302,15.25
591,608,15.25
1594,1587,15.25
614,619,15.25
1686,1695,15.25
152,396,15.25
1677,1660,15.24
1281,1277,15.24
1435,1424,15.24
1026,1568,15.24
1038,1301,15.24
1659,1657,15.24
948,918,15.24
1169,1106,15.23
376,372,15.23
822,804,15.23
81,48,15.23
390,136,15.23
1312,1314,15.23
139,390,15.23
352,344,15.23
1457,1486,15.23
562,521,15.23
1680,1697,15.23
398,132,15.22
1032,843,15.22
356,367,15.22
1639,1634,15.22
82,46,15.22
1430,1446,15.22
1691,1694,15.22
504,505,15.22
1705,1686,15.21
1282,1263,15.21
1747,1743,15.21
907,918,15.21
410,409,15.21
317,584,15.21
71,53,15.21
333,352,15.21
320,302,15.2
610,343,15.2
1429,1409,15.2
1094,1098,15.2
933,915,15.2
822,982,15.2
34,316,15.2
1205,1446,15.2
377,359,15.19
1108,1111,15.19
1586,1582,15.19
610,355,15.19
434,433,15.19
2,151,15.19
133,110,15.19
1777,1701,15.19
341,372,15.19
48,347,15.19
1280,1261,15.19
329,332,15.18
1456,1261,15.18
1526,712,15.18
304,32,15.18
1486,1480,15.18
1103,1095,15.18
341,598,15.17
1226,719,15.17
1409,1420,15.17
42,130,15.17
1341,1718,15.17
320,587,15.17
356,369,15.17
328,323,15.17
918,917,15.17
132,53,15.16
1276,1271,15.16
1756,1754,15.16
1205,1191,15.16
771,970,15.15
316,318,15.15
1759,1100,15.15
332,598,15.15
327,339,15.15
632,912,15.15
334,47,15.15
1203,1757,15.15
32,297,15.15
1,137,15.14
50,302,15.14
53,76,15.14
1068,1051,15.14
402,377,15.14
130,45,15.14
1338,1332,15.14
377,346,15.14
617,584,15.14
1510,1747,15.13
1599,1594,15.13
1029,920,15.13
1709,1753,15.13
32,324,15.13
340,338,15.13
1408,1760,15.13
1759,1413,15.13
634,132,15.13
324,300,15.12
1343,1344,15.12
329,38,15.12
1282,1273,15.12
1026,916,15.12
758,750,15.12
377,918,15.12
70,110,15.12
1585,1587,15.12
1668,1657,15.12
49,44,15.12
47,316,15.11
339,356,15.11
1318,1311,15.11
46,316,15.11
39,71,15.11
108,110,15.11
1091,1082,15.11
1424,1420,15.11
1510,519,15.11
340,110,15.1
132,50,15.1
1513,1747,15.1
841,786,15.1
150,143,15.1
340,614,15.1
1219,1757,15.1
299,34,15.1
377,142,15.09
1346,1718,15.09
1181,1192,15.09
638,614,15.09
158,159,15.09
743,719,15.08
592,591,15.08
1017,1025,15.08
1347,1331,15.08
369,379,15.08
370,376,15.08
1757,1183,15.08
1409,1424,15.08
788,794,15.07
374,132,15.07
758,719,15.07
164,143,15.07
1182,1178,15.07
392,400,15.07
475,481,15.07
49,65,15.07
306,324,15.07
1040,1051,15.06
53,354,15.06
1278,1280,15.06
36,317,15.06
791,719,15.06
1029,1016,15.06
352,363,15.06
1057,1068,15.05
1702,1695,15.05
148,149,15.05
328,324,15.05
620,611,15.05
329,299,15.05
1029,916,15.05
1273,1276,15.05
165,402,15.05
45,34,15.05
339,53,15.04
1040,1039,15.04
1687,1668,15.04
292,305,15.04
774,1252,15.04
82,74,15.04
1105,1162,15.04
299,300,15.03
1038,990,15.03
138,377,15.03
138,384,15.03
1540,706,15.03
151,152,15.03
140,50,15.03
630,918,15.03
1586,1585,15.03
1302,1307,15.03
481,712,15.03
712,708,15.03
133,369,15.03
562,572,15.03
1591,1582,15.03
1682,1688,15.03
1733,1747,15.03
1040,985,15.03
1672,1687,15.02
311,303,15.02
1029,1568,15.02
650,918,15.02
1408,1235,15.02
1757,522,15.02
38,47,15.02
49,353,15.02
1392,1760,15.02
140,110,15.02
1035,985,15.02
358,355,15.02
316,305,15.02
1710,1668,15.02
1776,1747,15.01
529,524,15.01
347,323,15.01
136,377,15.01
333,337,15.01
1302,1303,15.01
792,749,15.01
34,317,15.01
1081,1106,15.01
1025,1002,15.01
32,318,15.01
1757,1203,15.0
1174,1177,15.0
719,774,15.0
628,633,15.0
1433,1223,15.0
1702,1712,15.0
544,1150,15.0
1432,1432,14.99
1263,1280,14.99
1336,1068,14.99
161,174,14.99
1311,1068,14.99
365,49,14.99
1757,1246,14.99
130,335,14.98
1068,1056,14.98
1236,1235,14.98
946,918,14.98
1432,1426,14.98
584,340,14.98
1181,794,14.98
1040,1300,14.98
432,424,14.97
377,356,14.97
82,130,14.97
49,71,14.97
1656,1660,14.97
367,374,14.97
45,312,14.97
726,786,14.96
1175,1178,14.96
334,327,14.96
1692,1677,14.96
358,340,14.96
173,169,14.96
1330,1311,14.96
396,147,14.96
1179,1176,14.95
130,143,14.95
400,396,14.95
130,366,14.95
147,138,14.95
378,376,14.94
355,344,14.94
797,750,14.94
51,42,14.94
341,602,14.94
1759,1206,14.94
82,47,14.94
48,40,14.94
1709,1687,14.94
1757,1172,14.94
1433,1261,14.94
1205,1106,14.94
340,41,14.94
1716,1342,14.94
171,165,14.94
155,167,14.94
410,403,14.93
858,857,14.93
175,174,14.93
1419,1423,14.93
48,81,14.93
377,367,14.93
170,413,14.93
1111,1162,14.93
352,614,14.93
37,336,14.93
148,141,14.93
360,131,14.92
340,130,14.92
1488,1767,14.92
401,408,14.92
829,797,14.92
86,75,14.92
366,378,14.91
1056,1718,14.91
351,336,14.91
347,355,14.91
368,372,14.91
48,131,14.91
1679,1680,14.9
1029,908,14.9
1162,1096,14.9
341,82,14.9
632,637,14.9
625,625,14.9
1693,1696,14.9
37,48,14.89
292,303,14.89
1025,1053,14.89
318,297,14.89
1094,1174,14.89
361,584,14.89
353,41,14.89
153,152,14.89
300,312,14.89
39,301,14.89
358,363,14.89
300,305,14.89
341,359,14.89
1688,1687,14.89
1255,1264,14.89
48,346,14.88
1419,1435,14.88
594,584,14.88
318,334,14.88
377,368,14.88
927,918,14.88
713,1191,14.88
159,402,14.88
43,131,14.88
371,376,14.87
377,347,14.87
53,40,14.87
340,51,14.87
38,317,14.87
40,132,14.87
778,584,14.87
31,32,14.87
584,918,14.87
871,584,14.86
740,584,14.86
323,38,14.86
1026,908,14.86
1662,1672,14.86
884,884,14.86
432,413,14.86
368,358,14.86
1691,1662,14.86
396,156,14.86
1101,1101,14.86
312,335,14.86
357,131,14.86
806,810,14.86
1210,1171,14.86
261,260,14.86
1096,1085,14.85
1109,1181,14.85
130,133,14.85
118,132,14.85
396,378,14.85
169,132,14.85
1409,1235,14.85
352,49,14.85
1430,1419,14.85
715,521,14.85
1420,1424,14.85
165,166,14.85
584,320,14.85
1593,1597,14.84
149,137,14.84
104,39,14.84
761,864,14.84
365,354,14.84
38,336,14.84
396,388,14.84
1564,1065,14.84
1436,1435,14.83
1718,1040,14.83
1700,1685,14.83
1702,1747,14.83
1074,1068,14.83
133,390,14.83
519,264,14.83
1759,1166,14.83
53,324,14.83
1409,1181,14.82
1328,1311,14.82
140,53,14.82
1111,1102,14.82
1150,1152,14.82
356,346,14.81
1443,1408,14.81
572,587,14.81
378,138,14.81
1419,1456,14.81
732,786,14.81
346,354,14.81
1709,1691,14.81
1025,1566,14.81
1162,1095,14.81
110,335,14.81
165,408,14.81
361,363,14.8
1108,1162,14.8
1029,1065,14.8
809,794,14.8
401,390,14.8
475,709,14.8
378,371,14.8
1435,1446,14.79
1762,1767,14.79
335,110,14.79
46,38,14.78
316,324,14.78
1246,1252,14.78
1406,1409,14.78
1013,1020,14.78
345,348,14.78
744,584,14.77
764,857,14.77
299,297,14.77
1710,1677,14.77
611,912,14.77
519,1747,14.77
1679,1669,14.77
1210,1206,14.77
1757,729,14.76
300,306,14.76
147,149,14.76
356,361,14.76
880,886,14.76
1677,1657,14.76
323,306,14.76
1679,1663,14.75
1046,1301,14.75
1205,1179,14.75
346,52,14.75
1732,1593,14.75
599,864,14.75
911,915,14.75
1709,1682,14.75
1637,1587,14.75
326,587,14.75
1686,1711,14.75
366,131,14.74
1303,1311,14.74
624,918,14.74
1661,1702,14.74
1662,1659,14.74
532,521,14.74
1324,1718,14.74
740,729,14.74
365,133,14.74
985,886,14.74
330,346,14.74
1150,1191,14.74
170,412,14.74
110,69,14.73
1200,1205,14.73
53,32,14.73
737,737,14.73
1314,1337,14.73
33,318,14.73
1759,1162,14.73
1771,1306,14.73
335,52,14.73
42,328,14.72
39,294,14.72
105,49,14.72
715,1188,14.72
1169,1098,14.72
709,694,14.72
1209,1174,14.72
1020,1017,14.71
155,139,14.71
324,342,14.71
263,262,14.71
1248,1252,14.71
48,334,14.71
1403,1408,14.71
1074,1718,14.71
1404,1408,14.71
1718,1046,14.71
1,168,14.71
304,303,14.71
813,797,14.7
338,333,14.7
1696,1664,14.7
1686,1683,14.7
82,83,14.7
771,599,14.7
384,378,14.7
367,361,14.7
371,50,14.69
326,333,14.69
104,75,14.69
1236,1193,14.69
44,49,14.69
357,633,14.69
1402,1402,14.69
619,613,14.69
371,53,14.69
1261,1457,14.69
946,1019,14.68
47,353,14.68
1753,263,14.68
165,169,14.68
376,375,14.68
914,908,14.68
77,71,14.68
427,434,14.68
637,638,14.68
299,292,14.67
1166,1101,14.67
1429,1408,14.67
45,328,14.67
359,358,14.67
1235,1396,14.67
779,1224,14.67
46,71,14.67
757,770,14.67
139,133,14.67
306,33,14.67
906,918,14.67
1760,1478,14.67
1564,1566,14.67
1732,1637,14.67
1046,1053,14.66
1699,1686,14.66
810,810,14.66
1640,1597,14.66
985,885,14.66
1064,1064,14.65
1311,1342,14.65
1255,1425,14.65
153,396,14.65
49,328,14.65
48,324,14.65
771,719,14.65
843,841,14.65
1609,1591,14.65
1024,1075,14.65
377,357,14.64
369,355,14.64
1430,1457,14.64
1698,1686,14.64
368,362,14.64
1182,719,14.64
646,918,14.64
260,260,14.64
1692,1694,14.64
1176,1757,14.64
1299,1300,14.64
1639,1639,14.64
1718,1729,14.64
263,1686,14.64
36,35,14.64
587,578,14.63
378,396,14.63
1778,1690,14.63
1658,205,14.63
1776,1659,14.62
1718,1306,14.62
104,41,14.62
358,357,14.62
328,42,14.62
1300,1300,14.62
711,712,14.62
349,614,14.62
1300,1306,14.62
347,614,14.62
1443,1409,14.61
312,297,14.61
1201,1193,14.61
53,77,14.61
333,345,14.61
327,329,14.61
328,46,14.61
1223,1249,14.61
434,694,14.61
935,918,14.61
1771,1277,14.61
1206,1100,14.61
1696,22,14.6
328,49,14.6
1027,1040,14.6
1689,1704,14.6
158,164,14.6
346,110,14.6
836,839,14.6
43,156,14.6
139,135,14.6
1046,1019,14.6
1425,1433,14.6
338,355,14.59
544,545,14.59
1671,1656,14.59
353,47,14.59
1102,1162,14.59
136,134,14.59
50,83,14.59
1651,1609,14.59
1082,1084,14.58
346,46,14.58
969,841,14.58
811,761,14.58
340,302,14.58
403,411,14.58
787,719,14.58
1277,797,14.58
52,45,14.58
1259,1276,14.58
45,137,14.58
1205,1203,14.58
322,584,14.58
1432,1263,14.57
1747,1525,14.57
148,153,14.57
1043,1301,14.57
697,706,14.57
614,631,14.57
34,330,14.57
737,811,14.57
1718,1591,14.57
353,377,14.56
885,886,14.56
1759,1181,14.56
1682,1663,14.56
1776,223,14.56
1702,1777,14.56
163,132,14.56
407,408,14.56
81,88,14.55
1013,1023,14.55
1674,1676,14.55
241,22,14.55
1680,1678,14.55
931,912,14.55
378,140,14.55
563,587,14.54
331,614,14.54
41,346,14.54
152,152,14.54
130,377,14.54
951,1019,14.54
1152,524,14.54
352,131,14.54
141,155,14.54
49,139,14.54
1677,1664,14.54
1747,502,14.54
841,1272,14.53
140,378,14.53
840,841,14.53
839,825,14.53
331,325,14.53
1171,1099,14.53
709,470,14.53
1592,1597,14.53
104,48,14.53
877,584,14.53
350,340,14.53
351,333,14.53
158,153,14.52
365,376,14.52
1306,1312,14.52
39,321,14.52
152,139,14.52
164,400,14.52
49,156,14.52
137,140,14.52
1206,1166,14.52
208,22,14.52
47,372,14.52
1347,1334,14.51
1109,1103,14.51
317,34,14.51
1692,1702,14.51
146,151,14.51
294,34,14.51
768,584,14.51
424,413,14.51
1767,1768,14.5
81,83,14.5
346,355,14.5
65,66,14.5
39,292,14.5
1065,1019,14.5
1277,1301,14.49
839,843,14.49
41,81,14.49
1593,1634,14.49
1743,1714,14.49
130,156,14.49
351,633,14.49
1191,713,14.48
133,138,14.48
1299,1306,14.48
404,400,14.48
384,143,14.48
1223,1246,14.48
334,330,14.48
776,750,14.48
75,58,14.48
335,40,14.48
343,344,14.48
892,886,14.48
141,138,14.48
1495,513,14.48
1330,1324,14.47
139,75,14.47
344,602,14.47
1189,1191,14.47
572,578,14.47
1103,1101,14.47
317,305,14.47
1694,1678,14.47
351,131,14.47
364,355,14.47
912,611,14.47
1709,1667,14.47
637,912,14.47
337,331,14.46
348,344,14.46
1757,1240,14.46
1333,1333,14.46
806,584,14.46
1683,1704,14.46
1426,1420,14.46
340,327,14.46
345,351,14.46
398,388,14.46
137,143,14.45
806,825,14.45
447,447,14.45
1278,1301,14.45
333,598,14.45
356,628,14.45
368,375,14.45
1688,1667,14.45
130,136,14.45
562,771,14.45
133,81,14.45
42,38,14.45
165,173,14.45
402,392,14.45
520,1150,14.45
372,133,14.44
167,165,14.44
1113,1757,14.44
138,156,14.44
341,322,14.44
84,84,14.44
260,261,14.44
1634,1594,14.44
1032,839,14.44
148,147,14.44
638,633,14.43
708,697,14.43
1702,1679,14.43
792,811,14.43
285,291,14.43
1178,1181,14.43
1643,1643,14.43
1662,205,14.43
1675,1663,14.43
1777,1711,14.42
291,292,14.42
1704,1681,14.42
45,36,14.42
71,137,14.42
584,336,14.42
299,584,14.41
846,841,14.41
394,393,14.41
53,58,14.41
139,82,14.41
1046,1718,14.41
346,51,14.41
1566,1634,14.41
601,599,14.41
1749,1714,14.4
300,36,14.4
1184,1176,14.4
358,364,14.4
747,719,14.4
1344,1343,14.4
794,770,14.4
766,857,14.4
1191,1223,14.4
1457,1263,14.4
400,401,14.4
907,912,14.4
147,148,14.4
1273,1264,14.39
311,32,14.39
1032,1301,14.39
1203,1205,14.39
139,384,14.39
584,337,14.39
1669,1681,14.38
378,136,14.38
1159,1162,14.38
841,845,14.38
716,723,14.38
131,348,14.38
325,602,14.38
49,312,14.38
339,130,14.38
402,424,14.38
340,52,14.38
1261,797,14.38
582,301,14.38
387,388,14.38
205,1658,14.37
159,159,14.37
1040,1307,14.37
377,380,14.37
1683,1662,14.37
1657,1659,14.37
1184,1223,14.37
1261,1255,14.37
33,282,14.37
110,133,14.37
413,432,14.37
1712,1691,14.37
164,158,14.36
1696,1657,14.36
1205,1425,14.36
1686,263,14.36
855,771,14.36
139,396,14.36
53,372,14.36
1418,1408,14.36
1433,1429,14.36
357,345,14.36
822,857,14.36
1718,1568,14.36
327,302,14.36
156,141,14.36
1024,1566,14.36
153,141,14.36
1495,259,14.36
1689,22,14.36
1753,1654,14.35
43,151,14.35
143,151,14.35
840,797,14.35
1700,1705,14.35
1594,1637,14.34
148,400,14.34
50,59,14.34
33,324,14.34
808,970,14.34
166,167,14.34
342,358,14.34
22,1660,14.34
1759,1174,14.34
839,842,14.34
39,75,14.34
1028,1027,14.33
365,357,14.33
151,138,14.33
1064,1718,14.33
422,424,14.33
52,347,14.33
180,156,14.33
1700,1681,14.33
58,82,14.33
330,321,14.33
587,614,14.33
1718,1628,14.33
1255,1252,14.33
1714,1743,14.32
982,989,14.32
697,412,14.32
1686,1690,14.32
1111,1181,14.32
335,51,14.32
350,337,14.32
106,132,14.32
1581,1583,14.32
333,325,14.32
395,132,14.32
1759,1082,14.31
1699,1702,14.31
1657,1677,14.31
1718,1016,14.31
1326,1718,14.31
167,141,14.31
34,294,14.31
1040,1035,14.31
321,329,14.31
159,408,14.31
1669,1660,14.3
757,786,14.3
584,631,14.3
352,339,14.3
66,75,14.3
344,356,14.3
1717,1337,14.3
1263,1435,14.3
1669,1685,14.3
1105,1108,14.3
481,709,14.3
164,151,14.29
339,302,14.29
797,749,14.29
47,317,14.29
1029,955,14.29
776,521,14.29
591,579,14.29
332,325,14.29
1663,1672,14.29
560,572,14.29
339,365,14.28
1272,839,14.28
318,33,14.28
42,51,14.28
806,808,14.28
82,151,14.28
572,560,14.28
1663,1676,14.28
311,39,14.28
607,608,14.28
334,302,14.28
52,584,14.28
39,291,14.28
334,132,14.28
332,338,14.27
167,1,14.27
1278,1271,14.27
1026,933,14.27
807,797,14.27
1040,1718,14.27
1037,982,14.27
903,915,14.27
401,394,14.27
717,719,14.26
820,811,14.26
49,372,14.26
1019,1068,14.26
352,357,14.26
882,888,14.26
1235,1240,14.26
311,318,14.26
1679,1682,14.26
1676,1657,14.26
841,829,14.26
141,390,14.25
375,375,14.25
161,173,14.25
180,1658,14.25
42,302,14.25
375,376,14.25
1375,1771,14.25
37,281,14.25
46,65,14.24
757,756,14.24
1179,1175,14.24
797,970,14.24
414,412,14.24
1343,1338,14.24
912,911,14.24
43,317,14.23
1751,1751,14.23
1298,1302,14.23
336,302,14.23
164,412,14.23
985,1019,14.23
1778,1713,14.23
366,137,14.23
1084,1085,14.23
1027,1015,14.23
377,52,14.23
1347,1343,14.23
1685,28,14.23
51,346,14.22
619,611,14.22
1426,1408,14.22
951,951,14.22
1670,1672,14.22
1248,1246,14.22
1029,933,14.22
1224,794,14.22
1592,1609,14.22
1657,1686,14.22
1307,1312,14.22
42,316,14.22
318,340,14.22
77,77,14.21
1704,1674,14.21
969,985,14.21
1662,223,14.21
364,369,14.21
1081,1091,14.21
1746,1754,14.21
1100,1111,14.21
1408,1181,14.21
339,343,14.21
4,1,14.21
292,285,14.21
341,312,14.2
1446,1456,14.2
1625,1753,14.2
321,321,14.2
744,794,14.2
165,174,14.2
354,359,14.2
22,241,14.2
1025,920,14.2
927,915,14.2
144,144,14.2
841,750,14.19
1267,1261,14.19
109,137,14.19
970,761,14.19
1674,1711,14.19
1495,258,14.19
1496,263,14.19
1273,1280,14.19
1594,1585,14.19
170,424,14.19
137,50,14.19
1598,1637,14.19
372,131,14.19
1027,912,14.19
1669,1678,14.18
912,910,14.18
33,294,14.18
1040,1019,14.18
350,339,14.18
170,156,14.18
264,260,14.18
22,21,14.18
612,614,14.18
1691,1679,14.18
392,399,14.18
82,109,14.18
327,335,14.17
181,169,14.17
390,413,14.17
1526,1753,14.17
818,970,14.17
858,770,14.17
562,301,14.17
982,1035,14.17
133,371,14.17
1568,1565,14.16
138,136,14.16
1314,1306,14.16
371,139,14.16
34,297,14.16
326,340,14.16
1775,1342,14.16
980,985,14.16
910,916,14.16
1634,1068,14.16
335,333,14.15
401,388,14.15
513,263,14.15
363,364,14.15
151,154,14.15
150,139,14.15
48,329,14.15
81,151,14.15
970,982,14.15
300,37,14.15
821,825,14.15
369,633,14.15
71,77,14.15
329,306,14.14
161,168,14.14
34,292,14.14
721,729,14.14
333,326,14.14
333,49,14.14
110,40,14.14
1091,1098,14.14
1521,708,14.14
1763,1761,14.14
130,71,14.14
34,53,14.14
1718,1025,14.13
434,424,14.13
341,326,14.13
315,302,14.13
1181,1206,14.13
1408,1444,14.13
335,130,14.13
1776,241,14.13
299,33,14.13
104,104,14.12
365,75,14.12
393,388,14.12
1083,1757,14.12
1106,1095,14.12
1169,1176,14.12
326,334,14.12
661,918,14.12
560,566,14.12
134,139,14.12
1027,1013,14.12
1692,1676,14.11
1259,584,14.11
1349,1337,14.11
803,811,14.11
1029,954,14.11
795,794,14.11
1757,529,14.11
982,1019,14.11
618,611,14.11
982,1001,14.11
259,264,14.11
1730,1644,14.11
352,50,14.1
9,1657,14.1
614,599,14.1
329,598,14.1
1760,1425,14.1
394,396,14.1
41,281,14.1
1099,1101,14.09
855,970,14.09
1246,1205,14.09
762,794,14.09
599,771,14.09
979,970,14.09
36,329,14.09
985,973,14.09
1672,1689,14.08
778,1191,14.08
1697,1677,14.08
808,825,14.08
1592,1585,14.08
145,150,14.08
770,858,14.08
1686,1705,14.08
1628,1065,14.08
401,151,14.08
47,333,14.08
1694,1709,14.08
1343,1330,14.08
367,584,14.07
339,602,14.07
263,1702,14.07
109,130,14.07
1770,1769,14.07
45,347,14.07
49,339,14.07
1143,521,14.06
50,133,14.06
50,316,14.06
1180,1181,14.06
776,792,14.06
340,330,14.06
353,364,14.06
323,53,14.05
353,371,14.05
41,282,14.05
1191,524,14.05
797,835,14.05
818,797,14.05
1106,1082,14.05
318,301,14.05
762,811,14.05
298,303,14.05
265,258,14.05
145,144,14.05
149,132,14.05
1753,1743,14.05
1432,829,14.05
110,54,14.04
1001,982,14.04
357,584,14.04
1771,1300,14.04
133,140,14.04
370,377,14.04
131,352,14.04
110,116,14.04
562,544,14.04
1636,1636,14.04
843,797,14.04
836,1259,14.04
312,48,14.04
1688,1658,14.03
33,303,14.03
1026,1013,14.03
46,141,14.03
1658,1672,14.03
344,341,14.03
1661,1682,14.03
354,41,14.03
396,137,14.03
1302,1312,14.03
1328,1328,14.03
1182,1171,14.03
152,158,14.03
357,362,14.03
1671,1680,14.02
1759,1762,14.02
333,338,14.02
617,614,14.02
318,321,14.02
151,159,14.02
265,263,14.02
400,393,14.02
347,333,14.02
614,598,14.02
362,614,14.01
358,131,14.01
736,736,14.01
151,47,14.01
1565,1019,14.01
359,130,14.01
544,538,14.01
598,302,14.01
158,165,14.01
148,390,14.01
395,143,14.01
610,610,14.01
356,340,14.01
147,408,14.0
259,505,14.0
587,590,14.0
584,565,14.0
584,594,14.0
1670,1667,14.0
342,323,14.0
1688,1691,14.0
1419,1486,14.0
131,51,14.0
604,587,14.0
1278,841,13.99
1219,1223,13.99
1771,1446,13.99
1029,963,13.99
1137,1137,13.99
1478,1771,13.99
25,22,13.99
354,47,13.99
1593,1582,13.99
844,841,13.99
771,572,13.99
1,4,13.99
75,46,13.98
47,140,13.98
1668,1666,13.98
345,358,13.98
786,729,13.98
620,625,13.98
1305,1306,13.98
1760,1402,13.98
334,348,13.98
569,584,13.98
1660,1664,13.98
1413,1425,13.98
1330,1334,13.98
300,39,13.97
367,356,13.97
1564,1019,13.97
709,482,13.97
1009,1002,13.97
1205,1109,13.97
1169,1109,13.97
1108,1102,13.97
1731,1729,13.97
341,325,13.97
723,1191,13.97
261,259,13.97
341,81,13.97
1209,1206,13.97
1705,1709,13.97
1677,1672,13.97
1710,1705,13.97
153,155,13.96
175,1,13.96
310,311,13.96
311,41,13.96
1687,1703,13.96
362,358,13.96
1757,32,13.96
58,65,13.96
1029,950,13.96
134,378,13.96
2,1657,13.95
363,362,13.95
136,52,13.95
1672,1680,13.95
400,411,13.95
700,694,13.95
43,347,13.95
335,311,13.95
857,766,13.95
1689,1660,13.95
1672,1682,13.95
22,1676,13.95
136,46,13.95
797,1252,13.95
328,50,13.94
584,970,13.94
130,141,13.94
329,326,13.94
158,147,13.94
1702,1662,13.94
152,137,13.94
355,362,13.94
69,82,13.94
587,586,13.93
4,2,13.93
1683,1701,13.93
1666,1674,13.93
1081,1098,13.93
327,336,13.93
334,342,13.92
1710,1683,13.92
1761,1763,13.92
879,886,13.92
863,584,13.92
764,794,13.92
1019,926,13.92
348,328,13.92
436,412,13.92
28,258,13.92
222,222,13.92
378,130,13.92
584,582,13.92
138,396,13.91
390,412,13.91
401,401,13.91
1193,1181,13.91
365,336,13.91
361,361,13.91
1760,1438,13.91
1092,1109,13.91
610,587,13.91
350,357,13.91
47,339,13.9
1036,1302,13.9
347,378,13.9
1599,1609,13.9
39,346,13.9
1667,1702,13.9
786,774,13.9
1182,1224,13.9
313,302,13.9
357,364,13.9
1687,1683,13.89
1694,1674,13.89
1572,1569,13.89
1329,1311,13.89
1688,1682,13.89
366,130,13.89
1331,1343,13.89
32,46,13.89
111,132,13.89
81,104,13.89
782,794,13.88
341,303,13.88
318,291,13.88
134,137,13.88
1037,1040,13.88
168,174,13.88
1348,1337,13.88
165,149,13.88
316,32,13.88
1703,1681,13.87
161,160,13.87
892,918,13.87
719,1190,13.87
829,1224,13.87
1687,1657,13.87
774,1223,13.87
1027,1002,13.87
886,611,13.86
1259,1258,13.86
908,916,13.86
1637,1581,13.86
1684,1658,13.86
618,614,13.86
712,481,13.86
304,311,13.86
367,634,13.85
1223,774,13.85
1687,1690,13.85
312,301,13.85
75,116,13.85
1335,1347,13.85
318,348,13.85
136,390,13.85
1331,1330,13.85
1065,1016,13.84
841,1301,13.84
1652,1747,13.84
1424,1423,13.84
306,303,13.84
167,143,13.84
49,302,13.84
33,43,13.84
590,590,13.84
175,137,13.84
1305,1301,13.84
772,771,13.84
744,750,13.84
1675,1681,13.83
39,139,13.83
316,317,13.83
132,378,13.83
66,82,13.83
390,394,13.83
910,1019,13.83
372,377,13.83
1433,1259,13.83
1669,223,13.83
133,151,13.83
151,158,13.83
175,167,13.82
1674,1656,13.82
766,794,13.82
300,41,13.82
173,137,13.82
350,363,13.82
697,410,13.82
339,598,13.82
750,761,13.82
407,402,13.82
1758,1193,13.82
1732,1739,13.82
1041,1036,13.82
138,133,13.82
82,58,13.82
1519,1747,13.81
1587,1637,13.81
380,132,13.81
749,584,13.81
357,339,13.81
1191,544,13.81
348,351,13.8
562,566,13.8
592,602,13.8
1675,1678,13.8
1046,982,13.8
533,521,13.8
150,155,13.8
1702,1676,13.8
688,694,13.8
970,810,13.8
894,918,13.8
149,139,13.79
1686,250,13.79
336,318,13.79
58,75,13.79
292,584,13.79
839,811,13.79
1694,1662,13.79
144,145,13.79
1572,1577,13.79
171,167,13.78
1017,1020,13.78
1565,1718,13.78
620,633,13.78
354,137,13.78
1205,1238,13.78
341,356,13.78
1017,915,13.78
1438,1446,13.78
39,109,13.78
1267,1277,13.78
1068,1019,13.78
1691,1672,13.78
328,132,13.78
1757,1762,13.78
1019,910,13.78
402,140,13.77
408,424,13.77
365,356,13.77
46,139,13.77
110,353,13.77
1205,1759,13.77
1024,982,13.77
620,602,13.77
771,882,13.77
983,982,13.77
709,1753,13.76
368,377,13.76
1091,1099,13.76
1776,151,13.76
1219,1191,13.76
1731,1733,13.76
36,281,13.76
1181,729,13.76
1046,1024,13.76
26,22,13.76
1696,1684,13.76
1582,1637,13.76
591,864,13.76
75,139,13.76
402,149,13.75
388,395,13.75
1100,1092,13.75
740,740,13.75
32,47,13.75
918,631,13.75
1661,1676,13.75
829,1223,13.75
339,46,13.75
330,303,13.74
572,766,13.74
916,1019,13.74
364,364,13.74
1771,1311,13.74
845,797,13.74
1757,1133,13.74
1687,1695,13.74
171,132,13.74
330,322,13.74
83,110,13.74
1205,1178,13.74
1182,1180,13.73
697,708,13.73
918,630,13.73
839,1036,13.73
109,65,13.73
410,413,13.73
1664,1696,13.73
1697,1678,13.73
814,811,13.73
137,75,13.73
973,990,13.73
1671,1684,13.73
1713,1711,13.73
362,633,13.72
1338,1338,13.72
1703,1701,13.72
1037,1301,13.72
142,139,13.72
1678,1684,13.72
390,134,13.72
951,1029,13.72
364,372,13.72
862,864,13.72
340,42,13.72
1190,729,13.72
74,74,13.72
616,602,13.72
1456,1486,13.72
721,786,13.71
392,404,13.71
329,291,13.71
1668,1660,13.71
49,141,13.71
50,377,13.71
1063,1068,13.71
1020,1053,13.71
1674,1694,13.71
736,1191,13.71
358,360,13.71
1307,1300,13.71
1776,169,13.7
610,608,13.7
327,598,13.7
333,46,13.7
153,159,13.7
819,970,13.7
52,365,13.7
764,719,13.7
40,316,13.7
345,355,13.7
1282,1261,13.7
1661,1689,13.7
1707,1710,13.7
982,1000,13.7
347,45,13.69
900,918,13.69
377,46,13.69
394,412,13.69
378,151,13.69
1264,1263,13.69
1019,1013,13.69
1713,1710,13.69
1423,1429,13.69
396,142,13.69
1162,1181,13.69
758,794,13.69
46,333,13.69
347,328,13.69
1572,1581,13.68
302,32,13.68
81,372,13.68
1226,829,13.68
916,914,13.68
1681,1709,13.68
407,132,13.68
797,1273,13.68
327,326,13.68
34,336,13.68
1686,264,13.67
1013,982,13.67
1259,836,13.67
39,136,13.67
521,1191,13.67
81,143,13.67
352,334,13.67
746,584,13.66
1105,1103,13.66
1702,1672,13.66
160,132,13.66
344,332,13.66
352,110,13.66
821,821,13.66
482,482,13.66
160,137,13.66
584,857,13.66
46,353,13.66
614,628,13.65
918,911,13.65
776,775,13.65
356,634,13.65
53,329,13.65
969,719,13.65
158,160,13.65
1046,1002,13.65
1581,1609,13.65
130,151,13.65
336,352,13.65
49,358,13.65
1261,1425,13.64
1776,1693,13.64
437,424,13.64
404,404,13.64
1714,1701,13.64
1100,1094,13.64
345,347,13.64
771,772,13.64
786,778,13.64
613,619,13.64
377,48,13.64
82,116,13.64
436,430,13.64
758,761,13.63
1444,1450,13.63
944,1019,13.63
1337,1334,13.63
368,373,13.63
316,329,13.63
296,301,13.63
1271,1273,13.63
1730,1718,13.63
614,617,13.63
263,507,13.63
797,839,13.63
360,358,13.63
342,81,13.63
131,139,13.63
1776,250,13.63
1409,1405,13.62
1307,1307,13.62
1096,1103,13.62
264,1495,13.62
1204,1174,13.62
797,1277,13.62
736,538,13.62
1255,839,13.62
1718,1029,13.62
37,329,13.62
37,45,13.62
547,547,13.62
377,135,13.62
1175,1191,13.61
1521,712,13.61
150,150,13.61
1651,1654,13.61
1312,1302,13.61
329,137,13.61
1334,1342,13.61
51,39,13.61
58,58,13.61
158,390,13.61
140,81,13.6
1684,1669,13.6
1271,1280,13.6
524,523,13.6
766,571,13.6
1235,1193,13.6
116,75,13.6
1709,263,13.6
171,413,13.59
370,378,13.59
1710,1747,13.59
77,132,13.59
797,804,13.59
1446,1435,13.59
863,771,13.59
406,411,13.59
1652,1654,13.59
1020,1027,13.59
587,579,13.59
1702,1693,13.59
985,915,13.58
38,329,13.58
341,378,13.58
436,697,13.58
879,885,13.58
722,1191,13.58
1259,1433,13.58
50,366,13.58
1188,1150,13.58
1032,1032,13.58
161,141,13.57
1446,1263,13.57
1204,1181,13.57
1725,1775,13.57
1713,1778,13.57
584,619,13.57
430,697,13.57
258,263,13.57
151,130,13.57
364,370,13.57
317,36,13.57
186,174,13.57
354,378,13.57
1235,1181,13.57
54,110,13.57
1035,970,13.56
1456,1435,13.56
1740,1747,13.56
53,353,13.56
148,144,13.56
1687,1700,13.56
1669,1674,13.56
141,130,13.56
71,78,13.56
398,404,13.56
377,412,13.56
143,396,13.56
982,884,13.56
337,332,13.56
138,372,13.56
110,32,13.56
1095,1103,13.56
378,53,13.56
1230,1760,13.55
371,360,13.55
345,614,13.55
153,140,13.55
1273,1271,13.55
338,345,13.55
1099,1105,13.55
1348,1342,13.55
137,156,13.55
164,165,13.55
1299,1036,13.55
1710,1687,13.55
352,53,13.55
393,412,13.55
614,633,13.54
1568,1019,13.54
1767,1478,13.54
1190,794,13.54
169,2,13.54
1430,1424,13.54
348,318,13.54
1764,1766,13.54
1676,1660,13.54
346,333,13.54
1301,990,13.53
1206,1171,13.53
130,330,13.53
1056,1056,13.53
625,631,13.53
52,335,13.53
330,327,13.53
362,369,13.53
1697,1671,13.53
52,346,13.53
130,355,13.53
1634,1609,13.53
378,50,13.53
841,821,13.52
614,626,13.52
1022,1024,13.52
1109,1082,13.52
311,312,13.52
1101,1102,13.52
334,347,13.52
390,50,13.52
1457,1771,13.51
1678,1710,13.51
23,1669,13.51
303,285,13.51
53,378,13.51
424,411,13.51
929,929,13.51
145,136,13.51
1695,1701,13.51
1081,1079,13.51
737,584,13.51
566,587,13.51
363,614,13.51
1566,1017,13.51
1444,1447,13.51
395,396,13.5
1075,1718,13.5
601,601,13.5
393,394,13.5
348,355,13.5
794,761,13.5
346,337,13.5
41,354,13.5
152,153,13.5
356,368,13.5
18,22,13.5
1169,1188,13.5
41,365,13.5
133,384,13.49
397,400,13.49
155,161,13.49
153,160,13.49
365,139,13.49
694,697,13.49
394,413,13.49
1272,1273,13.49
75,47,13.49
263,22,13.49
792,750,13.49
1678,1683,13.49
321,323,13.48
1676,1692,13.48
377,408,13.48
1471,1767,13.48
82,66,13.48
719,1223,13.48
794,737,13.48
148,402,13.48
41,156,13.48
1109,1105,13.48
334,352,13.48
1594,1595,13.48
357,344,13.48
470,709,13.48
133,49,13.48
719,716,13.48
1657,151,13.47
139,145,13.47
1716,1771,13.47
996,1002,13.47
1270,1263,13.47
371,364,13.47
1757,1199,13.47
151,165,13.47
363,346,13.47
841,813,13.46
624,631,13.46
1511,1511,13.46
769,766,13.46
1300,1036,13.46
646,614,13.46
1637,1598,13.46
888,584,13.46
326,337,13.46
1327,1718,13.46
133,141,13.46
40,110,13.46
171,143,13.46
130,334,13.46
1718,1627,13.45
579,579,13.45
333,50,13.45
377,145,13.45
53,140,13.45
1,167,13.45
408,137,13.45
1690,1687,13.45
622,614,13.45
1776,263,13.45
1747,1751,13.45
895,918,13.45
1675,1673,13.44
1747,709,13.44
1739,1731,13.44
1025,908,13.44
822,808,13.44
1696,1692,13.44
1403,1409,13.44
409,411,13.44
1165,1166,13.44
312,291,13.44
1668,1679,13.43
1718,1053,13.43
1661,156,13.43
83,82,13.43
864,863,13.43
711,709,13.43
745,719,13.43
1328,1334,13.43
287,32,13.43
1678,1701,13.43
328,316,13.43
1673,1714,13.43
584,562,13.43
75,130,13.43
351,364,13.43
130,363,13.43
390,152,13.42
138,134,13.42
906,912,13.42
1683,1672,13.42
781,719,13.42
1661,1679,13.42
1013,1022,13.42
352,48,13.41
326,602,13.41
1029,1022,13.41
371,366,13.41
46,339,13.41
326,341,13.41
613,602,13.41
373,367,13.41
579,578,13.41
351,362,13.41
712,475,13.41
1757,1413,13.41
1526,1525,13.41
1068,1337,13.41
1429,1457,13.41
1644,1637,13.4
337,346,13.4
75,86,13.4
1076,1068,13.4
1585,1586,13.4
1263,797,13.4
2,175,13.4
1314,1318,13.4
1712,1712,13.4
1551,1591,13.4
1679,1670,13.4
156,163,13.4
156,155,13.4
323,45,13.39
1718,1572,13.39
49,311,13.39
147,145,13.39
346,131,13.39
1676,258,13.39
1764,1446,13.39
1078,1082,13.39
312,292,13.39
562,719,13.39
369,137,13.38
324,33,13.38
1703,1691,13.38
1392,1757,13.38
22,205,13.38
604,337,13.38
505,1747,13.38
317,37,13.38
104,348,13.38
350,633,13.38
1702,263,13.38
82,69,13.37
761,858,13.37
1360,1771,13.37
1234,1193,13.37
1753,1511,13.37
331,332,13.37
1456,1426,13.37
341,317,13.37
334,324,13.37
191,197,13.37
606,602,13.37
390,144,13.37
914,916,13.37
133,358,13.37
109,104,13.37
1702,258,13.37
47,76,13.37
1684,1662,13.37
348,40,13.36
337,341,13.36
341,34,13.36
709,427,13.36
395,390,13.36
1668,1669,13.36
357,348,13.36
1174,1116,13.36
990,1040,13.36
169,173,13.36
1704,1689,13.36
143,390,13.36
839,1771,13.36
400,156,13.35
334,42,13.35
350,345,13.35
969,864,13.35
889,611,13.35
109,43,13.35
377,336,13.35
839,1264,13.35
1181,1109,13.35
1763,1766,13.35
50,317,13.35
706,707,13.35
1691,1669,13.34
359,352,13.34
368,361,13.34
258,22,13.34
1210,1100,13.34
1711,1677,13.34
886,882,13.34
321,336,13.34
36,48,13.34
1025,916,13.34
1420,1426,13.34
518,1747,13.34
78,71,13.34
637,614,13.34
151,46,13.33
886,584,13.33
333,41,13.33
292,297,13.33
841,818,13.33
697,692,13.33
173,168,13.33
1763,1760,13.33
159,167,13.33
761,794,13.33
297,292,13.33
65,58,13.32
82,88,13.32
970,882,13.32
2,174,13.32
1032,841,13.32
1259,1771,13.32
51,335,13.32
310,302,13.32
786,771,13.32
398,412,13.32
584,303,13.32
339,326,13.32
566,571,13.32
348,614,13.32
372,137,13.31
342,40,13.31
75,136,13.31
1718,1076,13.31
395,394,13.31
1329,1330,13.31
76,53,13.31
785,786,13.31
1586,1637,13.31
611,886,13.31
375,374,13.31
80,75,13.31
28,1677,13.31
133,82,13.31
1689,1700,13.31
81,70,13.3
632,630,13.3
744,811,13.3
47,143,13.3
1691,1714,13.3
53,358,13.3
333,348,13.3
636,918,13.3
1690,1701,13.3
1677,1700,13.3
371,355,13.3
335,352,13.3
1019,584,13.3
46,317,13.3
1277,1282,13.3
153,158,13.29
796,750,13.29
1581,1572,13.29
1632,1634,13.29
395,413,13.29
1205,719,13.29
719,1188,13.29
398,394,13.29
1077,1718,13.29
646,633,13.29
1337,1330,13.28
51,584,13.28
45,302,13.28
1757,1117,13.28
351,48,13.28
65,78,13.28
22,1657,13.28
1757,302,13.28
352,360,13.28
36,335,13.27
598,337,13.27
357,341,13.27
1026,1002,13.27
77,50,13.27
379,132,13.27
1408,1405,13.27
1339,1068,13.27
171,173,13.27
302,285,13.27
403,676,13.27
294,299,13.27
597,587,13.27
749,771,13.27
51,81,13.26
319,598,13.26
1430,1429,13.26
82,87,13.26
400,143,13.26
46,372,13.26
1660,1671,13.26
351,332,13.26
1255,794,13.26
1678,1656,13.26
163,168,13.26
1658,1696,13.25
1697,1661,13.25
34,310,13.25
133,376,13.25
1709,1671,13.25
1240,1205,13.25
430,432,13.25
396,395,13.25
302,291,13.25
380,369,13.25
328,48,13.24
339,325,13.24
352,356,13.24
1681,1656,13.24
1103,1091,13.24
350,365,13.24
338,602,13.24
980,970,13.24
1771,839,13.24
403,412,13.24
1235,1402,13.24
637,584,13.24
173,132,13.24
358,353,13.24
430,411,13.24
384,390,13.24
1421,1425,13.23
1583,1591,13.23
821,794,13.23
83,81,13.23
969,770,13.23
432,412,13.23
1597,1634,13.23
345,353,13.23
770,811,13.23
526,521,13.23
324,110,13.23
1696,1693,13.23
1687,1664,13.23
174,137,13.22
2,163,13.22
801,749,13.22
402,389,13.22
1040,1053,13.22
620,619,13.22
1056,1046,13.22
1233,1757,13.22
1174,1113,13.22
796,811,13.22
393,132,13.22
332,602,13.21
524,1152,13.21
1103,1181,13.21
910,914,13.21
371,110,13.21
1094,1171,13.21
351,338,13.21
888,611,13.21
324,52,13.21
1326,1337,13.21
368,646,13.21
329,353,13.21
341,363,13.2
130,324,13.2
638,631,13.2
377,340,13.2
1718,1720,13.2
1566,1569,13.2
979,985,13.2
1684,22,13.2
22,1661,13.2
376,358,13.2
1714,1686,13.2
1700,1693,13.2
302,299,13.19
319,302,13.19
82,141,13.19
140,390,13.19
377,394,13.19
346,329,13.19
169,4,13.19
338,352,13.19
419,412,13.19
584,334,13.19
1041,1041,13.19
76,50,13.19
708,700,13.19
312,281,13.18
1757,1402,13.18
370,371,13.18
377,147,13.18
1433,1432,13.18
1282,1272,13.18
363,351,13.18
324,130,13.18
584,335,13.17
715,786,13.17
139,372,13.17
158,142,13.17
38,584,13.17
1201,1205,13.17
1718,1326,13.17
329,325,13.17
400,424,13.16
39,354,13.16
713,786,13.16
147,144,13.16
131,46,13.16
327,332,13.16
110,324,13.16
1248,1181,13.16
296,32,13.15
165,424,13.15
181,174,13.15
151,365,13.15
330,306,13.15
1696,1660,13.15
1335,1342,13.15
41,151,13.15
1566,1065,13.14
774,1191,13.14
667,918,13.14
110,70,13.14
1660,22,13.14
566,762,13.14
1106,1181,13.14
930,918,13.14
1663,1656,13.14
1711,1668,13.14
170,432,13.14
334,323,13.14
1757,1216,13.14
388,392,13.14
60,60,13.14
1761,1396,13.14
761,767,13.13
1693,1776,13.13
357,372,13.13
1092,1166,13.13
175,163,13.13
49,136,13.13
1015,1016,13.13
378,400,13.13
1496,264,13.13
394,402,13.13
1040,1037,13.13
27,22,13.12
1013,912,13.12
754,584,13.12
399,392,13.12
390,145,13.12
563,560,13.12
180,151,13.12
1703,1689,13.12
1032,1040,13.12
709,505,13.12
351,342,13.12
697,411,13.12
369,646,13.12
1525,1747,13.11
82,86,13.11
1591,1587,13.11
1634,1639,13.11
1718,1064,13.11
1664,1656,13.11
1429,1433,13.11
332,327,13.11
40,302,13.11
990,973,13.11
367,365,13.11
1166,1094,13.11
131,336,13.11
616,355,13.11
1566,1014,13.1
688,697,13.1
1361,1301,13.1
1040,1038,13.1
1677,1679,13.1
1021,1021,13.1
167,139,13.1
179,174,13.1
1026,1021,13.1
349,343,13.1
342,328,13.1
746,719,13.1
769,771,13.1
776,749,13.1
894,912,13.1
1022,1020,13.09
39,296,13.09
32,296,13.09
368,584,13.09
1333,1718,13.09
776,729,13.09
494,505,13.09
330,333,13.09
1652,1731,13.09
33,50,13.09
151,166,13.08
614,912,13.08
864,970,13.08
1709,1676,13.08
148,142,13.08
323,348,13.08
768,771,13.08
396,408,13.08
401,392,13.08
715,729,13.08
347,357,13.08
4,174,13.08
505,519,13.08
1564,1025,13.08
326,339,13.08
1301,1771,13.07
338,132,13.07
170,171,13.07
138,142,13.07
1433,719,13.07
1688,1710,13.07
624,613,13.07
1428,1457,13.07
147,388,13.07
744,786,13.07
170,164,13.07
353,43,13.07
171,174,13.06
139,50,13.06
737,750,13.06
291,299,13.06
1679,1697,13.06
1085,1103,13.06
312,282,13.06
354,584,13.06
333,602,13.06
326,344,13.06
357,360,13.06
1261,1271,13.05
1036,1040,13.05
145,50,13.05
1019,931,13.05
1424,1408,13.05
47,378,13.05
1423,1446,13.05
355,369,13.05
1657,169,13.05
402,411,13.05
1686,1698,13.05
300,311,13.05
606,864,13.05
1444,1425,13.05
165,396,13.04
1712,1709,13.04
982,825,13.04
312,53,13.04
378,110,13.04
1301,839,13.04
1181,829,13.04
75,365,13.04
1176,1179,13.04
175,175,13.04
43,306,13.04
159,149,13.03
836,836,13.03
1255,1433,13.03
1026,1565,13.03
1597,1594,13.03
1329,1347,13.03
169,180,13.03
1311,1303,13.03
58,50,13.03
411,403,13.03
1278,1282,13.03
560,771,13.03
108,49,13.02
88,110,13.02
634,367,13.02
110,145,13.02
1770,1772,13.02
37,52,13.02
1166,1091,13.02
76,137,13.02
736,1150,13.02
318,292,13.02
53,143,13.01
317,303,13.01
1193,1235,13.01
103,110,13.01
779,749,13.01
632,638,13.01
372,139,13.01
101,132,13.0
1219,1205,13.0
165,152,13.0
1370,1718,13.0
347,363,13.0
1029,913,13.0
777,786,13.0
1661,1697,13.0
1587,1634,13.0
402,384,13.0
154,137,13.0
51,352,13.0
325,614,13.0
330,299,13.0
591,337,13.0
1204,1166,13.0
22,23,13.0
43,141,12.99
1102,1103,12.99
86,82,12.99
982,878,12.99
110,89,12.99
1593,1595,12.99
341,343,12.99
1328,1342,12.99
709,433,12.99
1711,1683,12.99
584,617,12.99
630,584,12.99
996,982,12.99
1718,1026,12.98
390,401,12.98
1637,1586,12.98
52,352,12.98
341,357,12.98
1634,1583,12.98
32,316,12.98
346,360,12.98
624,611,12.98
563,544,12.98
41,297,12.98
329,297,12.98
39,352,12.98
840,839,12.98
1179,1180,12.98
43,33,12.97
340,332,12.97
1343,1332,12.97
631,913,12.97
1594,1601,12.97
1444,1478,12.97
34,291,12.97
340,351,12.97
1526,505,12.97
170,143,12.97
719,740,12.97
1280,1272,12.97
316,336,12.97
636,631,12.97
1162,1099,12.97
333,614,12.97
1201,1181,12.96
110,63,12.96
604,325,12.96
1065,1064,12.96
1019,927,12.96
22,1673,12.96
347,356,12.96
351,360,12.96
152,147,12.96
147,377,12.96
175,168,12.96
320,598,12.96
1685,1687,12.96
317,42,12.96
1075,1065,12.95
1402,1413,12.95
614,882,12.95
909,915,12.95
165,140,12.95
1216,1219,12.95
312,132,12.95
1495,250,12.95
1026,913,12.95
841,836,12.95
1683,1687,12.95
1343,1775,12.94
116,110,12.94
355,602,12.94
413,403,12.94
32,35,12.94
1193,1174,12.94
22,1678,12.94
1193,1162,12.94
693,697,12.94
1700,1703,12.93
408,139,12.93
45,346,12.93
400,397,12.93
749,792,12.93
1179,1178,12.93
78,65,12.93
347,377,12.93
540,521,12.93
41,352,12.93
81,55,12.93
1162,1109,12.93
348,377,12.92
1682,1777,12.92
1594,1597,12.92
368,634,12.92
879,879,12.92
4,151,12.92
110,88,12.92
738,584,12.92
250,264,12.92
356,130,12.92
139,377,12.92
187,1658,12.92
1270,1277,12.92
584,749,12.92
614,337,12.92
298,305,12.92
1704,1683,12.91
130,329,12.91
719,747,12.91
1197,1757,12.91
1673,1684,12.91
1106,1091,12.91
1713,1702,12.91
136,47,12.91
1682,1714,12.91
572,762,12.91
1687,1709,12.91
711,706,12.91
1704,1682,12.91
39,65,12.91
306,323,12.91
81,43,12.91
1682,1670,12.91
303,316,12.9
58,53,12.9
1101,1109,12.9
1340,1718,12.9
1035,1041,12.9
40,341,12.9
264,519,12.9
1206,1235,12.9
985,918,12.9
364,356,12.9
719,1224,12.89
1046,1311,12.89
353,369,12.89
729,786,12.89
779,750,12.89
1068,1347,12.89
1224,829,12.89
170,400,12.89
33,584,12.89
931,931,12.89
47,33,12.89
1628,1566,12.89
544,1191,12.89
1694,1689,12.89
1032,1035,12.89
368,357,12.88
173,1658,12.88
321,335,12.88
1105,1105,12.88
1409,1246,12.88
1332,1331,12.88
764,750,12.88
928,915,12.88
167,145,12.88
377,144,12.88
855,855,12.88
1426,829,12.88
53,334,12.88
1035,1002,12.87
346,47,12.87
302,563,12.87
294,302,12.87
1003,1002,12.87
631,611,12.87
1,175,12.87
354,335,12.87
34,329,12.87
110,330,12.87
384,384,12.87
45,131,12.87
1495,505,12.87
1444,1486,12.87
139,134,12.87
413,419,12.87
318,342,12.87
1429,1263,12.87
899,918,12.87
1730,1731,12.86
1568,1027,12.86
332,614,12.86
1681,1684,12.86
130,134,12.86
367,363,12.86
375,377,12.86
1019,1021,12.86
1181,1244,12.86
346,343,12.86
1017,1013,12.86
557,584,12.86
505,263,12.86
1029,931,12.85
794,774,12.85
153,147,12.85
1776,132,12.85
49,104,12.85
338,334,12.85
1697,1777,12.85
321,316,12.85
311,299,12.85
334,43,12.85
353,329,12.85
338,356,12.85
294,300,12.84
83,132,12.84
264,259,12.84
1776,1712,12.84
841,844,12.84
1190,1150,12.84
1280,1273,12.84
37,310,12.84
277,32,12.84
312,294,12.84
1258,1263,12.84
584,607,12.84
1692,1684,12.84
340,602,12.84
1700,1711,12.84
1601,1594,12.84
1024,920,12.84
1680,1691,12.84
321,328,12.83
1027,1028,12.83
516,1747,12.83
1430,1263,12.83
32,40,12.83
1661,1694,12.83
786,791,12.83
335,32,12.83
1298,1298,12.83
1739,1733,12.83
822,985,12.83
1029,1572,12.83
1691,1663,12.83
1732,1654,12.82
1435,1273,12.82
519,1510,12.82
1406,1408,12.82
327,325,12.82
364,130,12.82
430,436,12.82
325,587,12.82
335,321,12.82
719,721,12.82
1766,1771,12.81
350,350,12.81
1695,1710,12.81
1444,1419,12.81
1335,1334,12.81
1692,1696,12.81
1582,1583,12.81
33,292,12.81
1711,1700,12.81
366,358,12.81
1757,1134,12.81
1175,1171,12.81
363,372,12.81
1175,1219,12.81
263,1669,12.8
355,350,12.8
38,306,12.8
158,424,12.8
584,295,12.8
81,141,12.8
292,311,12.8
364,378,12.8
1095,1085,12.8
332,336,12.79
132,49,12.79
369,918,12.79
743,794,12.79
1396,1409,12.79
1201,1100,12.79
942,912,12.79
1277,1281,12.79
1176,1176,12.79
151,175,12.79
1,1657,12.79
1572,1634,12.79
1098,1095,12.79
1165,1174,12.79
912,614,12.79
335,327,12.79
1344,1336,12.79
970,886,12.79
43,305,12.78
133,156,12.78
180,169,12.78
299,291,12.78
808,822,12.78
1754,1755,12.78
324,297,12.78
1206,1209,12.78
1677,1697,12.78
1102,1096,12.77
1171,1169,12.77
328,47,12.77
339,41,12.77
1040,1016,12.77
1468,1446,12.77
356,337,12.77
336,316,12.77
110,334,12.77
790,719,12.77
1525,1753,12.77
757,864,12.77
171,412,12.77
337,610,12.77
1166,1182,12.77
397,403,12.77
163,167,12.77
333,47,12.77
52,65,12.77
393,397,12.76
311,324,12.76
376,374,12.76
1661,1687,12.76
1585,1640,12.76
316,312,12.76
41,291,12.76
368,376,12.76
1593,1583,12.76
882,886,12.76
1396,1760,12.76
1235,1206,12.76
1032,797,12.76
394,397,12.76
328,43,12.76
816,811,12.76
369,352,12.76
141,46,12.76
910,908,12.76
1702,1692,12.76
796,792,12.76
49,378,12.75
43,109,12.75
397,398,12.75
432,426,12.75
1056,1024,12.75
47,77,12.75
32,49,12.75
43,346,12.75
321,324,12.75
519,513,12.75
151,43,12.74
50,134,12.74
377,413,12.74
1301,1314,12.74
181,151,12.74
1510,1753,12.74
136,71,12.74
48,352,12.74
258,262,12.74
1259,1432,12.74
736,560,12.74
1222,1181,12.74
1662,1696,12.74
1099,1108,12.74
1677,1682,12.74
1311,1046,12.74
1700,1671,12.73
1162,1102,12.73
1747,1510,12.73
347,337,12.73
371,353,12.73
1694,1669,12.73
39,285,12.73
1690,1688,12.73
725,786,12.73
400,390,12.72
579,771,12.72
964,918,12.72
355,346,12.72
1081,1109,12.72
918,929,12.72
598,590,12.72
139,131,12.72
1682,1694,12.72
371,143,12.72
1680,1677,12.72
341,37,12.72
51,365,12.72
402,393,12.72
1246,719,12.72
321,334,12.71
1694,1661,12.71
1696,1705,12.71
1046,1016,12.71
361,628,12.71
22,1776,12.71
1082,1103,12.71
1566,963,12.71
1718,1056,12.71
614,616,12.71
1271,1278,12.71
433,434,12.7
104,131,12.7
305,34,12.7
402,155,12.7
1674,1675,12.7
402,141,12.7
634,361,12.7
592,614,12.7
1692,1776,12.7
161,143,12.7
413,388,12.7
366,50,12.7
1663,1675,12.7
47,306,12.7
1667,1671,12.69
1674,1685,12.69
390,53,12.69
1709,1698,12.69
371,348,12.69
1311,982,12.69
1762,1409,12.69
363,633,12.69
142,151,12.69
1056,1065,12.69
372,110,12.69
996,990,12.69
1013,1068,12.69
41,333,12.68
150,140,12.68
369,371,12.68
811,792,12.68
317,330,12.68
47,358,12.68
151,180,12.68
378,358,12.68
1181,811,12.68
1504,1753,12.68
351,359,12.68
1210,1166,12.68
75,70,12.68
592,592,12.68
1201,1166,12.67
368,378,12.67
155,169,12.67
344,333,12.67
1600,1609,12.67
305,584,12.67
390,397,12.67
1091,1171,12.67
43,75,12.67
357,359,12.67
37,335,12.66
1191,776,12.66
610,344,12.66
155,160,12.66
1747,513,12.66
373,379,12.66
363,370,12.66
1331,1068,12.66
845,825,12.66
1261,1276,12.66
148,145,12.66
380,374,12.66
348,366,12.65
1583,1581,12.65
776,1188,12.65
357,53,12.65
328,321,12.65
328,333,12.65
250,263,12.65
153,165,12.65
48,82,12.65
1024,908,12.65
1419,1413,12.65
864,862,12.65
771,749,12.65
1674,1714,12.65
1712,1674,12.65
1328,1324,12.65
408,401,12.64
1079,1096,12.64
1263,1457,12.64
356,345,12.64
329,365,12.64
779,810,12.64
351,372,12.64
676,403,12.64
1196,1205,12.64
736,1188,12.64
1305,1311,12.64
156,143,12.64
130,357,12.64
316,303,12.64
841,771,12.63
1718,1036,12.63
137,145,12.63
356,339,12.63
398,393,12.63
163,141,12.63
141,365,12.63
605,584,12.63
1510,1510,12.63
130,351,12.63
336,40,12.63
52,104,12.63
719,766,12.63
411,409,12.63
1586,1594,12.62
328,39,12.62
1582,1594,12.62
402,138,12.62
786,1191,12.62
1634,1632,12.62
1098,1096,12.62
1706,1702,12.62
563,521,12.62
394,143,12.62
46,358,12.62
1694,1703,12.62
818,969,12.62
634,918,12.62
1673,1778,12.62
323,322,12.62
1771,1036,12.61
370,363,12.61
1040,973,12.61
778,774,12.61
1009,1019,12.61
750,743,12.61
810,584,12.61
40,317,12.61
1252,1249,12.61
688,409,12.61
1717,1342,12.6
48,75,12.6
45,311,12.6
362,361,12.6
346,357,12.6
377,614,12.6
1506,1747,12.6
70,81,12.6
335,339,12.6
318,130,12.6
1478,1444,12.6
1105,1096,12.6
336,333,12.6
87,75,12.6
132,110,12.59
352,342,12.59
43,71,12.59
917,912,12.59
1182,584,12.59
364,371,12.59
50,333,12.59
1428,1261,12.59
155,153,12.59
661,667,12.59
340,354,12.58
612,611,12.58
353,343,12.58
771,855,12.58
155,140,12.58
1657,1678,12.58
1680,1671,12.58
1424,1435,12.58
620,631,12.58
1094,1106,12.58
32,42,12.58
743,750,12.58
1742,1753,12.58
797,771,12.57
1172,1174,12.57
55,81,12.57
1346,1347,12.57
77,137,12.57
110,377,12.57
390,131,12.57
388,399,12.57
317,43,12.57
982,886,12.57
1775,1729,12.57
1182,1150,12.57
1026,1572,12.57
147,150,12.56
1690,1680,12.56
1341,1347,12.56
841,749,12.56
143,137,12.56
291,301,12.56
1282,1301,12.56
133,396,12.56
159,413,12.56
332,302,12.56
1540,709,12.56
1753,1731,12.56
1272,1271,12.55
394,389,12.55
1027,1565,12.55
345,333,12.55
841,804,12.55
1658,4,12.55
371,49,12.55
1099,1111,12.55
786,781,12.55
51,45,12.55
336,365,12.55
591,588,12.55
400,389,12.54
899,912,12.54
109,41,12.54
1683,1679,12.54
361,365,12.54
762,770,12.54
1692,1692,12.54
377,47,12.54
1090,1166,12.54
804,804,12.54
398,395,12.54
205,22,12.53
342,318,12.53
370,352,12.53
22,222,12.53
1432,1255,12.53
145,155,12.53
1774,1716,12.53
1259,1426,12.53
255,263,12.53
281,34,12.53
378,156,12.53
1689,1675,12.53
1687,22,12.53
1092,1082,12.53
390,376,12.53
704,706,12.53
159,171,12.52
41,327,12.52
346,363,12.52
1041,1002,12.52
164,402,12.52
151,133,12.52
21,1662,12.52
1026,931,12.52
591,599,12.52
153,148,12.52
153,390,12.52
1041,990,12.52
1176,1188,12.52
131,378,12.51
330,310,12.51
915,913,12.51
1424,1457,12.51
264,250,12.51
46,136,12.51
364,131,12.51
344,132,12.51
41,587,12.51
34,301,12.51
767,767,12.51
208,1658,12.51
743,786,12.51
1732,1634,12.51
49,360,12.5
258,250,12.5
341,305,12.5
819,797,12.5
1760,1230,12.5
1280,1271,12.5
1762,1444,12.5
276,32,12.5
1666,1673,12.5
1238,1757,12.5
339,323,12.5
1204,1100,12.5
839,1281,12.5
364,137,12.5
151,377,12.5
359,348,12.49
1364,1364,12.49
324,347,12.49
1166,1082,12.49
1244,1246,12.49
571,766,12.49
147,136,12.49
1338,1339,12.49
174,175,12.49
1564,1026,12.49
348,333,12.49
317,336,12.49
602,590,12.49
130,371,12.49
1634,1586,12.49
544,736,12.49
1019,913,12.48
584,620,12.48
750,770,12.48
47,305,12.48
1191,771,12.48
1022,1023,12.48
155,149,12.48
1427,1425,12.48
469,709,12.48
38,305,12.48
779,1223,12.48
49,76,12.48
1683,1669,12.48
159,152,12.48
133,370,12.48
1166,1178,12.48
323,327,12.48
1220,1224,12.47
1020,1015,12.47
389,395,12.47
1669,1664,12.47
418,400,12.47
918,910,12.47
1714,1712,12.47
170,158,12.47
375,379,12.47
598,608,12.47
141,131,12.47
330,137,12.46
141,163,12.46
634,646,12.46
1700,1676,12.46
1672,1697,12.46
1672,1676,12.46
1702,1669,12.46
1184,786,12.46
235,235,12.46
572,573,12.46
429,424,12.46
38,48,12.46
47,58,12.46
744,749,12.45
704,709,12.45
1190,811,12.45
167,175,12.45
181,4,12.45
619,619,12.45
323,587,12.45
151,372,12.45
53,360,12.45
1676,1687,12.45
1181,1143,12.44
740,786,12.44
377,397,12.44
762,719,12.44
1021,1017,12.44
130,140,12.44
164,408,12.44
1683,1778,12.44
262,258,12.44
134,143,12.44
49,143,12.44
369,388,12.44
325,337,12.44
1347,1068,12.44
1661,1691,12.44
1684,1776,12.44
1424,1261,12.44
330,352,12.43
402,159,12.43
324,322,12.43
811,797,12.43
126,132,12.43
49,316,12.43
342,82,12.43
1595,1593,12.43
1019,1027,12.43
296,291,12.43
970,821,12.43
1692,1658,12.43
1732,1609,12.42
1701,1778,12.42
412,400,12.42
638,584,12.42
377,381,12.42
355,351,12.42
390,130,12.42
886,884,12.42
1694,1684,12.42
646,638,12.42
1668,1701,12.41
1025,1051,12.41
339,363,12.41
597,598,12.41
46,378,12.41
357,347,12.41
139,142,12.41
1757,1234,12.41
165,168,12.41
423,412,12.41
371,346,12.41
401,137,12.41
366,53,12.41
1169,1206,12.41
434,410,12.41
330,339,12.41
329,354,12.41
366,360,12.41
723,521,12.41
354,351,12.41
1314,1324,12.4
368,352,12.4
774,778,12.4
175,180,12.4
611,771,12.4
329,314,12.4
1565,1027,12.4
1091,1109,12.4
808,719,12.4
783,794,12.4
1272,1278,12.4
347,302,12.4
144,136,12.4
1329,1331,12.4
1099,1181,12.39
337,587,12.39
41,301,12.39
1084,1166,12.39
1193,1100,12.39
347,371,12.39
1677,1701,12.39
631,638,12.39
137,53,12.39
109,48,12.39
109,39,12.39
1016,1021,12.39
1081,1171,12.39
813,841,12.38
357,50,12.38
159,140,12.38
38,335,12.38
400,408,12.38
661,655,12.38
1692,1669,12.38
361,343,12.38
175,173,12.38
400,404,12.38
1456,1408,12.38
298,297,12.38
262,263,12.38
717,1191,12.38
301,563,12.38
1776,26,12.38
19,1662,12.38
879,878,12.38
620,918,12.38
819,811,12.38
159,396,12.38
1024,1056,12.37
82,143,12.37
1170,1174,12.37
336,339,12.37
339,47,12.37
326,614,12.37
882,614,12.37
1657,1,12.37
299,312,12.37
587,572,12.37
151,131,12.37
1184,1192,12.37
378,141,12.37
544,524,12.37
39,140,12.37
169,141,12.37
1435,1277,12.37
349,584,12.37
562,578,12.37
334,53,12.37
1676,1664,12.37
170,151,12.37
769,584,12.37
818,811,12.36
343,602,12.36
801,786,12.36
822,815,12.36
982,915,12.36
196,197,12.36
797,822,12.36
1639,1640,12.36
750,757,12.36
774,776,12.36
362,367,12.36
353,42,12.36
336,81,12.35
331,587,12.35
65,77,12.35
1037,1036,12.35
376,137,12.35
110,86,12.35
1065,1053,12.35
1210,1169,12.35
329,131,12.35
50,371,12.35
1776,1753,12.35
76,76,12.35
1743,1743,12.35
1026,951,12.35
1264,1259,12.35
22,258,12.34
39,587,12.34
135,136,12.34
114,81,12.34
1079,1106,12.34
167,180,12.34
1568,1029,12.34
342,372,12.34
1206,1162,12.34
53,34,12.34
174,4,12.34
1014,1014,12.34
75,48,12.34
197,1658,12.34
1718,918,12.34
738,794,12.34
1634,1572,12.33
1689,1666,12.33
348,139,12.33
637,633,12.33
294,281,12.33
260,259,12.33
566,578,12.33
709,1525,12.33
1680,1687,12.33
813,825,12.33
131,143,12.33
36,310,12.33
363,584,12.33
929,912,12.33
985,584,12.33
354,43,12.33
898,918,12.33
1252,1433,12.33
1277,841,12.32
353,337,12.32
65,49,12.32
1087,1082,12.32
365,143,12.32
1736,1739,12.32
1109,1101,12.32
140,82,12.32
133,366,12.32
339,357,12.32
1683,1711,12.32
797,969,12.32
344,350,12.32
139,53,12.32
50,363,12.32
328,53,12.32
745,584,12.31
1776,24,12.31
393,393,12.31
813,811,12.31
1017,1023,12.31
1566,1016,12.31
395,139,12.31
970,749,12.31
46,305,12.31
1046,1065,12.31
1582,1586,12.31
1767,1457,12.31
39,304,12.31
1184,584,12.31
342,302,12.31
81,51,12.31
158,167,12.31
1639,1636,12.31
1695,1687,12.31
369,380,12.31
306,584,12.31
1768,1771,12.31
302,587,12.31
82,48,12.31
759,771,12.31
1714,1749,12.31
347,82,12.31
344,358,12.3
564,301,12.3
1704,1704,12.3
1029,1569,12.3
1188,1192,12.3
32,323,12.3
1190,584,12.3
1,174,12.3
763,761,12.3
53,66,12.3
1312,1307,12.3
41,75,12.3
318,587,12.3
142,396,12.3
89,81,12.29
870,771,12.29
1329,1334,12.29
340,43,12.29
687,688,12.29
187,156,12.29
43,365,12.29
1043,1046,12.29
1581,1582,12.29
844,797,12.29
631,613,12.29
1199,1757,12.29
1566,912,12.29
401,378,12.29
76,71,12.29
786,776,12.29
1676,1667,12.29
332,587,12.29
693,694,12.29
151,39,12.29
50,345,12.29
82,80,12.29
1775,1334,12.29
43,139,12.29
361,362,12.29
408,378,12.28
355,349,12.28
336,131,12.28
365,52,12.28
1216,1224,12.28
357,350,12.28
584,344,12.28
722,521,12.28
143,142,12.28
1175,1224,12.28
1348,1348,12.28
1766,1477,12.28
721,521,12.28
1705,1696,12.27
110,329,12.27
388,400,12.27
1426,1259,12.27
985,914,12.27
342,360,12.27
322,329,12.27
811,762,12.27
345,365,12.27
37,137,12.27
316,335,12.26
740,747,12.26
34,132,12.26
2,137,12.26
785,794,12.26
131,47,12.26
289,584,12.26
1189,1181,12.26
1408,1447,12.26
1043,1311,12.26
191,1658,12.26
175,4,12.25
141,47,12.25
430,435,12.25
728,729,12.25
241,241,12.25
396,152,12.25
1664,1676,12.25
156,145,12.25
77,53,12.25
1277,1264,12.25
1017,1024,12.25
369,356,12.25
1685,250,12.25
1324,1311,12.25
373,646,12.25
165,141,12.25
153,408,12.25
942,1019,12.24
387,400,12.24
1281,839,12.24
1718,1329,12.24
1336,1335,12.24
402,397,12.24
1582,1581,12.24
1081,1099,12.24
985,998,12.24
1029,1020,12.24
1024,1059,12.23
1747,259,12.23
1396,1408,12.23
312,304,12.23
362,357,12.23
305,316,12.23
611,864,12.23
1343,1318,12.23
1710,1690,12.23
1038,1036,12.23
160,143,12.23
819,969,12.23
397,388,12.22
1027,982,12.22
333,587,12.22
982,918,12.22
1757,1177,12.22
334,332,12.22
411,424,12.22
1409,1444,12.22
402,407,12.22
709,1581,12.22
1150,1192,12.22
1064,1027,12.22
364,377,12.22
1565,1029,12.22
1001,990,12.22
116,82,12.21
174,132,12.21
104,51,12.21
324,301,12.21
1324,1337,12.21
134,133,12.21
1682,1778,12.21
407,396,12.21
299,36,12.21
845,841,12.21
357,378,12.21
81,60,12.21
338,343,12.21
353,366,12.21
1714,1668,12.21
1732,1716,12.21
1342,1348,12.21
299,296,12.21
424,430,12.21
345,334,12.2
332,346,12.2
1766,1763,12.2
392,395,12.2
417,411,12.2
1408,1246,12.2
324,291,12.2
390,158,12.2
376,389,12.2
40,52,12.2
409,412,12.2
584,41,12.2
434,412,12.2
1675,1674,12.2
1526,709,12.2
719,738,12.2
41,292,12.2
348,363,12.19
364,346,12.19
1705,1694,12.19
369,614,12.19
365,584,12.19
1757,786,12.19
260,264,12.19
1711,1658,12.19
1692,1662,12.19
141,372,12.19
369,373,12.19
390,153,12.19
396,389,12.19
357,343,12.19
364,357,12.19
1429,1423,12.19
82,372,12.19
436,436,12.19
1693,1685,12.19
408,152,12.19
103,53,12.19
1361,1771,12.19
729,584,12.18
1205,1252,12.18
1189,1182,12.18
63,110,12.18
339,330,12.18
47,104,12.18
1324,1331,12.18
318,52,12.18
318,281,12.18
350,353,12.18
1736,1747,12.18
394,390,12.17
1429,1431,12.17
377,373,12.17
109,71,12.17
131,133,12.17
1435,794,12.17
1679,1691,12.17
736,747,12.17
294,294,12.17
71,49,12.17
138,50,12.17
697,709,12.17
263,502,12.17
774,584,12.17
378,366,12.17
969,766,12.16
1598,1597,12.16
1206,1207,12.16
371,375,12.16
339,587,12.16
1040,1024,12.16
1057,1051,12.16
1677,1680,12.16
320,320,12.16
1223,1182,12.16
152,390,12.16
47,360,12.16
700,427,12.16
151,75,12.16
1246,1174,12.16
143,138,12.16
377,646,12.16
1013,1021,12.15
333,323,12.15
625,620,12.15
1594,1634,12.15
1188,1224,12.15
341,36,12.15
1263,1767,12.15
356,353,12.15
335,322,12.15
839,1040,12.15
1424,1409,12.15
324,587,12.15
1757,520,12.14
623,584,12.14
350,362,12.14
1205,1396,12.14
401,389,12.14
340,355,12.14
324,327,12.14
348,302,12.14
688,403,12.14
1683,1688,12.14
333,330,12.14
606,608,12.14
165,155,12.14
427,403,12.14
1216,1182,12.14
839,846,12.13
1477,1477,12.13
1694,22,12.13
1035,1038,12.13
312,341,12.13
1695,1681,12.13
1700,1674,12.13
141,133,12.13
147,395,12.13
75,80,12.13
47,321,12.13
45,38,12.13
1350,1718,12.13
1700,1687,12.13
396,384,12.13
323,342,12.13
41,322,12.13
265,264,12.13
1190,713,12.13
365,48,12.13
1682,1704,12.13
147,413,12.13
839,970,12.13
1776,137,12.12
1755,1756,12.12
1718,1564,12.12
388,143,12.12
77,65,12.12
378,49,12.12
408,407,12.12
141,135,12.12
1025,933,12.11
1718,1017,12.11
638,912,12.11
1338,1024,12.11
847,797,12.11
151,41,12.11
915,911,12.11
1246,1425,12.11
917,915,12.11
329,315,12.11
573,572,12.11
81,360,12.11
380,379,12.11
1757,523,12.11
378,81,12.1
1174,1101,12.1
383,132,12.1
39,333,12.1
737,749,12.1
633,918,12.1
1671,1683,12.1
281,302,12.1
1173,1181,12.1
413,409,12.1
1409,1224,12.1
841,973,12.1
566,766,12.09
1776,205,12.09
350,130,12.09
333,48,12.09
19,22,12.09
1099,1085,12.09
1338,1334,12.09
165,432,12.09
363,340,12.09
1583,1594,12.09
365,614,12.09
750,756,12.09
362,584,12.09
332,331,12.09
179,186,12.09
351,628,12.09
1201,1174,12.08
922,918,12.08
138,400,12.08
1261,1278,12.08
1169,1175,12.08
110,134,12.08
822,862,12.08
1757,1120,12.08
33,297,12.08
357,354,12.08
1150,520,12.08
81,39,12.08
1017,914,12.08
544,560,12.08
50,305,12.07
1687,1684,12.07
351,46,12.07
1111,1099,12.07
369,133,12.07
591,301,12.07
1420,1408,12.07
337,352,12.07
1712,1681,12.07
608,599,12.07
1426,1249,12.07
400,406,12.07
130,356,12.07
1435,1264,12.07
1182,1183,12.07
177,156,12.07
361,358,12.06
350,338,12.06
1261,1280,12.06
808,786,12.06
1636,1718,12.06
339,354,12.06
168,1,12.06
1776,28,12.06
304,299,12.06
1679,22,12.06
1456,1409,12.06
133,360,12.06
372,130,12.06
1551,1594,12.06
341,139,12.06
348,75,12.06
841,1032,12.05
986,985,12.05
1651,1731,12.05
138,131,12.05
1486,1425,12.05
311,36,12.05
1682,1657,12.05
1329,1342,12.05
168,163,12.05
1677,1710,12.05
1775,1311,12.05
52,354,12.05
377,41,12.05
1486,1419,12.04
87,82,12.04
1678,1688,12.04
608,601,12.04
1709,1662,12.04
1056,1019,12.04
358,369,12.04
49,140,12.04
374,379,12.04
372,371,12.04
1165,1100,12.04
1696,258,12.04
1273,841,12.04
1688,1688,12.04
590,602,12.04
1702,1698,12.04
263,243,12.03
71,58,12.03
1697,1709,12.03
592,302,12.03
1019,1065,12.03
156,150,12.03
39,372,12.03
41,339,12.03
105,47,12.03
413,395,12.03
379,369,12.03
404,397,12.03
584,311,12.03
1583,1582,12.03
1205,1185,12.03
1175,1180,12.02
764,762,12.02
785,719,12.02
969,973,12.02
1521,709,12.02
82,43,12.02
1026,963,12.02
1273,1301,12.02
1703,1674,12.02
841,1276,12.02
340,324,12.02
75,87,12.02
1296,1301,12.02
161,1658,12.01
771,786,12.01
1301,1041,12.01
167,171,12.01
191,156,12.01
363,367,12.01
1695,1697,12.01
1696,1675,12.01
1668,1687,12.01
1092,1091,12.01
614,601,12.01
53,36,12.01
1162,1101,12.01
341,377,12.01
969,855,12.01
46,76,12.01
1334,1337,12.01
1564,1029,12.01
1040,986,12.01
46,327,12.01
53,318,12.0
6,1657,12.0
608,613,12.0
602,587,12.0
709,704,12.0
794,796,12.0
1595,1594,12.0
1687,1660,12.0
1419,1450,12.0
372,369,12.0
338,598,12.0
86,110,12.0
758,758,12.0
1685,1657,12.0
1775,1336,12.0
169,161,12.0
566,573,12.0
324,51,12.0
423,411,12.0
222,1662,11.99
317,40,11.99
1181,1152,11.99
225,225,11.99
1776,1705,11.99
281,299,11.99
390,149,11.99
1700,1673,11.99
1046,1036,11.99
372,81,11.99
1166,1205,11.99
1224,774,11.99
348,32,11.99
47,327,11.99
147,372,11.99
1733,1654,11.99
33,46,11.99
346,328,11.99
353,333,11.99
1252,797,11.99
159,141,11.98
159,412,11.98
352,52,11.98
620,608,11.98
42,317,11.98
154,132,11.98
2,168,11.98
697,403,11.98
779,779,11.98
402,160,11.98
18,1662,11.97
1702,1663,11.97
1674,1778,11.97
1032,970,11.97
37,294,11.97
786,1252,11.97
80,82,11.97
379,374,11.97
345,337,11.97
33,291,11.97
400,151,11.97
421,427,11.97
1202,1757,11.97
81,336,11.97
904,918,11.97
1591,1598,11.97
1521,1525,11.96
341,301,11.96
1693,1700,11.96
355,340,11.96
1572,918,11.96
336,354,11.96
1669,235,11.96
1702,264,11.96
1038,1002,11.96
299,306,11.96
1402,1193,11.96
81,358,11.96
1686,1656,11.96
399,388,11.96
1551,1593,11.96
706,697,11.96
317,38,11.96
606,771,11.96
771,587,11.95
1108,1099,11.95
1024,1564,11.95
151,408,11.95
716,1188,11.95
778,792,11.95
631,625,11.95
803,794,11.95
970,750,11.95
1205,1216,11.95
177,171,11.95
644,918,11.95
281,33,11.95
1091,1085,11.95
633,584,11.94
50,355,11.94
35,312,11.94
171,177,11.94
41,141,11.94
1707,1696,11.94
1017,918,11.94
174,163,11.94
985,980,11.94
347,318,11.94
51,354,11.94
1435,1224,11.94
258,1686,11.94
584,588,11.94
1766,1764,11.93
1337,1338,11.93
318,304,11.93
839,982,11.93
352,369,11.93
611,918,11.93
348,357,11.93
475,712,11.93
1332,1336,11.93
1587,1581,11.93
1703,1667,11.93
156,169,11.93
1209,1210,11.93
1457,1425,11.93
1024,916,11.93
330,131,11.93
390,369,11.93
970,611,11.92
371,354,11.92
1747,1609,11.92
141,377,11.92
624,912,11.92
1670,1694,11.92
263,1696,11.92
105,52,11.92
401,411,11.92
354,355,11.92
354,345,11.92
1065,1025,11.92
1636,1639,11.92
1694,1663,11.92
667,655,11.92
1193,1166,11.92
818,841,11.92
49,77,11.92
1729,1718,11.92
36,132,11.91
1776,4,11.91
153,142,11.91
544,786,11.91
628,356,11.91
862,862,11.91
142,137,11.91
346,41,11.91
330,587,11.91
340,323,11.91
347,81,11.91
362,634,11.91
1702,1670,11.9
614,918,11.9
1657,174,11.9
1046,1020,11.9
152,408,11.9
1029,1565,11.9
1329,1324,11.9
402,372,11.9
599,614,11.9
37,292,11.9
39,76,11.9
1013,990,11.9
1711,1705,11.9
1137,521,11.9
130,109,11.9
1759,1200,11.9
1422,1425,11.9
1272,1276,11.89
1716,1336,11.89
1675,1661,11.89
1568,918,11.89
396,413,11.89
1364,1771,11.89
1710,1680,11.89
33,323,11.89
1488,1486,11.89
1776,260,11.89
1200,1193,11.89
357,137,11.89
148,150,11.89
131,346,11.88
1689,1777,11.88
50,359,11.88
351,52,11.88
584,48,11.88
177,432,11.88
544,1188,11.88
719,1150,11.88
375,365,11.88
1415,1446,11.88
1763,1438,11.87
1068,1016,11.87
413,402,11.87
1757,1208,11.87
1248,829,11.87
369,357,11.87
36,282,11.87
147,50,11.87
634,356,11.87
303,34,11.87
940,915,11.87
1435,719,11.87
390,393,11.87
1171,1188,11.87
1301,1277,11.86
208,1662,11.86
982,885,11.86
1682,1664,11.86
28,1662,11.86
591,572,11.86
1184,1150,11.86
731,719,11.85
151,52,11.85
762,750,11.85
164,137,11.85
829,774,11.85
298,311,11.85
614,344,11.85
161,145,11.85
1761,1478,11.85
1694,1692,11.85
1705,1705,11.85
855,864,11.85
1169,1102,11.85
707,708,11.85
138,365,11.85
393,395,11.85
697,409,11.85
1664,1668,11.85
369,392,11.85
340,131,11.85
66,50,11.85
806,970,11.85
973,985,11.85
326,328,11.85
437,432,11.85
1776,264,11.84
28,1675,11.84
147,384,11.84
52,71,11.84
984,985,11.84
164,424,11.84
338,326,11.84
39,327,11.84
1670,1684,11.84
1092,1174,11.84
402,164,11.84
261,258,11.84
141,75,11.84
1456,1423,11.84
174,1,11.84
165,390,11.83
300,318,11.83
328,311,11.83
41,294,11.83
309,584,11.83
132,139,11.83
345,336,11.83
378,370,11.83
1280,1278,11.83
81,114,11.83
133,348,11.83
65,137,11.83
766,719,11.83
1691,1670,11.83
163,1658,11.83
1150,1188,11.83
1408,1767,11.82
839,836,11.82
141,43,11.82
130,369,11.82
43,354,11.82
167,413,11.82
41,109,11.82
562,762,11.82
1,132,11.82
377,401,11.82
1332,1068,11.82
628,343,11.82
318,110,11.82
770,970,11.82
165,177,11.82
1151,521,11.82
584,729,11.82
39,322,11.82
346,338,11.82
743,811,11.82
368,137,11.82
48,365,11.81
148,148,11.81
1565,1026,11.81
357,371,11.81
1709,1692,11.81
167,150,11.81
1046,1041,11.81
721,584,11.81
1216,1757,11.81
130,345,11.81
142,390,11.81
1193,1200,11.81
400,398,11.81
351,335,11.81
395,402,11.81
39,353,11.81
1609,1594,11.81
1513,1753,11.81
610,325,11.8
340,39,11.8
806,719,11.8
158,149,11.8
317,299,11.8
1027,1628,11.8
758,749,11.8
52,139,11.8
1663,1696,11.8
400,137,11.8
1757,1130,11.8
169,1657,11.8
719,762,11.8
51,137,11.8
719,1252,11.8
743,792,11.8
81,41,11.8
1051,1068,11.8
715,1190,11.8
173,186,11.8
135,143,11.79
631,632,11.79
778,750,11.79
1725,1732,11.79
1224,1182,11.79
312,296,11.79
1703,1711,11.79
329,358,11.79
1036,1306,11.79
145,53,11.79
351,110,11.79
934,915,11.79
864,611,11.79
1426,1263,11.79
1311,1343,11.79
1318,1718,11.79
1747,1495,11.79
4,180,11.79
318,296,11.79
362,362,11.78
46,321,11.78
390,110,11.78
378,389,11.78
130,65,11.78
155,168,11.78
1683,1663,11.78
338,336,11.78
408,411,11.78
300,303,11.78
1668,1670,11.78
50,56,11.78
1757,1123,11.78
903,918,11.78
633,631,11.77
82,89,11.77
1205,1760,11.77
1106,1111,11.77
422,411,11.77
28,1676,11.77
979,982,11.77
361,369,11.77
1718,1302,11.77
412,403,11.77
584,313,11.77
291,305,11.77
1343,1716,11.77
329,300,11.77
646,367,11.77
763,572,11.77
854,970,11.77
301,303,11.77
39,143,11.77
1718,1637,11.77
171,432,11.77
1150,584,11.77
42,347,11.77
2,167,11.77
413,396,11.77
404,412,11.77
1446,1757,11.76
715,716,11.76
363,130,11.76
1311,1299,11.76
1246,1409,11.76
333,53,11.76
1191,720,11.76
344,334,11.76
350,341,11.76
1002,1001,11.76
379,918,11.76
736,786,11.76
587,571,11.76
36,297,11.76
171,137,11.76
427,410,11.76
892,912,11.76
175,132,11.76
139,365,11.76
50,33,11.75
1424,1456,11.75
39,339,11.75
141,149,11.75
344,336,11.75
417,412,11.75
1278,1264,11.75
1162,1094,11.75
186,1658,11.75
709,424,11.74
822,878,11.74
299,281,11.74
1043,1036,11.74
342,344,11.74
164,167,11.74
1219,1179,11.74
47,303,11.74
136,384,11.74
326,338,11.74
89,110,11.74
179,156,11.74
223,1670,11.74
301,296,11.73
982,998,11.73
1587,1583,11.73
315,584,11.73
407,401,11.73
165,161,11.73
181,1657,11.73
1598,1598,11.73
351,378,11.72
110,102,11.72
312,45,11.72
314,301,11.72
358,356,11.72
302,316,11.72
1181,1189,11.72
646,584,11.72
49,38,11.71
180,168,11.71
1311,1334,11.71
147,133,11.71
625,633,11.71
344,348,11.71
130,76,11.71
1081,1095,11.71
141,169,11.71
317,310,11.71
37,291,11.71
377,362,11.71
317,335,11.71
109,131,11.71
366,377,11.71
1027,920,11.71
148,378,11.71
1598,1585,11.71
1681,1704,11.71
1016,1022,11.71
299,316,11.7
582,582,11.7
359,353,11.7
403,397,11.7
357,367,11.7
836,841,11.7
165,147,11.7
366,110,11.7
161,150,11.7
1420,1409,11.7
1429,1456,11.7
351,51,11.7
340,316,11.7
413,408,11.7
1343,1024,11.7
89,82,11.7
1031,839,11.7
1696,1777,11.7
81,89,11.69
1663,1685,11.69
304,584,11.69
1150,719,11.69
801,719,11.69
40,340,11.69
75,55,11.69
1447,1447,11.69
334,316,11.69
299,285,11.69
323,300,11.69
191,174,11.68
810,804,11.68
1171,1205,11.68
1709,264,11.68
1259,1429,11.68
370,364,11.68
351,602,11.68
1025,1015,11.68
1521,706,11.68
572,579,11.68
353,39,11.68
358,370,11.68
1204,1193,11.67
1098,1103,11.67
1408,1240,11.67
1686,260,11.67
43,352,11.67
312,35,11.67
1081,1084,11.67
148,152,11.67
1091,1102,11.67
321,41,11.67
762,864,11.67
33,40,11.67
1273,836,11.67
395,397,11.66
328,346,11.66
1637,1583,11.66
324,346,11.66
368,380,11.66
1110,1174,11.66
862,584,11.66
1205,1102,11.66
418,410,11.66
294,292,11.66
1013,1053,11.66
336,32,11.66
147,412,11.66
584,747,11.66
44,53,11.66
321,340,11.65
778,729,11.65
1301,1035,11.65
1216,1184,11.65
291,311,11.65
364,353,11.65
846,839,11.65
602,599,11.65
1690,1677,11.65
556,544,11.65
348,133,11.65
437,412,11.65
401,424,11.65
171,424,11.65
1255,1432,11.65
1675,1684,11.65
352,343,11.65
1445,1446,11.65
751,719,11.65
591,582,11.65
1259,1280,11.65
88,75,11.65
339,324,11.65
136,43,11.65
159,155,11.65
1175,1185,11.64
1020,1022,11.64
1689,1695,11.64
1338,1330,11.64
1710,1688,11.64
390,148,11.64
1171,1176,11.64
377,342,11.64
581,587,11.64
413,143,11.64
1166,1103,11.64
110,87,11.64
153,145,11.64
322,336,11.64
346,356,11.64
153,144,11.64
1688,1677,11.63
348,356,11.63
427,688,11.63
134,134,11.63
1235,1760,11.63
1001,1001,11.63
1672,1691,11.63
350,332,11.63
713,713,11.63
703,706,11.63
835,797,11.63
329,345,11.63
348,371,11.63
868,864,11.63
1016,1053,11.63
1700,1692,11.62
46,306,11.62
329,344,11.62
36,294,11.62
357,370,11.62
1244,1181,11.62
175,1657,11.62
365,342,11.62
413,406,11.62
352,46,11.62
929,915,11.62
45,82,11.62
1587,1597,11.62
1109,1182,11.62
1019,928,11.62
895,912,11.61
39,378,11.61
376,371,11.61
354,377,11.61
38,132,11.61
700,706,11.61
396,377,11.61
1339,1337,11.61
778,1224,11.61
42,137,11.61
318,282,11.61
1013,1040,11.61
336,311,11.61
776,829,11.61
357,377,11.61
379,367,11.6
1252,1181,11.6
427,424,11.6
353,370,11.6
60,81,11.6
132,133,11.6
1191,778,11.6
258,261,11.6
1699,1696,11.6
160,167,11.6
337,333,11.6
869,864,11.6
868,584,11.6
1757,1118,11.6
50,144,11.6
36,110,11.6
1670,1696,11.6
1583,1583,11.6
955,918,11.6
1484,1767,11.6
1025,1046,11.59
362,352,11.59
611,888,11.59
951,918,11.59
347,343,11.59
108,52,11.59
394,398,11.59
151,71,11.59
715,1150,11.59
1681,1700,11.59
323,291,11.59
1190,716,11.59
35,43,11.59
25,1669,11.59
939,1019,11.59
175,2,11.58
843,982,11.58
263,1496,11.58
822,839,11.58
1178,1182,11.58
145,110,11.58
333,324,11.58
1425,1431,11.58
51,82,11.58
1013,1027,11.58
1108,1105,11.58
1718,1075,11.58
1068,1053,11.58
886,912,11.58
964,955,11.58
616,343,11.58
400,399,11.57
1184,1178,11.57
419,424,11.57
333,347,11.57
1016,1015,11.57
1582,1597,11.57
342,345,11.57
37,297,11.57
427,409,11.57
1673,156,11.57
152,142,11.57
918,611,11.57
868,862,11.57
347,366,11.57
1259,1271,11.57
1568,1026,11.57
140,49,11.56
131,341,11.56
369,584,11.56
1760,1767,11.56
131,354,11.56
892,915,11.56
616,633,11.56
1282,1276,11.56
333,42,11.56
33,47,11.56
1261,794,11.56
1661,1685,11.56
642,912,11.56
1025,982,11.56
350,348,11.56
776,1223,11.55
318,327,11.55
841,815,11.55
1282,1280,11.55
376,388,11.55
311,323,11.55
590,587,11.55
1662,1684,11.55
1255,1426,11.55
45,316,11.55
292,34,11.55
65,109,11.55
50,306,11.55
165,1658,11.55
371,356,11.55
855,857,11.55
373,369,11.55
105,137,11.55
155,163,11.54
1419,1428,11.54
377,75,11.54
104,65,11.54
311,317,11.54
841,766,11.54
377,51,11.54
1064,1051,11.54
412,399,11.54
1009,982,11.54
358,130,11.54
70,82,11.54
778,749,11.54
208,205,11.54
744,771,11.54
1065,1051,11.54
915,1014,11.54
351,137,11.54
1693,1658,11.54
836,1278,11.54
878,970,11.54
343,352,11.53
311,310,11.53
1105,1111,11.53
1709,258,11.53
1658,1659,11.53
1698,1694,11.53
365,47,11.53
401,139,11.53
50,390,11.53
709,478,11.53
323,347,11.53
1510,264,11.53
406,406,11.53
970,884,11.52
292,296,11.52
1259,810,11.52
387,132,11.52
341,371,11.52
326,329,11.52
584,328,11.52
41,71,11.52
518,1753,11.52
299,37,11.52
1013,985,11.52
1185,719,11.52
1016,1024,11.52
377,393,11.52
390,371,11.52
303,292,11.52
1019,1718,11.52
329,602,11.52
592,325,11.52
1189,1150,11.52
545,521,11.52
177,177,11.52
1174,1205,11.51
297,316,11.51
1637,1595,11.51
544,747,11.51
394,156,11.51
36,45,11.51
1581,1637,11.51
333,342,11.51
1216,1188,11.51
1424,1428,11.51
1027,1572,11.51
855,770,11.51
626,355,11.51
915,909,11.51
1020,1025,11.51
591,568,11.51
151,135,11.51
378,388,11.5
264,505,11.5
1666,1681,11.5
400,139,11.5
334,39,11.5
1759,1425,11.5
1223,1174,11.5
46,143,11.5
46,140,11.5
140,377,11.5
292,281,11.5
1332,1311,11.5
649,912,11.5
1027,1056,11.5
222,1658,11.5
613,617,11.5
353,82,11.5
125,137,11.5
81,63,11.5
358,110,11.5
408,395,11.5
1425,1263,11.49
1175,1100,11.49
505,259,11.49
822,809,11.49
1694,1670,11.49
22,1685,11.49
1565,1565,11.49
1609,1597,11.49
1171,1108,11.49
1716,1732,11.49
173,175,11.49
1255,1278,11.49
1302,1771,11.49
335,312,11.49
857,970,11.49
45,365,11.49
1188,584,11.48
587,301,11.48
366,366,11.48
1189,1192,11.48
351,367,11.48
153,167,11.48
58,71,11.48
105,46,11.48
49,58,11.48
263,265,11.48
762,749,11.48
1685,1700,11.48
808,969,11.48
888,888,11.48
132,82,11.47
402,406,11.47
1068,1040,11.47
1681,1777,11.47
1026,1071,11.47
771,611,11.47
776,1190,11.47
142,147,11.47
149,149,11.47
1335,1311,11.47
41,296,11.47
799,794,11.47
352,364,11.47
353,350,11.47
297,34,11.47
356,374,11.46
1433,1263,11.46
1760,1763,11.46
1709,1669,11.46
420,412,11.46
1433,1181,11.46
969,786,11.46
811,822,11.46
1644,1593,11.46
1446,1438,11.46
362,368,11.46
363,137,11.46
733,584,11.46
163,161,11.46
392,394,11.46
130,339,11.46
1028,1024,11.46
81,140,11.46
1682,22,11.46
1456,1420,11.46
296,285,11.45
1028,1019,11.45
1662,1694,11.45
344,351,11.45
1022,915,11.45
174,179,11.45
1219,1216,11.45
1027,1634,11.45
1013,1065,11.45
560,563,11.45
1777,1686,11.45
545,545,11.45
794,1252,11.45
815,794,11.45
1092,1099,11.45
363,131,11.45
141,167,11.45
1181,1409,11.45
970,856,11.45
1181,1098,11.45
1685,1701,11.45
50,614,11.45
352,51,11.45
430,400,11.45
353,81,11.45
1634,1732,11.44
1677,1693,11.44
234,22,11.44
413,392,11.44
1418,1246,11.44
344,598,11.44
355,646,11.44
4,175,11.44
1191,792,11.44
1700,258,11.44
1171,1103,11.44
104,71,11.44
864,761,11.44
1435,1249,11.44
646,373,11.44
915,584,11.44
359,131,11.44
317,50,11.44
1698,1696,11.44
1409,1240,11.44
757,792,11.44
584,327,11.44
372,358,11.44
1014,912,11.44
368,371,11.44
131,41,11.44
904,912,11.43
296,299,11.43
625,918,11.43
78,84,11.43
34,335,11.43
176,432,11.43
33,42,11.43
130,40,11.43
1667,1661,11.43
84,78,11.43
110,144,11.43
886,918,11.43
1771,1364,11.43
311,34,11.43
969,858,11.43
34,48,11.43
1687,1711,11.43
638,646,11.43
1696,263,11.43
1224,1184,11.43
422,412,11.43
339,350,11.43
797,766,11.43
350,628,11.43
357,361,11.43
342,333,11.43
345,356,11.42
1776,174,11.42
50,369,11.42
1109,1178,11.42
1688,1694,11.42
1690,1678,11.42
223,1671,11.42
1090,1174,11.42
794,729,11.42
38,53,11.42
294,33,11.42
324,292,11.42
373,374,11.42
757,858,11.42
776,720,11.42
255,255,11.42
1210,1207,11.42
174,161,11.42
1024,1074,11.42
632,625,11.42
885,884,11.41
751,584,11.41
820,797,11.41
608,611,11.41
110,103,11.41
371,82,11.41
1343,1314,11.41
621,614,11.41
347,327,11.41
1182,1100,11.41
367,628,11.41
401,393,11.41
606,613,11.41
406,424,11.41
1189,584,11.41
1587,1582,11.41
1235,1759,11.41
48,318,11.41
1676,28,11.41
1669,21,11.41
1688,1680,11.41
766,970,11.4
337,345,11.4
373,918,11.4
1426,1223,11.4
1710,1753,11.4
1435,1223,11.4
164,164,11.4
351,370,11.4
1179,1184,11.4
1704,1667,11.4
1201,1162,11.4
1763,1444,11.4
158,378,11.4
750,810,11.4
1679,1694,11.4
762,757,11.4
1026,985,11.4
602,601,11.39
1314,1040,11.39
1113,1181,11.39
841,809,11.39
369,139,11.39
140,135,11.39
1053,1016,11.39
591,597,11.39
1223,1433,11.39
156,139,11.39
1676,1689,11.39
1108,1181,11.39
1191,520,11.39
1263,1301,11.39
34,296,11.39
617,613,11.39
1662,19,11.39
154,143,11.38
393,398,11.38
990,1301,11.38
384,396,11.38
303,312,11.38
918,637,11.38
1025,1071,11.38
1750,1747,11.38
1593,1598,11.38
1746,1651,11.38
133,75,11.38
323,297,11.38
692,694,11.38
1677,1691,11.38
317,306,11.38
1095,1101,11.37
985,1040,11.37
1161,1166,11.37
324,304,11.37
900,912,11.37
1180,1182,11.37
601,613,11.37
314,587,11.37
142,142,11.37
584,544,11.37
341,331,11.37
1206,1196,11.37
22,1667,11.37
39,358,11.37
1456,1263,11.37
1019,911,11.37
147,159,11.37
1219,1185,11.37
1418,1446,11.37
372,360,11.37
1572,1019,11.37
104,336,11.36
1040,1314,11.36
155,173,11.36
335,365,11.36
339,52,11.36
519,1753,11.36
1311,1327,11.36
353,324,11.36
969,764,11.36
394,399,11.36
1572,1593,11.36
163,174,11.36
163,162,11.36
34,285,11.35
571,572,11.35
327,346,11.35
1683,1670,11.35
584,625,11.35
303,41,11.35
1337,1332,11.35
326,336,11.35
45,354,11.35
66,53,11.35
401,407,11.35
136,396,11.35
1762,1408,11.34
426,432,11.34
1238,1235,11.34
41,353,11.34
1252,774,11.34
1281,1263,11.34
110,366,11.34
1778,1671,11.34
28,1684,11.34
363,378,11.34
367,638,11.34
1667,1680,11.34
307,302,11.34
136,48,11.34
34,304,11.34
1698,1710,11.34
1178,1171,11.34
402,404,11.34
50,303,11.33
384,138,11.33
1700,1662,11.33
518,505,11.33
263,1685,11.33
167,186,11.33
1219,1176,11.33
87,110,11.33
1101,1099,11.33
371,633,11.33
33,316,11.33
1425,1457,11.33
720,786,11.33
1002,985,11.32
406,388,11.32
918,614,11.32
342,32,11.32
378,82,11.32
130,614,11.32
1338,1344,11.32
337,608,11.32
304,34,11.32
1236,1206,11.32
776,713,11.32
1331,1318,11.32
255,260,11.32
344,347,11.32
982,914,11.32
353,330,11.32
1583,1634,11.32
591,332,11.31
1111,1182,11.31
1205,1099,11.31
159,390,11.31
329,337,11.31
75,60,11.31
82,140,11.31
1100,1178,11.31
778,775,11.31
1021,1068,11.31
1246,829,11.31
843,1032,11.31
987,985,11.31
1659,1661,11.31
406,132,11.31
809,810,11.31
1187,1181,11.31
371,357,11.31
141,396,11.31
141,71,11.31
587,592,11.3
829,1261,11.3
573,573,11.3
1255,719,11.3
1318,1318,11.3
319,325,11.3
1429,1259,11.3
333,331,11.3
591,766,11.3
969,750,11.3
376,133,11.3
340,598,11.3
371,390,11.3
933,914,11.3
394,411,11.3
886,864,11.3
158,140,11.3
285,32,11.3
810,797,11.3
776,1181,11.29
1338,1065,11.29
1311,1298,11.29
131,340,11.29
1190,715,11.29
1661,1659,11.29
356,131,11.29
1710,1704,11.29
1732,1734,11.29
37,301,11.29
915,1017,11.29
354,366,11.29
1690,1671,11.28
389,400,11.28
374,367,11.28
820,970,11.28
1772,1775,11.28
169,181,11.28
1709,1693,11.28
888,864,11.28
367,362,11.28
1311,1051,11.28
764,786,11.27
970,1019,11.27
717,1150,11.27
110,114,11.27
723,584,11.27
820,825,11.27
341,75,11.27
792,737,11.27
364,360,11.27
1176,1175,11.27
547,302,11.27
222,1669,11.27
1249,1252,11.27
882,912,11.27
1701,1668,11.27
77,78,11.27
1312,1337,11.27
829,811,11.26
351,327,11.26
1680,1679,11.26
1708,1747,11.26
171,159,11.26
591,571,11.26
1446,1423,11.26
103,50,11.26
46,303,11.26
735,729,11.26
624,619,11.26
601,864,11.26
1697,1679,11.25
1594,1600,11.25
836,1272,11.25
634,363,11.25
328,348,11.25
76,77,11.25
809,797,11.25
351,361,11.25
1342,1343,11.25
323,130,11.25
345,343,11.25
751,811,11.25
1418,1413,11.25
1758,1760,11.25
138,53,11.25
356,338,11.25
613,599,11.25
562,573,11.25
587,766,11.25
376,400,11.24
1408,1224,11.24
357,634,11.24
814,797,11.24
407,156,11.24
1331,1332,11.24
1651,1591,11.24
1100,1182,11.24
293,299,11.24
1691,1657,11.24
1026,1053,11.24
1661,1675,11.24
626,918,11.24
794,756,11.24
208,214,11.24
333,321,11.24
47,299,11.24
970,973,11.24
811,809,11.24
159,169,11.24
76,65,11.24
711,708,11.23
155,400,11.23
136,348,11.23
173,171,11.23
371,359,11.23
197,191,11.23
42,305,11.23
984,982,11.23
1056,1040,11.23
153,150,11.23
688,411,11.23
1671,235,11.23
1143,1137,11.23
781,794,11.23
614,634,11.23
28,1776,11.22
146,156,11.22
610,633,11.22
32,301,11.22
402,148,11.22
82,41,11.22
1754,1756,11.22
716,584,11.22
143,140,11.22
614,587,11.22
1700,1689,11.22
161,139,11.22
408,153,11.22
1182,1192,11.22
736,771,11.22
584,39,11.22
264,1747,11.22
544,532,11.22
402,432,11.22
321,311,11.22
110,36,11.22
1659,1669,11.22
1172,1757,11.22
33,35,11.22
1701,1685,11.22
413,430,11.22
401,397,11.22
142,156,11.22
1422,1426,11.21
402,165,11.21
78,77,11.21
1565,1024,11.21
384,137,11.21
316,36,11.21
1019,1053,11.21
563,295,11.21
195,195,11.21
1182,1219,11.21
1181,524,11.21
1189,1174,11.21
1227,786,11.21
1343,1346,11.21
779,792,11.21
306,316,11.21
617,617,11.21
427,411,11.21
544,771,11.2
1311,1041,11.2
159,161,11.2
1747,261,11.2
628,602,11.2
982,996,11.2
759,762,11.2
1756,1755,11.2
389,143,11.2
584,343,11.2
40,305,11.2
1056,1020,11.2
985,908,11.2
933,933,11.2
378,360,11.2
565,771,11.2
584,329,11.2
405,400,11.2
110,363,11.19
134,377,11.19
46,360,11.19
1495,255,11.19
174,1657,11.19
359,360,11.19
141,52,11.19
1337,1318,11.19
591,326,11.19
377,584,11.19
352,372,11.19
1716,1334,11.19
1582,1609,11.19
1084,1174,11.19
613,608,11.19
70,75,11.19
167,149,11.19
1029,910,11.19
1191,1143,11.19
1432,797,11.19
375,378,11.18
140,372,11.18
376,379,11.18
612,599,11.18
153,378,11.18
1121,1174,11.18
697,430,11.18
1426,1431,11.18
1171,1095,11.18
136,39,11.18
339,42,11.18
139,148,11.18
375,372,11.18
1013,1046,11.18
1025,913,11.18
43,136,11.18
411,399,11.18
397,404,11.18
134,372,11.18
373,132,11.18
348,156,11.17
1254,1263,11.17
1343,1065,11.17
1771,1716,11.17
1227,1223,11.17
155,402,11.17
357,368,11.17
294,312,11.17
389,396,11.17
377,43,11.17
47,145,11.17
1702,22,11.17
40,334,11.17
47,587,11.17
396,392,11.17
305,306,11.17
333,355,11.17
417,424,11.17
1644,1753,11.17
1657,9,11.17
1698,1685,11.17
299,39,11.17
151,171,11.17
1111,1096,11.16
166,132,11.16
1013,1026,11.16
1027,916,11.16
687,697,11.16
841,1280,11.16
736,587,11.16
1540,707,11.16
359,354,11.16
2,180,11.16
1105,1101,11.16
1330,1343,11.16
294,305,11.16
338,325,11.16
147,392,11.16
1683,1714,11.16
1085,1083,11.16
1375,1767,11.16
1169,1179,11.16
1143,1152,11.15
786,787,11.15
164,139,11.15
139,388,11.15
601,611,11.15
45,352,11.15
1191,747,11.15
1778,1678,11.15
151,4,11.15
1038,985,11.15
158,432,11.15
475,706,11.15
620,355,11.15
166,173,11.15
354,356,11.15
330,354,11.15
141,41,11.14
365,375,11.14
1747,1733,11.14
1582,1718,11.14
1363,1301,11.14
392,412,11.14
1013,916,11.14
1102,1101,11.14
358,372,11.14
390,135,11.14
717,717,11.14
871,864,11.14
53,323,11.14
354,334,11.14
110,34,11.14
1657,137,11.14
346,602,11.14
1611,1609,11.14
808,806,11.14
1684,1694,11.13
71,76,11.13
1226,786,11.13
1637,1753,11.13
341,156,11.13
611,602,11.13
1566,1564,11.13
584,316,11.13
345,130,11.13
1277,836,11.13
353,328,11.13
173,180,11.13
944,918,11.13
400,378,11.13
433,424,11.13
1081,1102,11.13
796,749,11.13
1694,1693,11.13
1270,1261,11.13
584,296,11.13
431,432,11.13
299,41,11.12
1666,1666,11.12
332,355,11.12
1068,1046,11.12
173,161,11.12
1644,1634,11.12
38,299,11.12
344,353,11.12
332,335,11.12
323,301,11.12
324,296,11.12
592,590,11.12
364,53,11.12
171,160,11.12
228,22,11.12
110,135,11.12
1246,1188,11.11
365,46,11.11
1102,1095,11.11
1032,1036,11.11
1446,1471,11.11
356,137,11.11
1558,1753,11.11
334,52,11.11
1026,955,11.11
770,764,11.11
655,667,11.11
1730,1591,11.11
1079,1109,11.11
1757,1425,11.11
354,42,11.11
1771,1718,11.11
776,782,11.11
1299,1311,11.11
334,45,11.11
434,411,11.11
347,364,11.11
1777,1714,11.11
628,132,11.1
736,723,11.1
328,322,11.1
351,377,11.1
841,819,11.1
159,173,11.1
1680,1672,11.1
1684,1670,11.1
33,38,11.1
168,137,11.1
855,584,11.1
1697,1672,11.1
1711,1687,11.1
1193,1396,11.1
1255,811,11.1
45,333,11.1
545,584,11.1
1181,1183,11.1
396,412,11.1
138,110,11.1
1019,1566,11.1
1082,1193,11.1
347,332,11.1
1169,1178,11.1
49,333,11.09
38,33,11.09
1677,258,11.09
350,347,11.09
761,750,11.09
300,324,11.09
285,303,11.09
1147,521,11.09
36,292,11.09
1019,940,11.09
75,114,11.09
544,301,11.09
413,418,11.09
420,424,11.09
1702,1753,11.09
136,41,11.09
1699,1694,11.09
818,822,11.09
544,587,11.09
940,912,11.09
763,571,11.09
1566,955,11.09
402,365,11.09
371,341,11.09
41,372,11.09
22,1681,11.09
790,811,11.09
159,145,11.09
367,370,11.08
338,327,11.08
65,52,11.08
354,363,11.08
327,321,11.08
614,864,11.08
630,614,11.08
584,305,11.08
1690,1711,11.08
719,722,11.08
331,331,11.08
1684,1671,11.08
46,33,11.08
603,602,11.08
44,42,11.08
1426,1413,11.08
402,133,11.08
915,920,11.08
1342,1068,11.07
348,143,11.07
1178,1757,11.07
384,377,11.07
150,149,11.07
529,523,11.07
1772,1301,11.07
1204,1162,11.07
370,137,11.07
351,634,11.07
133,52,11.07
1757,1197,11.07
481,482,11.07
316,328,11.07
171,158,11.07
259,255,11.07
340,343,11.07
132,377,11.06
388,396,11.06
341,364,11.06
1311,1330,11.06
285,297,11.06
52,329,11.06
316,42,11.06
688,427,11.06
973,970,11.06
365,51,11.06
1429,1767,11.06
301,587,11.06
1430,1767,11.06
2,173,11.06
151,413,11.06
165,142,11.06
1031,1301,11.06
1046,1043,11.06
152,413,11.06
401,377,11.06
352,359,11.06
348,337,11.06
1778,1661,11.06
869,584,11.06
529,1152,11.06
1335,1331,11.06
1349,1342,11.06
299,318,11.06
52,330,11.06
140,133,11.05
75,104,11.05
350,369,11.05
1377,1771,11.05
354,39,11.05
1426,1224,11.05
1661,4,11.05
1223,811,11.05
108,130,11.05
51,329,11.05
578,771,11.05
1680,1668,11.05
1035,1032,11.05
371,81,11.05
1328,1331,11.05
1026,954,11.05
164,152,11.05
1185,1174,11.04
1685,1660,11.04
1703,1682,11.04
1760,1181,11.04
1419,1263,11.04
1191,1757,11.04
794,790,11.04
392,393,11.04
1334,1336,11.04
110,138,11.04
817,794,11.04
1723,1723,11.04
320,325,11.04
779,781,11.04
584,750,11.04
792,584,11.04
470,470,11.04
732,794,11.04
1064,1020,11.03
43,303,11.03
1753,1525,11.03
363,360,11.03
171,169,11.03
1778,1700,11.03
1733,1591,11.03
547,584,11.03
1408,1435,11.03
1591,1603,11.03
912,917,11.03
408,164,11.03
1312,1068,11.03
47,332,11.03
171,139,11.03
1677,1692,11.03
355,368,11.03
1172,1181,11.03
343,346,11.03
1328,1330,11.03
847,825,11.03
1022,914,11.03
306,317,11.03
783,811,11.03
584,355,11.03
812,797,11.03
611,619,11.03
140,130,11.03
136,76,11.02
152,149,11.02
347,338,11.02
52,334,11.02
821,797,11.02
322,302,11.02
364,50,11.02
705,709,11.02
370,375,11.02
351,368,11.02
584,346,11.02
427,700,11.02
1252,1426,11.01
339,51,11.01
355,918,11.01
403,413,11.01
363,361,11.01
170,402,11.01
936,912,11.01
312,285,11.01
170,426,11.01
1174,1191,11.01
232,22,11.01
810,719,11.01
1026,910,11.01
563,771,11.01
174,197,11.01
420,413,11.01
158,171,11.01
1747,1512,11.0
1660,1656,11.0
300,281,11.0
743,749,11.0
608,598,11.0
1312,1300,11.0
1087,1091,11.0
1176,1178,11.0
316,299,11.0
1645,1645,11.0
1106,1085,11.0
1162,1081,11.0
1457,1435,11.0
841,1040,11.0
1079,1166,11.0
1632,1718,11.0
110,369,11.0
1435,839,11.0
53,133,11.0
1510,505,11.0
1585,1592,10.99
794,757,10.99
50,138,10.99
1106,1178,10.99
863,858,10.99
1761,1193,10.99
327,49,10.99
160,160,10.99
55,75,10.99
847,841,10.99
1259,1301,10.99
672,918,10.99
676,676,10.99
46,77,10.99
1676,1672,10.99
1685,1667,10.99
308,584,10.99
334,598,10.99
1771,1375,10.99
1040,1020,10.99
363,368,10.99
263,1776,10.99
365,362,10.99
361,918,10.98
402,398,10.98
330,332,10.98
165,145,10.98
843,846,10.98
133,400,10.98
396,138,10.98
395,412,10.98
66,71,10.98
1026,1051,10.98
1702,1684,10.98
808,804,10.98
895,584,10.98
1335,1330,10.98
376,139,10.98
1108,1096,10.98
1718,1067,10.98
1694,1695,10.98
1436,1261,10.97
371,134,10.97
303,39,10.97
49,133,10.97
709,711,10.97
300,294,10.97
1757,1164,10.97
1246,1408,10.97
1202,1205,10.97
745,786,10.97
1432,1224,10.97
51,75,10.97
716,786,10.97
408,147,10.97
35,50,10.97
191,186,10.97
1637,1603,10.97
868,970,10.97
350,602,10.97
289,289,10.97
334,337,10.97
1324,1324,10.97
560,587,10.97
357,49,10.96
716,717,10.96
330,365,10.96
786,1181,10.96
776,1252,10.96
1022,918,10.96
298,584,10.96
1581,1718,10.96
348,369,10.96
1103,1085,10.96
340,45,10.96
1362,1771,10.96
1637,1644,10.96
328,339,10.96
1715,1776,10.96
1301,1263,10.96
573,587,10.96
397,399,10.96
624,624,10.96
733,786,10.96
171,153,10.95
1747,1591,10.95
1032,973,10.95
1165,1162,10.95
1594,1583,10.95
356,348,10.95
1216,1175,10.95
329,582,10.95
1776,232,10.95
133,352,10.95
709,224,10.95
570,563,10.95
1246,1248,10.95
171,164,10.95
1192,584,10.95
1191,774,10.95
388,394,10.95
110,64,10.95
851,851,10.95
363,634,10.95
1263,1425,10.95
1581,1595,10.95
34,45,10.95
1040,1065,10.95
1601,1593,10.95
1029,584,10.95
110,80,10.95
1679,1668,10.95
1029,1013,10.94
822,973,10.94
378,402,10.94
1668,1711,10.94
364,340,10.94
81,133,10.94
521,544,10.94
1701,1678,10.94
156,167,10.94
584,580,10.94
1166,1108,10.94
1297,1036,10.94
167,159,10.94
40,348,10.94
416,410,10.94
1672,1694,10.94
1171,1096,10.94
148,136,10.94
1174,1173,10.94
401,152,10.94
1210,1162,10.94
1236,1181,10.94
352,337,10.93
1235,1236,10.93
370,367,10.93
1701,1671,10.93
821,810,10.93
402,144,10.93
318,285,10.93
1540,1540,10.93
1669,1684,10.93
327,41,10.93
405,412,10.93
1019,934,10.93
512,263,10.93
1718,1045,10.93
398,143,10.93
48,137,10.93
797,809,10.93
116,116,10.93
371,367,10.93
611,606,10.93
53,59,10.92
1732,1594,10.92
738,792,10.92
151,388,10.92
138,144,10.92
1,180,10.92
1084,1091,10.92
982,1037,10.92
786,775,10.92
353,633,10.92
1306,1299,10.92
634,631,10.92
1263,1255,10.92
371,347,10.92
1095,1094,10.92
889,584,10.92
298,291,10.92
162,163,10.91
373,633,10.91
329,614,10.91
1687,1675,10.91
1679,1657,10.91
7,1657,10.91
34,110,10.91
331,343,10.91
326,335,10.91
1426,1422,10.91
1685,1710,10.91
345,49,10.91
610,340,10.91
1673,1709,10.91
562,766,10.91
521,729,10.91
620,912,10.91
140,396,10.91
167,1657,10.91
1760,1444,10.91
75,88,10.91
761,571,10.91
1046,1045,10.91
40,130,10.91
317,49,10.91
1035,839,10.91
1701,1695,10.9
650,633,10.9
341,369,10.9
1276,1259,10.9
354,339,10.9
1020,1051,10.9
329,320,10.9
920,915,10.9
48,328,10.9
356,341,10.9
982,984,10.9
911,916,10.9
624,633,10.9
1679,1664,10.9
825,970,10.9
138,130,10.9
170,408,10.89
37,341,10.89
1680,1661,10.89
762,758,10.89
260,255,10.89
406,392,10.89
4,181,10.89
22,232,10.89
841,814,10.89
47,133,10.89
1191,750,10.89
403,688,10.89
1181,716,10.89
1609,1593,10.89
707,706,10.89
1685,1664,10.89
822,805,10.89
231,231,10.89
140,365,10.89
147,155,10.89
328,342,10.89
412,418,10.89
373,373,10.89
306,43,10.89
1194,1757,10.88
1717,1336,10.88
1717,1729,10.88
424,432,10.88
173,160,10.88
1667,1672,10.88
1777,1658,10.88
327,330,10.88
331,355,10.88
367,358,10.88
369,143,10.88
1692,258,10.88
761,719,10.88
354,82,10.88
1682,1676,10.88
175,181,10.88
1651,1653,10.88
161,162,10.88
1761,1438,10.88
721,723,10.88
1044,1040,10.87
775,794,10.87
762,767,10.87
584,326,10.87
352,335,10.87
110,355,10.87
114,110,10.87
1763,1477,10.87
1026,982,10.87
1762,1392,10.87
159,164,10.87
326,320,10.87
1749,1748,10.87
584,886,10.87
372,82,10.87
1764,1480,10.87
1258,1259,10.87
163,175,10.87
604,331,10.87
356,364,10.87
165,411,10.87
367,375,10.86
1729,1591,10.86
1342,1311,10.86
729,1191,10.86
357,628,10.86
1204,1206,10.86
378,348,10.86
41,136,10.86
1184,1205,10.86
1693,1701,10.86
416,412,10.86
735,719,10.86
1169,1184,10.86
1718,915,10.86
263,1662,10.85
141,134,10.85
346,42,10.85
1102,1105,10.85
749,766,10.85
1064,1019,10.85
808,749,10.85
379,373,10.85
413,399,10.85
1191,1252,10.85
60,65,10.85
1671,223,10.85
807,811,10.85
774,781,10.85
394,401,10.85
339,331,10.85
402,414,10.84
327,323,10.84
1594,1582,10.84
810,786,10.84
357,110,10.84
1096,1108,10.84
1753,519,10.84
774,797,10.84
173,155,10.84
794,822,10.84
434,700,10.84
912,637,10.84
358,584,10.84
1697,1662,10.84
141,39,10.84
1305,1302,10.84
1009,915,10.84
19,1669,10.84
167,162,10.84
50,327,10.84
688,412,10.84
982,969,10.84
843,1301,10.84
752,584,10.84
159,142,10.84
371,340,10.84
692,697,10.83
770,794,10.83
155,174,10.83
141,153,10.83
396,394,10.83
1184,1171,10.83
327,132,10.83
131,366,10.83
1145,521,10.83
351,349,10.83
1566,1020,10.83
71,66,10.83
1057,1024,10.83
372,366,10.83
1024,990,10.83
499,505,10.83
567,584,10.83
358,614,10.83
350,367,10.83
366,133,10.83
32,38,10.82
719,770,10.82
50,321,10.82
82,336,10.82
1432,1429,10.82
1070,1068,10.82
406,402,10.82
341,366,10.82
141,400,10.82
43,300,10.82
325,326,10.82
1344,1331,10.82
332,132,10.82
886,915,10.82
1046,918,10.81
181,180,10.81
1776,222,10.81
822,854,10.81
1688,1701,10.81
1025,1040,10.81
392,143,10.81
1161,1100,10.81
346,327,10.81
180,167,10.81
1606,1609,10.81
1404,1446,10.81
1760,1405,10.81
1657,205,10.81
1331,1334,10.81
81,348,10.81
367,637,10.81
312,328,10.81
33,285,10.81
1636,1593,10.81
167,153,10.81
378,375,10.81
646,369,10.81
1344,1342,10.81
105,82,10.81
562,32,10.8
1668,1777,10.8
324,333,10.8
47,66,10.8
1278,1281,10.8
1685,1689,10.8
348,151,10.8
302,289,10.8
208,215,10.8
1716,1311,10.8
933,912,10.8
719,745,10.8
516,1753,10.8
151,1657,10.8
180,4,10.8
602,611,10.8
351,371,10.79
24,1669,10.79
821,584,10.79
52,40,10.79
47,35,10.79
562,561,10.79
591,563,10.79
139,49,10.79
1639,1597,10.79
1223,1184,10.79
323,333,10.79
1686,24,10.79
150,50,10.79
354,357,10.79
716,1150,10.78
794,1191,10.78
578,578,10.78
1113,1100,10.78
406,408,10.78
903,908,10.78
720,1191,10.78
1551,1753,10.78
223,1776,10.78
132,81,10.78
364,376,10.78
1338,1333,10.78
348,136,10.78
1,173,10.78
584,341,10.78
634,343,10.77
337,334,10.77
334,110,10.77
1495,1496,10.77
138,147,10.77
356,332,10.77
1639,1718,10.77
363,371,10.77
1032,825,10.77
48,32,10.77
969,878,10.77
168,1658,10.77
1046,915,10.77
1435,1431,10.77
408,159,10.77
421,694,10.77
1236,1409,10.77
1408,1450,10.77
1425,1413,10.77
347,369,10.77
399,413,10.77
912,882,10.77
1095,1181,10.77
1584,1581,10.77
326,591,10.77
132,143,10.76
1634,1587,10.76
336,327,10.76
1408,1759,10.76
1644,1609,10.76
334,311,10.76
1298,1306,10.76
1020,1718,10.76
136,150,10.76
335,36,10.76
523,529,10.76
366,82,10.76
1690,1661,10.76
1427,1426,10.76
167,400,10.76
383,377,10.76
931,913,10.76
1023,1017,10.76
562,571,10.76
1692,22,10.76
1176,1171,10.76
1716,1729,10.75
1024,933,10.75
159,147,10.75
582,598,10.75
806,786,10.75
1700,263,10.75
599,602,10.75
786,766,10.75
407,424,10.75
340,81,10.75
279,32,10.75
1094,1096,10.75
177,151,10.75
379,646,10.75
438,432,10.75
1205,1096,10.75
1206,1169,10.74
165,163,10.74
613,620,10.74
1747,706,10.74
736,563,10.74
1142,1143,10.74
263,1658,10.74
166,137,10.74
1100,1081,10.74
140,384,10.74
1166,1169,10.74
327,602,10.74
327,587,10.74
130,364,10.74
1637,1631,10.74
1255,786,10.74
335,317,10.74
376,143,10.74
796,584,10.74
1685,263,10.74
764,862,10.74
430,410,10.74
822,818,10.74
43,65,10.73
131,342,10.73
367,631,10.73
389,132,10.73
1338,1301,10.73
1056,1016,10.73
782,811,10.73
346,43,10.73
732,732,10.73
437,413,10.73
354,81,10.73
41,139,10.73
1210,1182,10.73
1024,985,10.73
970,599,10.73
1691,1676,10.73
336,353,10.73
250,260,10.73
1478,1409,10.73
167,140,10.73
179,173,10.73
1306,1298,10.73
687,694,10.73
82,358,10.73
165,144,10.73
339,43,10.72
770,762,10.72
1428,1435,10.72
143,147,10.72
851,1581,10.72
339,321,10.72
345,50,10.72
1753,712,10.72
563,32,10.72
171,400,10.72
131,353,10.72
844,839,10.72
36,341,10.72
36,301,10.72
333,358,10.72
1205,1202,10.71
82,378,10.71
174,181,10.71
298,292,10.71
363,377,10.71
1757,587,10.71
1564,1020,10.71
394,139,10.71
114,75,10.71
912,908,10.71
335,305,10.71
1196,1759,10.71
1704,1778,10.71
369,400,10.71
700,433,10.71
143,81,10.71
43,299,10.71
1314,1331,10.71
1264,1264,10.71
723,716,10.71
1191,1189,10.7
1084,1096,10.7
1671,1700,10.7
1714,1658,10.7
819,822,10.7
51,330,10.7
1027,1347,10.7
632,913,10.7
1299,1299,10.7
41,304,10.7
377,398,10.7
614,637,10.7
150,136,10.7
982,584,10.69
1681,258,10.69
1695,1658,10.69
1695,1673,10.69
367,343,10.69
140,149,10.69
177,174,10.69
358,347,10.69
572,761,10.69
42,44,10.69
741,584,10.69
892,885,10.69
41,285,10.69
35,33,10.69
335,332,10.69
555,584,10.69
1659,22,10.69
1043,982,10.69
1014,1017,10.69
181,181,10.69
299,301,10.69
170,165,10.69
614,340,10.69
1433,1446,10.69
1690,1694,10.69
313,587,10.69
149,140,10.69
1191,522,10.69
328,318,10.69
1391,1775,10.69
1278,836,10.68
1338,1314,10.68
764,822,10.68
147,365,10.68
482,481,10.68
342,359,10.68
1588,1593,10.68
22,1674,10.68
523,1150,10.68
970,885,10.68
512,1747,10.68
323,52,10.68
408,377,10.68
602,337,10.68
294,306,10.68
427,412,10.68
1477,1480,10.68
310,305,10.68
334,51,10.68
1670,1656,10.68
744,792,10.68
1338,1318,10.68
912,931,10.68
369,364,10.68
512,505,10.68
1433,1419,10.68
722,729,10.68
1696,264,10.68
22,1664,10.67
351,41,10.67
1714,1694,10.67
376,363,10.67
625,912,10.67
716,722,10.67
1712,1689,10.67
40,328,10.67
158,411,10.67
346,302,10.67
563,572,10.67
373,355,10.67
399,411,10.67
578,587,10.67
1747,1702,10.67
1778,1687,10.67
1392,1396,10.67
1301,973,10.67
1035,986,10.67
969,818,10.66
392,389,10.66
1191,721,10.66
839,794,10.66
374,380,10.66
346,372,10.66
141,142,10.66
646,637,10.66
1025,985,10.66
360,352,10.66
709,1591,10.65
422,697,10.65
40,342,10.65
1704,1673,10.65
688,410,10.65
317,46,10.65
1040,918,10.65
338,302,10.65
407,411,10.65
808,750,10.65
1566,1581,10.65
1429,1413,10.65
53,366,10.65
214,208,10.65
1331,1333,10.64
151,157,10.64
336,321,10.64
356,372,10.64
40,306,10.64
250,261,10.64
614,771,10.64
1026,584,10.64
969,808,10.64
372,143,10.64
139,153,10.64
1302,1718,10.64
147,134,10.64
147,160,10.64
321,341,10.64
374,368,10.64
334,321,10.64
365,136,10.64
318,322,10.64
151,412,10.63
139,147,10.63
584,321,10.63
173,166,10.63
1585,1581,10.63
1029,1634,10.63
354,330,10.63
418,430,10.63
1280,1301,10.63
42,131,10.63
377,152,10.63
1255,1429,10.63
1657,2,10.63
344,365,10.63
1581,1587,10.63
82,39,10.63
763,811,10.63
1027,1059,10.63
39,315,10.63
1581,1585,10.63
51,334,10.63
1013,908,10.63
47,322,10.63
1024,1311,10.62
223,222,10.62
1029,1021,10.62
1409,1759,10.62
1432,1249,10.62
38,303,10.62
1017,1053,10.62
396,372,10.62
877,864,10.62
1029,940,10.62
857,856,10.62
139,149,10.62
1082,1108,10.62
970,614,10.62
1681,1695,10.62
1277,1771,10.62
45,81,10.62
366,371,10.62
366,81,10.62
104,365,10.61
591,601,10.61
915,917,10.61
138,388,10.61
1016,1013,10.61
359,347,10.61
1343,1339,10.61
169,155,10.61
360,110,10.61
1778,1680,10.61
1778,1677,10.61
418,418,10.61
151,384,10.61
1700,1669,10.61
1255,1272,10.61
390,398,10.61
1757,1244,10.61
1709,1678,10.61
786,732,10.61
953,1019,10.61
1056,1053,10.61
1095,1105,10.61
1278,811,10.61
132,358,10.61
402,145,10.61
1087,1166,10.61
1628,1634,10.61
715,1181,10.61
81,378,10.61
1174,1184,10.6
982,1016,10.6
46,587,10.6
333,351,10.6
598,592,10.6
140,131,10.6
109,51,10.6
1749,1754,10.6
370,355,10.6
167,412,10.6
331,333,10.6
311,37,10.6
346,369,10.6
1341,1342,10.6
164,171,10.6
1109,1095,10.6
159,148,10.6
1252,1261,10.6
149,153,10.6
1111,1178,10.6
299,298,10.59
174,171,10.59
697,918,10.59
353,133,10.59
181,175,10.59
1495,1702,10.59
1673,1700,10.59
990,970,10.59
159,166,10.59
412,409,10.59
1776,224,10.59
1683,1664,10.59
470,712,10.59
1566,1022,10.59
367,912,10.59
1693,1710,10.59
602,613,10.59
50,344,10.59
363,344,10.59
304,297,10.59
584,32,10.59
1478,1408,10.59
1009,918,10.59
1300,1311,10.59
1525,505,10.59
584,42,10.59
75,83,10.59
170,174,10.59
941,918,10.59
763,750,10.59
599,606,10.59
174,155,10.59
1694,1667,10.58
700,709,10.58
350,349,10.58
49,345,10.58
841,1252,10.58
171,166,10.58
787,794,10.58
360,372,10.58
105,109,10.58
1591,1581,10.58
336,82,10.58
1076,1337,10.58
584,559,10.58
389,392,10.58
296,305,10.58
1747,1736,10.58
1193,1082,10.58
52,372,10.58
110,318,10.58
1027,908,10.58
1747,518,10.58
1672,1685,10.58
1057,1065,10.58
147,164,10.58
1715,1710,10.58
608,587,10.58
1170,1171,10.57
360,81,10.57
155,144,10.57
331,340,10.57
369,346,10.57
1656,1663,10.57
1332,1324,10.57
121,81,10.57
377,153,10.57
841,1035,10.57
50,135,10.57
1446,1454,10.57
366,348,10.57
719,782,10.57
1205,1402,10.57
42,346,10.57
380,375,10.57
811,764,10.57
153,413,10.56
1092,1095,10.56
265,1686,10.56
846,797,10.56
1338,1312,10.56
285,584,10.56
563,566,10.56
433,700,10.56
1754,1746,10.56
147,401,10.56
1206,1200,10.56
372,50,10.56
398,390,10.56
130,390,10.56
766,749,10.56
985,1301,10.56
604,608,10.56
1301,1068,10.56
259,258,10.56
736,572,10.56
50,150,10.56
1686,1747,10.55
1046,1017,10.55
1748,1754,10.55
46,104,10.55
408,432,10.55
318,51,10.55
1701,1714,10.55
52,37,10.55
611,631,10.55
258,260,10.55
920,914,10.55
280,302,10.55
316,340,10.55
897,918,10.55
897,915,10.55
820,794,10.55
56,81,10.55
758,786,10.55
260,258,10.55
4,1661,10.55
197,174,10.55
402,136,10.55
147,53,10.55
1419,1433,10.55
148,160,10.55
763,719,10.55
1025,931,10.55
1714,1683,10.54
1592,1592,10.54
1085,1111,10.54
763,566,10.54
982,908,10.54
53,83,10.54
436,447,10.54
449,449,10.54
762,572,10.54
1679,1676,10.54
151,186,10.54
332,328,10.54
499,1747,10.54
912,886,10.54
168,180,10.54
38,310,10.54
1599,1637,10.54
148,50,10.54
167,158,10.53
566,563,10.53
1190,722,10.53
1015,1020,10.53
414,411,10.53
1719,1718,10.53
38,45,10.53
322,335,10.53
1429,1428,10.53
622,355,10.53
148,159,10.53
372,53,10.53
1184,1190,10.53
1686,1699,10.53
970,990,10.53
46,58,10.53
1671,258,10.53
140,150,10.52
334,344,10.52
399,412,10.52
1673,258,10.52
408,394,10.52
822,792,10.52
336,312,10.52
80,110,10.52
1282,1282,10.52
1028,1025,10.52
1409,1435,10.52
158,141,10.52
1700,1678,10.52
305,312,10.52
110,371,10.52
1046,1000,10.52
1032,969,10.52
572,302,10.52
1303,1303,10.52
1430,1259,10.52
413,394,10.52
934,912,10.52
801,750,10.52
33,296,10.52
1569,1572,10.52
611,889,10.52
985,979,10.51
1166,1085,10.51
1466,1446,10.51
1593,1592,10.51
343,340,10.51
613,631,10.51
1035,843,10.51
365,134,10.51
614,610,10.51
130,323,10.51
1181,1173,10.51
335,303,10.51
1436,1259,10.51
160,139,10.51
312,321,10.51
1686,235,10.51
324,282,10.51
378,352,10.51
1102,1108,10.51
736,566,10.5
1692,1671,10.5
1038,973,10.5
437,430,10.5
49,344,10.5
354,614,10.5
148,155,10.5
414,400,10.5
351,329,10.5
1683,1694,10.5
51,353,10.5
52,353,10.5
1014,908,10.5
1041,1000,10.5
407,143,10.5
341,310,10.49
1433,786,10.49
1294,1301,10.49
53,302,10.49
864,855,10.49
1155,521,10.49
281,292,10.49
1668,22,10.49
330,300,10.49
884,885,10.49
811,755,10.49
318,294,10.49
521,532,10.49
918,882,10.49
1759,1405,10.49
371,136,10.49
1035,825,10.49
1435,1767,10.49
323,346,10.49
843,825,10.48
406,394,10.48
1471,1446,10.48
751,750,10.48
969,839,10.48
1759,1171,10.48
1021,1065,10.48
915,886,10.48
395,378,10.48
153,412,10.48
342,75,10.48
164,432,10.48
723,786,10.48
50,299,10.48
136,369,10.48
1425,1456,10.48
334,345,10.47
81,56,10.47
318,315,10.47
1593,1640,10.47
518,263,10.47
1709,1661,10.47
150,167,10.47
1276,1301,10.47
87,132,10.47
1582,1587,10.47
148,138,10.47
1682,1660,10.47
358,81,10.47
161,1,10.47
724,521,10.47
133,354,10.47
1146,521,10.47
324,137,10.47
1272,1280,10.47
310,32,10.47
408,160,10.47
356,918,10.47
1009,914,10.47
1311,1002,10.47
634,602,10.46
1495,1510,10.46
829,1259,10.46
614,606,10.46
1747,1504,10.46
1190,1185,10.46
1302,1314,10.46
341,151,10.46
1024,1000,10.46
1662,235,10.46
587,563,10.46
316,330,10.46
724,719,10.46
331,344,10.46
1680,1710,10.46
926,915,10.46
337,336,10.46
168,173,10.46
344,325,10.45
421,697,10.45
153,154,10.45
305,36,10.45
620,626,10.45
341,38,10.45
1760,1758,10.45
368,638,10.45
346,39,10.45
598,326,10.45
40,51,10.45
47,59,10.45
513,519,10.45
1408,1402,10.45
392,403,10.45
721,794,10.45
348,364,10.45
614,624,10.45
304,312,10.45
636,912,10.45
348,332,10.45
408,388,10.45
1220,1223,10.44
45,339,10.44
377,71,10.44
136,400,10.44
375,380,10.44
365,334,10.44
1662,222,10.44
347,32,10.44
52,136,10.44
1190,776,10.44
132,156,10.44
1593,1599,10.44
291,563,10.44
1112,1757,10.44
601,771,10.44
970,797,10.44
1024,913,10.44
1657,7,10.44
43,372,10.44
47,300,10.44
359,341,10.43
135,140,10.43
299,324,10.43
709,699,10.43
950,1029,10.43
384,372,10.43
147,394,10.43
147,389,10.43
365,633,10.43
321,318,10.43
799,811,10.43
989,982,10.43
208,1669,10.43
1224,1185,10.43
151,2,10.43
390,424,10.43
333,316,10.43
280,281,10.43
544,1152,10.43
81,340,10.43
1174,1102,10.43
375,370,10.43
60,66,10.43
343,356,10.43
28,1658,10.43
1759,1478,10.42
1776,1698,10.42
682,688,10.42
366,49,10.42
369,389,10.42
1337,1314,10.42
764,749,10.42
363,50,10.42
1336,1318,10.42
76,49,10.42
1302,982,10.42
421,424,10.42
760,771,10.42
342,378,10.42
709,434,10.42
393,143,10.42
892,910,10.41
822,762,10.41
75,43,10.41
344,363,10.41
774,750,10.41
1343,1301,10.41
196,196,10.41
422,410,10.41
682,409,10.41
880,584,10.41
797,799,10.41
332,329,10.41
950,1019,10.41
359,346,10.41
779,785,10.41
841,817,10.41
857,855,10.41
133,48,10.41
631,619,10.41
1332,1347,10.41
573,771,10.41
136,358,10.41
841,1036,10.41
159,174,10.41
369,131,10.41
893,918,10.4
1408,1404,10.4
75,360,10.4
358,351,10.4
806,750,10.4
104,341,10.4
1121,1757,10.4
53,44,10.4
329,292,10.4
348,37,10.4
1722,1718,10.4
757,767,10.4
329,296,10.4
163,145,10.4
1425,1252,10.4
1748,1749,10.4
808,809,10.4
1551,1609,10.4
1024,1301,10.4
45,317,10.4
215,22,10.4
340,363,10.39
50,587,10.39
1540,1581,10.39
173,163,10.39
179,151,10.39
43,35,10.39
333,43,10.39
797,982,10.39
810,970,10.39
311,297,10.39
1314,1036,10.39
611,618,10.39
261,505,10.39
619,620,10.39
1044,982,10.39
1698,263,10.38
697,413,10.38
105,81,10.38
905,912,10.38
1565,918,10.38
235,1669,10.38
1713,1776,10.38
544,723,10.38
380,380,10.38
1108,1103,10.38
948,955,10.38
160,159,10.38
180,173,10.38
329,33,10.38
1013,1015,10.38
171,170,10.38
1711,1690,10.38
634,912,10.38
556,521,10.38
140,142,10.38
327,337,10.38
48,323,10.37
1028,1026,10.37
138,402,10.37
141,384,10.37
970,918,10.37
158,155,10.37
1301,1037,10.37
1009,1016,10.37
634,365,10.37
365,351,10.37
345,338,10.37
1692,263,10.37
819,841,10.37
165,170,10.37
1092,1102,10.37
187,169,10.37
390,82,10.37
347,133,10.37
855,858,10.37
336,75,10.37
360,130,10.37
758,770,10.37
900,584,10.37
1337,1348,10.37
1181,774,10.36
1382,1771,10.36
591,633,10.36
769,764,10.36
324,281,10.36
404,413,10.36
363,353,10.36
297,312,10.36
346,359,10.36
49,317,10.36
597,591,10.36
170,137,10.36
1425,1423,10.36
1019,886,10.36
48,37,10.36
346,330,10.36
1628,1019,10.36
374,646,10.36
797,792,10.36
646,379,10.36
370,368,10.36
898,912,10.36
295,563,10.35
1701,1683,10.35
345,357,10.35
1263,1258,10.35
1666,1776,10.35
46,299,10.35
4,163,10.35
1170,1166,10.35
398,413,10.35
762,571,10.35
1183,1182,10.35
377,351,10.35
758,757,10.35
1181,1249,10.35
26,1669,10.35
351,47,10.35
544,562,10.35
1565,1572,10.35
1705,1700,10.34
150,144,10.34
1013,920,10.34
164,396,10.34
841,847,10.34
435,424,10.34
4,167,10.34
321,327,10.34
406,395,10.34
898,915,10.34
151,395,10.34
377,387,10.34
1109,1188,10.34
368,344,10.34
334,353,10.34
584,585,10.34
1014,1023,10.34
1035,797,10.34
1203,1206,10.33
1092,1098,10.33
1686,241,10.33
48,354,10.33
338,49,10.33
300,584,10.33
47,377,10.33
117,137,10.33
356,360,10.33
1175,1205,10.33
1718,1730,10.33
1418,1224,10.33
138,135,10.33
970,762,10.33
429,412,10.33
1223,1226,10.33
936,1019,10.33
1628,1568,10.33
294,291,10.33
377,39,10.33
1446,1760,10.33
882,858,10.33
627,614,10.33
1591,1586,10.33
1098,1181,10.32
1041,1311,10.32
1171,1105,10.32
1584,1593,10.32
147,165,10.32
579,572,10.32
138,81,10.32
75,143,10.32
795,811,10.32
1046,1014,10.32
969,862,10.32
348,71,10.32
43,333,10.32
75,63,10.32
363,53,10.32
43,327,10.32
161,140,10.32
1046,1337,10.31
604,591,10.31
345,363,10.31
60,75,10.31
170,167,10.31
1760,1419,10.31
404,399,10.31
985,984,10.31
420,432,10.31
1043,1043,10.31
846,846,10.31
1776,1,10.31
1273,1282,10.31
839,1032,10.31
789,794,10.31
164,411,10.31
1259,1446,10.31
341,299,10.31
402,167,10.31
177,424,10.31
72,110,10.31
387,392,10.31
1691,1709,10.31
393,396,10.3
81,59,10.3
132,366,10.3
163,155,10.3
33,49,10.3
943,918,10.3
806,1261,10.3
32,336,10.3
65,76,10.3
1114,1174,10.3
55,55,10.3
37,130,10.3
1775,1324,10.3
136,142,10.3
419,400,10.3
1335,1324,10.3
1680,1683,10.3
50,351,10.3
330,353,10.3
1692,1670,10.3
53,145,10.3
521,1188,10.3
1008,1002,10.3
263,1694,10.3
1016,1068,10.3
32,317,10.3
1682,1666,10.3
908,886,10.3
532,584,10.29
43,140,10.29
1015,1015,10.29
179,179,10.29
1701,1688,10.29
1753,1609,10.29
1019,885,10.29
364,348,10.29
1027,1311,10.29
379,380,10.29
411,400,10.29
32,288,10.29
551,584,10.29
1771,1259,10.29
395,137,10.29
165,148,10.29
36,291,10.29
1634,1566,10.29
1709,1670,10.29
619,631,10.29
737,738,10.29
610,628,10.29
1592,1634,10.29
563,296,10.29
289,301,10.28
57,110,10.28
341,314,10.28
345,53,10.28
322,328,10.28
903,1019,10.28
334,130,10.28
1757,1097,10.28
336,36,10.28
551,302,10.28
845,970,10.28
156,140,10.28
374,375,10.28
1262,1277,10.28
614,646,10.28
131,65,10.28
317,47,10.28
1106,1182,10.28
1581,708,10.28
144,110,10.28
393,390,10.28
341,320,10.28
366,352,10.28
166,169,10.28
1446,1259,10.28
1193,1236,10.28
908,884,10.28
939,918,10.28
1021,1022,10.28
75,336,10.27
294,37,10.27
398,403,10.27
614,607,10.27
109,58,10.27
771,757,10.27
1191,775,10.27
1191,749,10.27
643,918,10.27
82,70,10.27
356,602,10.27
346,332,10.27
1192,719,10.27
166,174,10.27
396,140,10.27
167,179,10.27
161,159,10.27
1568,1024,10.27
519,260,10.27
82,51,10.26
264,513,10.26
354,371,10.26
717,1188,10.26
350,634,10.26
970,975,10.26
381,132,10.26
1698,1692,10.26
1046,1056,10.26
390,358,10.26
1433,1424,10.26
320,327,10.26
389,390,10.26
368,628,10.26
1704,1777,10.26
715,722,10.26
361,357,10.26
969,815,10.26
1237,1205,10.26
879,584,10.26
1014,920,10.26
1671,1701,10.26
1205,829,10.26
330,33,10.25
327,344,10.25
1098,1094,10.25
335,587,10.25
159,163,10.25
136,65,10.25
37,44,10.25
1179,1171,10.25
1082,1181,10.25
1656,22,10.25
715,584,10.25
131,347,10.25
402,150,10.25
1586,1597,10.25
1640,1609,10.25
306,310,10.25
180,175,10.25
321,303,10.25
1252,811,10.25
1137,1188,10.25
32,330,10.25
646,634,10.25
1757,1202,10.25
771,566,10.24
809,809,10.24
719,717,10.24
1232,1757,10.24
49,359,10.24
28,28,10.24
779,1191,10.24
306,50,10.24
377,149,10.24
300,292,10.24
614,630,10.24
903,914,10.24
1068,1017,10.24
806,969,10.24
154,153,10.24
1658,1682,10.24
1671,1710,10.24
111,110,10.24
1551,1747,10.24
327,324,10.24
1657,175,10.24
374,373,10.24
38,341,10.24
1709,1668,10.24
822,882,10.24
1035,841,10.23
397,412,10.23
365,390,10.23
312,334,10.23
369,130,10.23
374,355,10.23
1688,1678,10.23
335,353,10.23
1724,1718,10.23
532,532,10.23
762,858,10.23
259,262,10.23
408,142,10.23
794,864,10.23
1454,1446,10.23
153,136,10.23
155,396,10.23
413,407,10.23
1068,1339,10.22
829,1249,10.22
75,372,10.22
604,610,10.22
1206,1409,10.22
766,764,10.22
352,333,10.22
341,136,10.22
738,811,10.22
168,161,10.22
1277,1767,10.22
342,37,10.22
328,587,10.22
1333,1068,10.22
353,332,10.22
32,310,10.22
646,355,10.22
338,335,10.22
771,856,10.22
49,305,10.21
1671,205,10.21
954,918,10.21
51,324,10.21
379,633,10.21
42,306,10.21
1306,1303,10.21
1700,1747,10.21
1457,1419,10.21
839,969,10.21
378,363,10.21
105,43,10.21
401,158,10.21
801,584,10.21
294,41,10.21
136,149,10.21
281,282,10.21
292,294,10.21
139,130,10.21
908,1014,10.2
367,372,10.2
1271,1259,10.2
351,328,10.2
1409,1418,10.2
166,165,10.2
1068,1333,10.2
644,633,10.2
1753,1750,10.2
1226,1181,10.2
608,864,10.2
37,296,10.2
1521,1551,10.2
1219,1246,10.2
1540,697,10.2
895,611,10.2
1747,258,10.2
916,910,10.2
1326,1331,10.2
544,572,10.2
303,304,10.2
162,137,10.2
797,836,10.2
316,310,10.2
357,337,10.19
45,44,10.19
1478,1438,10.19
1311,1771,10.19
908,885,10.19
779,1261,10.19
1336,1338,10.19
378,395,10.19
614,352,10.19
361,646,10.19
1348,1343,10.19
584,597,10.19
1409,1402,10.19
1409,1244,10.19
357,374,10.19
774,775,10.19
1169,1224,10.19
1667,22,10.19
970,915,10.19
1710,1671,10.19
331,334,10.19
1109,1091,10.19
1764,1486,10.19
331,339,10.19
393,402,10.19
329,81,10.19
771,750,10.19
717,729,10.19
1267,1272,10.19
1697,1663,10.18
1175,1166,10.18
1096,1181,10.18
706,475,10.18
132,348,10.18
1667,1662,10.18
1710,1685,10.18
432,430,10.18
1684,1696,10.18
706,700,10.18
1342,1330,10.18
1303,1040,10.18
338,587,10.18
1572,1029,10.18
146,137,10.18
330,598,10.18
761,970,10.18
255,261,10.18
136,336,10.17
564,32,10.17
131,134,10.17
21,1658,10.17
1586,1586,10.17
1777,1694,10.17
33,330,10.17
357,366,10.17
519,259,10.17
1073,1068,10.17
740,771,10.17
584,630,10.17
749,762,10.17
521,529,10.17
58,66,10.17
1017,1021,10.17
1096,1111,10.17
1757,1478,10.17
1330,1068,10.17
1564,1016,10.17
1331,1314,10.17
779,1259,10.17
390,49,10.17
704,708,10.17
130,318,10.17
352,81,10.17
334,365,10.17
1585,1718,10.17
333,39,10.17
191,151,10.17
325,302,10.17
1301,985,10.17
355,345,10.17
145,82,10.17
1682,1709,10.16
365,367,10.16
143,388,10.16
1010,1019,10.16
998,985,10.16
179,1658,10.16
347,75,10.16
1248,719,10.16
915,885,10.16
1022,1021,10.16
709,412,10.16
393,399,10.16
340,326,10.16
564,563,10.16
18,1669,10.16
637,630,10.16
250,22,10.16
82,156,10.16
378,354,10.16
75,358,10.16
35,306,10.16
1096,1092,10.16
110,359,10.16
1226,794,10.16
1111,1188,10.16
1065,1017,10.16
1040,1337,10.16
130,344,10.16
596,602,10.16
161,153,10.16
841,985,10.15
341,133,10.15
141,160,10.15
41,65,10.15
1166,1188,10.15
65,60,10.15
361,352,10.15
1658,1694,10.15
613,882,10.15
27,1669,10.15
353,338,10.15
1636,1585,10.15
1636,1640,10.15
377,424,10.15
786,970,10.15
1588,1594,10.15
1,141,10.15
148,158,10.15
180,186,10.15
1653,1747,10.15
378,142,10.15
1224,811,10.15
765,766,10.15
1757,1147,10.15
1424,1767,10.15
736,794,10.14
108,46,10.14
841,835,10.14
623,614,10.14
1593,1600,10.14
1668,1714,10.14
1347,1346,10.14
986,1002,10.14
329,82,10.14
131,377,10.14
299,294,10.14
353,323,10.14
553,719,10.14
970,879,10.14
263,518,10.14
1540,712,10.14
65,132,10.14
1639,1593,10.14
392,413,10.14
1693,1671,10.14
75,51,10.14
278,302,10.14
1002,1019,10.14
397,395,10.14
167,4,10.14
973,1035,10.14
1704,1701,10.14
1701,1661,10.14
335,34,10.13
50,105,10.13
47,344,10.13
372,376,10.13
6,4,10.13
404,411,10.13
263,1692,10.13
1024,931,10.13
588,302,10.13
363,374,10.13
1757,1140,10.13
1205,1199,10.13
319,320,10.13
1678,1703,10.13
646,631,10.13
294,39,10.13
879,882,10.13
1028,1029,10.13
1267,1276,10.13
1664,1685,10.13
358,341,10.13
911,1019,10.13
39,77,10.13
969,975,10.13
173,1,10.13
1059,1024,10.13
774,749,10.13
377,158,10.13
398,396,10.13
626,625,10.12
1429,1486,10.12
738,750,10.12
303,36,10.12
151,134,10.12
342,139,10.12
364,633,10.12
1161,1174,10.12
1739,1651,10.12
22,208,10.12
544,32,10.12
750,737,10.12
46,133,10.12
170,411,10.12
330,301,10.12
165,1,10.12
1182,1223,10.12
416,424,10.12
303,310,10.12
327,42,10.12
1657,1672,10.12
364,110,10.12
1219,1178,10.12
53,377,10.11
697,712,10.11
1314,1302,10.11
365,344,10.11
58,49,10.11
130,370,10.11
173,179,10.11
507,263,10.11
331,341,10.11
133,388,10.11
304,316,10.11
601,587,10.11
355,631,10.11
1691,1664,10.11
1710,1678,10.11
163,139,10.11
1036,1311,10.11
66,78,10.11
1098,1091,10.11
1677,1668,10.11
49,614,10.11
982,1311,10.11
1224,1246,10.11
302,771,10.11
75,151,10.11
398,402,10.11
338,351,10.11
1094,1109,10.11
1664,1679,10.11
2,132,10.1
1664,1702,10.1
155,136,10.1
774,1181,10.1
1024,1568,10.1
1486,1261,10.1
846,843,10.1
985,879,10.1
389,139,10.1
1100,1093,10.1
300,297,10.1
987,982,10.1
614,346,10.1
41,358,10.1
83,75,10.1
1009,1014,10.1
394,151,10.1
292,300,10.1
363,375,10.1
1637,1651,10.1
297,41,10.1
1771,1276,10.1
413,158,10.1
1252,1425,10.09
1166,1111,10.09
1369,1718,10.09
47,359,10.09
52,358,10.09
626,631,10.09
278,32,10.09
164,159,10.09
1021,1025,10.09
1511,1747,10.09
347,139,10.09
559,771,10.09
1478,1764,10.09
359,53,10.09
1715,1702,10.09
794,808,10.09
297,563,10.09
986,973,10.09
362,344,10.09
38,300,10.09
1301,1046,10.09
1270,1276,10.09
71,131,10.09
1046,1312,10.08
1165,1171,10.08
134,131,10.08
407,395,10.08
1428,1426,10.08
1564,1568,10.08
697,436,10.08
572,563,10.08
1179,1191,10.08
208,222,10.08
762,786,10.08
704,712,10.08
371,140,10.08
1025,910,10.08
776,716,10.08
52,324,10.08
736,302,10.08
347,40,10.07
343,628,10.07
312,587,10.07
1013,1051,10.07
1675,1657,10.07
305,297,10.07
757,571,10.07
305,39,10.07
47,345,10.07
388,397,10.07
1667,1703,10.07
354,329,10.07
50,357,10.07
1718,1021,10.07
1193,1408,10.07
363,376,10.07
398,389,10.07
1644,1651,10.07
1206,1240,10.07
893,912,10.07
1191,732,10.07
1540,700,10.07
292,33,10.07
806,839,10.07
390,150,10.07
512,519,10.07
340,325,10.06
584,862,10.06
481,706,10.06
50,163,10.06
339,316,10.06
840,1277,10.06
318,347,10.06
767,770,10.06
329,285,10.06
301,576,10.06
214,22,10.06
632,632,10.06
53,56,10.06
323,33,10.06
758,864,10.06
915,903,10.06
544,740,10.06
1593,1601,10.06
348,343,10.06
778,521,10.06
1664,1694,10.06
355,339,10.06
574,587,10.06
403,392,10.06
408,406,10.06
1082,1111,10.06
584,50,10.06
982,1014,10.06
776,743,10.06
329,304,10.06
139,52,10.06
1577,1581,10.06
1342,1324,10.06
223,1663,10.06
1017,1068,10.06
1660,1667,10.06
82,348,10.06
348,141,10.05
413,389,10.05
1396,1235,10.05
1105,1095,10.05
1700,1684,10.05
1188,1189,10.05
937,912,10.05
1022,1068,10.05
985,1014,10.05
5,1658,10.05
811,808,10.05
318,333,10.05
975,970,10.05
32,521,10.05
788,811,10.05
174,166,10.05
1595,1591,10.04
1210,1175,10.04
371,400,10.04
78,66,10.04
337,356,10.04
395,393,10.04
969,749,10.04
1204,1171,10.04
757,764,10.04
794,743,10.04
1027,1336,10.04
430,447,10.04
147,130,10.04
910,886,10.04
729,521,10.04
841,1264,10.04
1180,1180,10.04
918,955,10.04
354,133,10.03
328,598,10.03
133,135,10.03
786,790,10.03
334,358,10.03
46,332,10.03
81,54,10.03
1085,1181,10.03
770,855,10.03
1718,1325,10.03
1676,1697,10.03
870,882,10.03
1184,1180,10.03
1059,1020,10.03
767,761,10.03
83,137,10.03
303,295,10.03
584,610,10.03
744,744,10.03
1396,1759,10.03
110,614,10.03
1025,990,10.03
1703,1673,10.03
66,58,10.03
371,374,10.03
889,882,10.03
563,719,10.03
374,918,10.03
424,400,10.02
143,136,10.02
356,349,10.02
149,141,10.02
1171,1210,10.02
1776,175,10.02
32,329,10.02
1171,1175,10.02
156,149,10.02
597,602,10.02
1409,1433,10.02
50,300,10.02
700,708,10.02
584,49,10.02
350,361,10.02
1098,1108,10.02
374,376,10.01
1079,1174,10.01
771,764,10.01
174,432,10.01
1227,794,10.01
393,413,10.01
342,337,10.01
161,166,10.01
371,368,10.01
579,571,10.01
130,138,10.01
1408,1433,10.01
294,36,10.01
1683,1657,10.01
708,694,10.01
75,141,10.01
433,410,10.01
719,761,10.01
843,970,10.01
822,856,10.0
1669,24,10.0
353,139,10.0
376,352,10.0
46,322,10.0
1747,1711,10.0
347,316,10.0
1171,1179,10.0
341,141,10.0
855,766,10.0
1332,1342,10.0
626,620,10.0
1670,235,10.0
1043,1068,10.0
1343,1335,10.0
573,566,10.0
1169,1099,10.0
1675,258,10.0
1246,1191,10.0
173,165,10.0
1679,1660,10.0
155,1658,10.0
1013,1009,10.0
1661,151,10.0
708,1540,10.0
371,614,10.0
1643,1637,10.0
1312,1318,10.0
291,521,10.0
880,864,10.0
1219,719,10.0
839,584,9.99
1696,1698,9.99
1425,1259,9.99
181,137,9.99
1732,1640,9.99
136,371,9.99
416,411,9.99
1672,1675,9.99
1686,26,9.99
413,401,9.99
353,45,9.99
1019,985,9.99
1747,1528,9.99
318,137,9.99
1019,884,9.99
1162,1182,9.99
370,131,9.99
132,52,9.99
1757,291,9.99
1668,1688,9.99
332,356,9.99
159,150,9.99
1690,1777,9.99
631,915,9.99
41,140,9.99
53,339,9.99
408,165,9.98
584,333,9.98
1184,1100,9.98
316,334,9.98
159,424,9.98
1108,1101,9.98
1717,1732,9.98
1314,1336,9.98
340,360,9.98
1111,1105,9.98
1662,1679,9.98
1041,1046,9.98
1432,1223,9.98
1181,723,9.98
258,1658,9.98
1040,915,9.98
646,912,9.98
359,50,9.98
1687,1692,9.97
1408,1261,9.97
540,584,9.97
1330,1335,9.97
1003,985,9.97
351,598,9.97
1084,1106,9.97
332,343,9.97
1234,1205,9.97
1694,1691,9.97
180,163,9.97
1026,1015,9.97
325,591,9.97
1263,811,9.97
281,36,9.97
1235,1246,9.97
144,149,9.97
341,291,9.97
408,392,9.97
39,145,9.97
1597,1582,9.97
1019,878,9.97
1456,1450,9.97
1181,1116,9.96
1586,1587,9.96
1015,1053,9.96
104,139,9.96
983,990,9.96
368,637,9.96
394,378,9.96
321,39,9.96
398,411,9.96
50,356,9.96
131,359,9.96
794,809,9.96
355,373,9.96
197,196,9.96
556,563,9.96
1684,1675,9.96
105,130,9.96
1669,1656,9.96
158,401,9.96
1405,1757,9.96
338,348,9.96
43,310,9.96
243,243,9.96
754,771,9.96
1747,1710,9.96
560,762,9.96
1566,1591,9.95
1698,258,9.95
1112,1109,9.95
396,158,9.95
1026,1634,9.95
1429,1252,9.95
306,42,9.95
737,771,9.95
1085,1108,9.95
598,327,9.95
1337,1333,9.95
134,81,9.95
601,882,9.95
1014,916,9.95
905,918,9.95
761,764,9.95
1667,1663,9.95
682,403,9.95
1695,1689,9.94
764,856,9.94
363,339,9.94
370,133,9.94
311,329,9.94
340,311,9.94
47,366,9.94
603,614,9.94
332,352,9.94
165,378,9.94
22,18,9.94
50,55,9.94
709,460,9.94
903,912,9.94
263,512,9.94
50,364,9.94
1338,1327,9.94
362,343,9.94
758,747,9.94
721,1188,9.94
1435,1420,9.94
1456,1428,9.94
731,786,9.94
591,762,9.94
1208,1181,9.94
584,314,9.94
1657,132,9.93
316,321,9.93
296,563,9.93
1364,1311,9.93
352,370,9.93
401,153,9.93
346,324,9.93
879,864,9.93
1435,1258,9.93
372,370,9.93
1031,1040,9.93
375,363,9.93
303,323,9.93
1281,1280,9.93
1337,1301,9.93
341,350,9.93
1188,729,9.93
562,747,9.93
327,46,9.93
1521,707,9.93
566,565,9.93
1609,1637,9.92
326,331,9.92
1457,1259,9.92
407,390,9.92
281,305,9.92
1661,169,9.92
610,591,9.92
1024,1336,9.92
1068,1075,9.92
600,599,9.92
41,143,9.92
147,424,9.92
324,339,9.92
880,882,9.92
1096,1105,9.92
43,143,9.92
982,979,9.92
104,76,9.92
1281,1272,9.92
856,771,9.92
316,34,9.92
1627,1718,9.92
42,81,9.92
597,614,9.92
130,37,9.92
733,729,9.92
294,311,9.92
1572,1591,9.92
1669,1667,9.92
357,376,9.92
53,328,9.92
746,747,9.92
817,970,9.91
1031,982,9.91
620,628,9.91
51,358,9.91
560,719,9.91
340,357,9.91
166,166,9.91
339,39,9.91
1718,1582,9.91
1753,502,9.91
306,297,9.91
401,406,9.91
396,401,9.91
167,402,9.91
48,302,9.91
1191,740,9.91
348,312,9.91
342,327,9.91
363,345,9.91
336,137,9.91
298,34,9.91
365,151,9.91
1255,1457,9.91
140,134,9.91
1026,1564,9.91
356,354,9.91
4,168,9.91
529,529,9.91
158,170,9.91
339,369,9.91
1676,250,9.91
1087,1096,9.91
81,352,9.91
1392,1409,9.9
1026,950,9.9
761,857,9.9
355,374,9.9
356,53,9.9
762,566,9.9
364,614,9.9
71,52,9.9
1714,1715,9.9
1184,729,9.9
1326,1311,9.9
306,281,9.9
1100,1205,9.9
215,215,9.9
1338,1027,9.9
336,358,9.9
979,973,9.9
292,301,9.9
776,781,9.9
367,357,9.9
180,1,9.9
152,378,9.89
34,341,9.89
714,1191,9.89
1003,982,9.89
196,156,9.89
1696,1666,9.89
82,133,9.89
372,49,9.89
43,353,9.89
1193,1409,9.89
839,1767,9.89
760,766,9.89
357,336,9.89
155,53,9.89
47,310,9.89
368,364,9.89
132,136,9.89
368,130,9.89
348,140,9.89
1336,1348,9.89
1190,723,9.89
717,716,9.89
174,191,9.89
133,363,9.89
736,524,9.89
1709,22,9.89
303,318,9.89
365,335,9.89
368,343,9.89
1672,1683,9.88
715,715,9.88
345,332,9.88
709,410,9.88
138,145,9.88
1712,1701,9.88
353,376,9.88
177,173,9.88
335,37,9.88
414,424,9.88
1065,1021,9.88
847,839,9.88
414,414,9.88
1446,1443,9.88
46,345,9.88
616,628,9.88
310,316,9.88
427,421,9.88
164,153,9.88
334,602,9.88
296,295,9.88
1301,1039,9.88
369,340,9.88
862,771,9.88
713,1190,9.88
1263,794,9.88
1682,1685,9.88
544,522,9.88
642,913,9.88
77,76,9.87
969,804,9.87
340,321,9.87
1046,1306,9.87
908,903,9.87
1589,1593,9.87
339,110,9.87
1170,1100,9.87
81,134,9.87
1676,1682,9.87
1111,1101,9.87
323,292,9.87
1759,1236,9.87
326,346,9.87
297,300,9.87
371,151,9.87
436,413,9.87
1702,1664,9.87
584,46,9.87
1718,1565,9.87
43,378,9.87
1678,1700,9.87
187,1657,9.87
136,51,9.87
358,359,9.87
377,634,9.87
361,368,9.87
345,342,9.87
794,782,9.87
1501,1747,9.87
320,326,9.86
877,882,9.86
614,638,9.86
178,156,9.86
637,913,9.86
918,886,9.86
580,587,9.86
1087,1085,9.86
911,914,9.86
1191,829,9.86
1747,224,9.86
1174,521,9.86
1190,720,9.86
631,636,9.86
344,48,9.86
138,82,9.86
1124,1174,9.86
311,336,9.86
348,587,9.86
886,878,9.86
430,418,9.85
624,630,9.85
394,137,9.85
39,58,9.85
625,613,9.85
1689,1684,9.85
54,81,9.85
786,1223,9.85
1640,1634,9.85
82,360,9.85
736,568,9.85
584,319,9.85
877,599,9.85
1692,1675,9.85
719,829,9.85
1749,1743,9.85
1084,1098,9.85
1024,1347,9.85
563,568,9.85
305,37,9.85
726,794,9.85
1409,1447,9.85
661,661,9.85
259,513,9.84
303,324,9.84
721,811,9.84
637,646,9.84
1181,1213,9.84
1433,1409,9.84
40,33,9.84
1409,1399,9.84
130,77,9.84
1664,1682,9.84
358,371,9.84
350,333,9.84
354,344,9.84
1029,1002,9.84
883,584,9.84
1753,1591,9.84
110,57,9.84
1657,1696,9.84
744,766,9.84
341,143,9.84
304,41,9.84
822,819,9.84
346,364,9.83
1774,1718,9.83
407,151,9.83
158,138,9.83
1486,1450,9.83
399,397,9.83
712,1747,9.83
42,82,9.83
811,757,9.83
47,83,9.83
1725,1729,9.83
1040,839,9.83
50,332,9.83
940,914,9.83
1337,1335,9.83
349,132,9.83
263,248,9.83
750,970,9.83
33,336,9.83
356,377,9.83
970,979,9.83
1056,1337,9.83
1118,1174,9.83
130,32,9.83
1702,1657,9.83
776,732,9.83
797,802,9.82
357,334,9.82
1059,1068,9.82
1747,1713,9.82
1002,1040,9.82
356,370,9.82
369,362,9.82
693,427,9.82
879,970,9.82
41,598,9.82
715,1224,9.82
591,610,9.82
1572,1027,9.82
1181,713,9.82
329,338,9.82
1095,1108,9.82
1223,584,9.82
71,46,9.82
371,156,9.82
1255,1258,9.82
364,341,9.82
298,296,9.82
1181,1124,9.82
174,141,9.82
1306,1718,9.82
1623,1753,9.82
591,331,9.82
33,317,9.81
1273,811,9.81
1112,1100,9.81
1778,1662,9.81
604,332,9.81
1680,1662,9.81
41,332,9.81
591,327,9.81
335,354,9.81
1402,1405,9.81
1695,1674,9.81
48,339,9.81
1301,1261,9.81
109,348,9.81
147,131,9.81
1259,749,9.81
969,990,9.81
43,76,9.81
697,693,9.81
52,76,9.81
1667,1686,9.81
131,71,9.81
28,250,9.81
148,165,9.81
1019,917,9.81
1244,1244,9.81
432,411,9.81
1169,1207,9.81
544,794,9.81
304,291,9.8
1261,1426,9.8
50,74,9.8
1173,1757,9.8
104,342,9.8
932,1019,9.8
736,578,9.8
177,165,9.8
1162,1178,9.8
49,66,9.8
584,612,9.8
973,986,9.8
1763,1408,9.8
918,908,9.8
1027,1000,9.8
667,668,9.8
151,389,9.8
136,155,9.8
81,121,9.8
137,49,9.8
1433,797,9.8
598,331,9.8
1669,258,9.8
388,413,9.79
1753,260,9.79
1191,762,9.79
1166,1176,9.79
371,141,9.79
714,786,9.79
307,584,9.79
164,169,9.79
1324,1336,9.79
159,144,9.79
622,584,9.79
296,311,9.79
507,505,9.79
1043,1002,9.79
911,911,9.79
1327,1337,9.79
1311,1019,9.79
1606,1594,9.79
545,544,9.79
187,174,9.79
310,303,9.79
915,929,9.79
1694,1711,9.79
1676,1700,9.79
1043,1041,9.79
715,794,9.79
1019,1015,9.79
332,345,9.79
161,149,9.78
372,134,9.78
328,303,9.78
524,529,9.78
670,403,9.78
370,374,9.78
1747,1521,9.78
794,778,9.78
169,162,9.78
739,719,9.78
591,320,9.78
1593,1586,9.78
136,77,9.78
1409,1767,9.78
871,771,9.78
757,970,9.78
294,282,9.78
719,715,9.78
1685,1697,9.78
355,379,9.78
297,295,9.78
400,407,9.78
591,560,9.78
166,160,9.78
1691,22,9.78
361,379,9.78
155,154,9.78
103,52,9.78
1278,1771,9.78
505,261,9.78
1311,1045,9.78
19,1658,9.77
1757,1233,9.77
1095,1111,9.77
408,414,9.77
303,306,9.77
586,587,9.77
328,347,9.77
140,153,9.77
1431,1425,9.77
63,81,9.77
1566,1628,9.77
584,331,9.77
1143,524,9.77
144,390,9.77
398,137,9.77
368,50,9.77
142,138,9.77
1775,1774,9.77
535,521,9.77
1753,264,9.77
820,822,9.77
396,133,9.76
372,75,9.76
301,297,9.76
165,150,9.76
1223,1425,9.76
1566,1593,9.76
1344,1344,9.76
359,372,9.76
328,130,9.76
365,339,9.76
1009,990,9.76
610,346,9.76
14,1658,9.76
527,584,9.76
326,132,9.76
1040,914,9.76
1760,1206,9.76
776,810,9.76
766,786,9.76
747,771,9.76
935,1019,9.76
351,374,9.76
743,584,9.76
1667,1678,9.76
251,258,9.76
131,136,9.76
390,366,9.76
1246,1426,9.76
1685,1693,9.76
765,584,9.75
1053,1020,9.75
771,578,9.75
281,584,9.75
338,347,9.75
847,982,9.75
358,348,9.75
110,302,9.75
1711,1685,9.75
187,4,9.75
50,310,9.75
1337,1344,9.75
626,628,9.75
969,857,9.75
41,378,9.75
181,1,9.75
376,131,9.75
1408,1223,9.75
1409,1404,9.75
864,762,9.75
352,378,9.75
388,139,9.74
1658,1668,9.74
979,979,9.74
1036,1312,9.74
1705,1677,9.74
1634,1729,9.74
35,35,9.74
369,110,9.74
1147,1152,9.74
1252,1191,9.74
1190,1192,9.74
1670,223,9.74
808,771,9.74
763,578,9.74
708,1581,9.74
177,143,9.74
606,601,9.74
359,340,9.74
101,53,9.74
403,427,9.74
1418,1426,9.74
1402,1181,9.74
181,168,9.74
1408,1399,9.74
839,1290,9.74
181,163,9.74
797,821,9.74
345,48,9.74
653,912,9.74
170,173,9.74
407,406,9.74
841,761,9.74
263,1677,9.73
346,350,9.73
1700,1663,9.73
1022,1013,9.73
344,326,9.73
983,985,9.73
366,139,9.73
354,364,9.73
970,980,9.73
190,156,9.73
389,377,9.73
393,389,9.73
1735,1736,9.73
1668,1778,9.73
424,418,9.73
591,355,9.73
1281,1273,9.72
612,606,9.72
53,359,9.72
306,292,9.72
402,134,9.72
75,41,9.72
1190,778,9.72
654,655,9.72
1771,1273,9.72
340,587,9.72
4,137,9.72
43,358,9.72
133,142,9.72
155,50,9.72
344,302,9.72
159,378,9.72
323,296,9.72
821,771,9.72
164,160,9.72
1085,1101,9.71
1585,1583,9.71
357,375,9.71
356,50,9.71
196,1658,9.71
335,131,9.71
1691,1660,9.71
598,301,9.71
1657,181,9.71
402,410,9.71
110,390,9.71
141,161,9.71
1182,1189,9.71
167,164,9.71
776,722,9.71
217,22,9.71
174,2,9.71
71,84,9.71
810,749,9.71
544,520,9.71
106,130,9.71
1700,1670,9.71
1094,1095,9.71
304,310,9.71
336,37,9.71
1027,933,9.71
1637,1599,9.71
1753,1653,9.7
601,606,9.7
358,53,9.7
931,1019,9.7
1246,1182,9.7
103,49,9.7
1678,258,9.7
401,398,9.7
1723,1729,9.7
364,359,9.7
656,633,9.7
856,857,9.7
752,719,9.7
1566,954,9.7
297,39,9.7
1663,1694,9.7
513,505,9.7
153,171,9.7
353,143,9.7
166,168,9.7
404,403,9.7
1732,1597,9.7
1657,186,9.7
722,716,9.7
1277,811,9.7
1760,1399,9.7
610,613,9.7
1311,1043,9.7
356,347,9.69
169,166,9.69
1662,1702,9.69
401,404,9.69
836,811,9.69
352,371,9.69
1435,1436,9.69
43,339,9.69
1586,1609,9.69
169,160,9.69
1019,909,9.69
794,799,9.69
1435,1408,9.69
761,749,9.69
1160,1100,9.69
566,579,9.69
160,161,9.69
368,631,9.69
1114,1757,9.69
744,762,9.69
65,46,9.69
340,318,9.69
84,71,9.69
1206,1182,9.69
84,65,9.69
171,178,9.69
341,71,9.69
42,321,9.69
1685,264,9.69
845,811,9.69
505,264,9.69
1594,1598,9.69
657,918,9.69
982,1017,9.69
584,110,9.69
774,792,9.69
197,205,9.69
764,810,9.68
763,560,9.68
108,137,9.68
109,336,9.68
1255,1767,9.68
760,584,9.68
110,323,9.68
750,864,9.68
409,427,9.68
858,761,9.68
1190,1223,9.68
1685,260,9.68
886,879,9.68
1409,1223,9.68
521,535,9.68
841,990,9.68
333,353,9.68
1602,1594,9.68
891,918,9.68
130,376,9.68
1193,1171,9.68
104,42,9.68
432,431,9.68
672,667,9.68
197,156,9.68
329,591,9.68
1068,1331,9.68
990,1001,9.67
297,310,9.67
37,304,9.67
1270,839,9.67
323,339,9.67
1718,1300,9.67
335,598,9.67
882,918,9.67
631,624,9.67
392,369,9.67
786,796,9.67
352,137,9.67
1359,1771,9.67
792,771,9.67
1111,1103,9.67
1637,1730,9.67
52,77,9.67
153,50,9.67
1174,1099,9.67
584,609,9.67
390,81,9.67
591,340,9.67
317,341,9.67
1040,1017,9.67
364,347,9.67
324,352,9.66
154,139,9.66
1671,1659,9.66
1660,1670,9.66
820,969,9.66
344,50,9.66
763,864,9.66
1658,1675,9.66
1706,1710,9.66
1071,1024,9.66
368,131,9.66
1747,1551,9.66
771,602,9.66
521,1192,9.66
1327,1311,9.66
810,750,9.66
293,302,9.66
139,389,9.66
719,744,9.66
758,858,9.66
1009,985,9.66
1152,522,9.66
1166,1105,9.66
1444,1413,9.66
167,2,9.66
1657,1676,9.66
806,822,9.66
1336,1328,9.66
156,50,9.65
1073,1718,9.65
161,165,9.65
1113,1171,9.65
134,365,9.65
1092,1171,9.65
1664,1675,9.65
171,408,9.65
323,51,9.65
202,1658,9.65
319,582,9.65
109,76,9.65
771,302,9.65
709,1540,9.65
607,599,9.65
1290,1301,9.65
1676,1679,9.65
140,400,9.65
289,296,9.65
50,35,9.65
159,168,9.65
295,296,9.65
623,918,9.65
873,970,9.65
888,599,9.65
368,912,9.65
521,717,9.64
1707,1776,9.64
625,611,9.64
1338,1326,9.64
1068,1025,9.64
108,47,9.64
1718,1593,9.64
149,396,9.64
291,289,9.64
915,1016,9.64
136,360,9.64
321,587,9.64
379,375,9.64
786,738,9.64
338,50,9.64
49,327,9.64
591,613,9.64
311,42,9.64
1184,1189,9.64
263,712,9.64
82,60,9.64
882,606,9.64
338,350,9.64
1402,1425,9.64
1566,908,9.64
151,392,9.64
154,149,9.64
1276,797,9.63
1409,1174,9.63
1631,1068,9.63
894,584,9.63
794,781,9.63
518,519,9.63
628,337,9.63
757,758,9.63
862,970,9.63
352,47,9.63
1085,1092,9.63
608,607,9.63
165,414,9.63
50,370,9.63
355,610,9.63
130,58,9.63
1182,1152,9.63
250,1686,9.63
371,379,9.63
1249,1223,9.63
990,1036,9.63
264,255,9.63
362,374,9.62
1435,786,9.62
1303,1307,9.62
140,75,9.62
2,1661,9.62
294,285,9.62
364,366,9.62
173,143,9.62
1433,794,9.62
366,354,9.62
154,155,9.62
348,134,9.62
584,568,9.62
794,1224,9.62
584,1150,9.62
430,431,9.62
667,661,9.62
1671,24,9.62
814,794,9.62
810,771,9.62
50,337,9.62
620,630,9.62
1776,27,9.62
74,65,9.61
50,400,9.61
346,81,9.61
1032,1277,9.61
1206,1224,9.61
348,338,9.61
65,131,9.61
1598,1634,9.61
390,370,9.61
430,434,9.61
281,300,9.61
1661,1680,9.61
355,353,9.61
344,49,9.61
1040,1001,9.61
952,918,9.61
312,340,9.61
177,132,9.61
351,302,9.61
835,794,9.61
368,351,9.61
358,336,9.61
144,50,9.61
366,363,9.61
1010,915,9.61
985,969,9.61
982,797,9.61
719,544,9.61
413,164,9.6
1408,1244,9.6
297,304,9.6
1343,1027,9.6
400,410,9.6
1327,1068,9.6
40,303,9.6
755,811,9.6
608,771,9.6
395,151,9.6
634,638,9.6
355,131,9.6
1759,1210,9.6
1206,1408,9.6
164,390,9.6
732,584,9.6
1759,1233,9.6
400,377,9.6
1767,1263,9.6
330,297,9.6
591,882,9.6
633,637,9.6
1109,1124,9.6
358,377,9.6
104,136,9.6
316,301,9.6
1701,1676,9.6
736,762,9.6
908,985,9.6
547,521,9.59
310,584,9.59
48,109,9.59
334,587,9.59
708,475,9.59
1209,1100,9.59
379,355,9.59
607,613,9.59
1771,1280,9.59
864,614,9.59
311,301,9.59
143,110,9.59
163,173,9.59
1180,1179,9.59
758,571,9.59
355,912,9.59
1210,1224,9.59
375,358,9.59
349,337,9.59
908,920,9.59
1657,180,9.59
953,954,9.59
338,358,9.59
1185,1224,9.59
557,563,9.59
311,40,9.59
769,970,9.59
165,175,9.59
1663,1702,9.59
152,412,9.59
1564,918,9.59
339,131,9.59
324,285,9.59
1290,839,9.59
1718,1771,9.58
51,40,9.58
316,37,9.58
891,915,9.58
1722,1716,9.58
1162,1103,9.58
513,513,9.58
75,39,9.58
1577,1577,9.58
401,147,9.58
794,829,9.58
519,261,9.58
163,2,9.58
104,151,9.58
162,169,9.58
356,378,9.58
156,161,9.58
355,598,9.58
333,343,9.58
50,103,9.58
1029,884,9.58
1747,708,9.58
1098,1082,9.58
365,368,9.58
1046,1027,9.58
148,53,9.58
395,398,9.58
1124,1124,9.57
610,609,9.57
337,628,9.57
763,767,9.57
328,32,9.57
1686,1714,9.57
1669,1696,9.57
1159,1100,9.57
534,521,9.57
365,388,9.57
697,400,9.57
1182,1166,9.57
1486,1263,9.57
184,156,9.57
352,350,9.57
1747,491,9.57
324,314,9.57
697,422,9.57
626,602,9.57
634,625,9.57
726,729,9.57
45,353,9.57
52,58,9.57
149,144,9.57
1669,1672,9.57
771,614,9.57
572,719,9.57
1337,1339,9.56
1581,709,9.56
292,312,9.56
605,599,9.56
1775,1346,9.56
1193,1210,9.56
1026,1028,9.56
48,353,9.56
908,913,9.56
367,352,9.56
692,688,9.56
413,151,9.56
1068,1063,9.56
1182,1106,9.56
392,396,9.56
409,413,9.56
384,365,9.56
736,740,9.56
1223,776,9.56
716,715,9.56
587,573,9.56
709,1521,9.56
1662,1668,9.56
1028,1068,9.56
1038,1041,9.56
1098,1105,9.56
47,301,9.56
794,744,9.56
1757,717,9.56
49,377,9.56
1662,156,9.56
297,33,9.56
52,151,9.56
331,326,9.55
330,82,9.55
132,134,9.55
1199,1205,9.55
1408,1418,9.55
297,298,9.55
636,584,9.55
173,141,9.55
169,139,9.55
302,598,9.55
39,360,9.55
21,1670,9.55
361,337,9.55
868,771,9.55
841,770,9.55
1662,258,9.55
353,327,9.55
794,1223,9.55
1026,1046,9.55
1585,1598,9.55
281,37,9.55
165,426,9.55
1155,1143,9.55
81,584,9.55
299,323,9.54
104,156,9.54
507,259,9.54
377,912,9.54
37,285,9.54
1670,1702,9.54
779,782,9.54
1090,1098,9.54
413,139,9.54
1709,1663,9.54
1181,1408,9.54
133,402,9.54
769,761,9.54
326,355,9.54
566,761,9.54
1261,1771,9.54
610,331,9.54
394,406,9.54
1659,1663,9.54
344,610,9.54
407,158,9.54
396,148,9.54
158,161,9.54
1009,1013,9.54
394,404,9.54
409,688,9.54
321,330,9.53
384,133,9.53
177,167,9.53
1598,1587,9.53
40,299,9.53
336,360,9.53
482,475,9.53
28,1670,9.53
153,161,9.53
354,369,9.53
769,811,9.53
776,737,9.53
1566,920,9.53
158,174,9.53
1592,1640,9.53
1205,1082,9.53
348,327,9.53
592,578,9.53
1281,1261,9.53
1776,712,9.53
1663,1679,9.53
1718,1015,9.53
982,975,9.53
1408,1174,9.53
311,306,9.53
395,401,9.53
682,410,9.53
42,303,9.53
145,378,9.53
1035,1000,9.53
367,376,9.52
1181,717,9.52
102,110,9.52
1697,1669,9.52
339,311,9.52
625,637,9.52
255,258,9.52
1152,584,9.52
1147,1147,9.52
22,27,9.52
1677,1709,9.52
1568,1068,9.52
1188,786,9.52
618,613,9.52
470,706,9.52
390,411,9.52
1343,1333,9.52
437,697,9.52
581,302,9.52
260,505,9.52
1678,235,9.52
1086,1162,9.52
350,53,9.52
607,611,9.52
820,810,9.51
1332,1332,9.51
1108,1178,9.51
903,910,9.51
159,1658,9.51
300,291,9.51
1235,1174,9.51
1205,1426,9.51
841,840,9.51
928,912,9.51
352,329,9.51
750,744,9.51
328,110,9.51
285,296,9.51
1191,766,9.51
169,145,9.51
1683,1676,9.51
758,767,9.51
48,360,9.51
1674,1704,9.51
18,1658,9.51
329,313,9.51
2,181,9.51
48,358,9.51
1705,1776,9.51
53,312,9.5
333,365,9.5
365,345,9.5
355,625,9.5
104,354,9.5
505,1753,9.5
49,366,9.5
1169,1111,9.5
1698,1677,9.5
1664,1689,9.5
786,829,9.5
53,134,9.5
985,864,9.5
1364,1301,9.5
1671,241,9.5
303,37,9.5
614,590,9.5
1435,1409,9.5
1339,1339,9.5
812,841,9.5
141,402,9.5
808,821,9.5
22,26,9.5
740,794,9.5
110,328,9.5
560,571,9.5
1311,1332,9.5
396,397,9.5
1747,1593,9.5
1683,22,9.5
179,167,9.5
573,560,9.5
51,360,9.5
1680,1688,9.5
813,970,9.5
145,149,9.5
4,186,9.5
404,398,9.5
1478,1450,9.5
1082,1092,9.49
879,884,9.49
1056,918,9.49
399,404,9.49
163,143,9.49
1433,1246,9.49
336,587,9.49
295,303,9.49
43,321,9.49
843,1277,9.49
562,586,9.49
1221,1224,9.49
1698,1776,9.49
884,886,9.49
624,625,9.49
701,708,9.49
355,611,9.49
396,365,9.49
141,174,9.49
797,1278,9.49
1700,1698,9.49
371,336,9.49
523,522,9.48
1776,261,9.48
393,411,9.48
294,303,9.48
412,430,9.48
1087,1174,9.48
1311,1039,9.48
337,302,9.48
1306,1314,9.48
1057,1019,9.48
302,315,9.48
328,40,9.48
291,34,9.48
365,389,9.48
1206,1203,9.48
707,707,9.48
430,427,9.48
65,47,9.48
174,165,9.48
46,344,9.48
133,341,9.48
82,104,9.48
125,139,9.48
334,325,9.48
321,322,9.48
1409,1261,9.48
1059,1065,9.48
178,174,9.48
1540,918,9.48
141,147,9.48
1606,1591,9.47
1301,1043,9.47
1235,1446,9.47
1209,1209,9.47
1564,1564,9.47
1675,1660,9.47
1026,940,9.47
1301,1337,9.47
46,359,9.47
1640,1643,9.47
349,356,9.47
423,410,9.47
1103,1178,9.47
619,918,9.47
1216,1205,9.47
330,44,9.47
1426,719,9.47
646,374,9.47
402,419,9.47
1137,524,9.47
50,169,9.47
969,819,9.47
1702,1707,9.47
1405,1413,9.47
980,982,9.47
1068,1074,9.47
171,1658,9.47
779,778,9.47
1029,985,9.47
406,410,9.47
1102,1111,9.46
1143,1142,9.46
1757,1252,9.46
309,303,9.46
1181,715,9.46
1248,1249,9.46
322,341,9.46
328,52,9.46
1747,504,9.46
407,388,9.46
364,362,9.46
1015,1019,9.46
732,792,9.46
347,602,9.46
1188,1757,9.46
43,322,9.46
177,412,9.46
1699,1677,9.46
1096,1101,9.46
402,50,9.46
369,50,9.46
265,1702,9.46
1046,1013,9.46
1661,1683,9.46
1667,1660,9.46
1026,1337,9.45
1597,1592,9.45
292,41,9.45
1019,1002,9.45
1767,1480,9.45
45,305,9.45
985,882,9.45
142,140,9.45
130,328,9.45
1118,1757,9.45
1581,706,9.45
147,167,9.45
880,879,9.45
46,377,9.45
1694,258,9.45
1206,1204,9.45
413,404,9.45
982,1046,9.45
1038,986,9.45
870,858,9.45
365,634,9.45
628,361,9.45
406,397,9.45
342,312,9.45
1688,1690,9.45
336,305,9.45
358,345,9.45
110,370,9.45
560,562,9.45
1587,1586,9.45
1693,1676,9.45
1235,1224,9.44
604,355,9.44
361,631,9.44
143,141,9.44
1392,1408,9.44
334,322,9.44
1182,1162,9.44
360,75,9.44
1709,1683,9.44
137,71,9.44
50,376,9.44
347,143,9.44
610,339,9.44
945,1019,9.44
606,600,9.44
563,285,9.44
1643,1640,9.44
50,322,9.44
608,590,9.44
305,301,9.44
776,771,9.44
322,324,9.44
1330,1318,9.44
133,46,9.44
330,326,9.43
261,255,9.43
1013,1029,9.43
1336,1332,9.43
587,325,9.43
169,1661,9.43
173,4,9.43
624,620,9.43
1592,1587,9.43
66,60,9.43
150,396,9.43
410,424,9.43
1636,1597,9.43
1205,1237,9.43
71,47,9.43
75,348,9.43
531,521,9.43
584,297,9.43
1181,1240,9.43
340,356,9.43
133,47,9.43
751,794,9.43
1261,1301,9.43
1695,1677,9.43
776,723,9.43
152,155,9.43
59,50,9.42
363,110,9.42
1171,1082,9.42
327,614,9.42
1105,1181,9.42
343,598,9.42
305,304,9.42
418,432,9.42
532,1150,9.42
584,352,9.42
170,396,9.42
191,173,9.42
35,302,9.42
829,1433,9.42
1700,1691,9.42
44,132,9.42
368,53,9.42
750,805,9.42
608,882,9.42
50,116,9.42
985,912,9.42
311,335,9.42
387,389,9.42
1190,1184,9.42
53,363,9.42
787,811,9.42
1161,1162,9.42
355,130,9.42
325,331,9.41
1457,1429,9.41
1599,1597,9.41
1770,1261,9.41
177,413,9.41
1657,167,9.41
318,346,9.41
766,750,9.41
1200,1206,9.41
544,566,9.41
342,351,9.41
614,609,9.41
634,358,9.41
360,346,9.41
167,50,9.41
839,1300,9.41
1775,1343,9.41
969,761,9.41
1261,1429,9.41
1026,1075,9.41
1148,1143,9.41
345,335,9.41
1405,1446,9.4
328,45,9.4
746,771,9.4
1100,1188,9.4
413,132,9.4
1347,1311,9.4
356,49,9.4
1443,1444,9.4
48,36,9.4
1700,264,9.4
1027,913,9.4
1709,1684,9.4
160,153,9.4
1568,1634,9.4
691,697,9.4
1757,1190,9.4
131,43,9.4
732,729,9.4
390,360,9.4
1223,1426,9.4
37,348,9.4
715,723,9.4
167,408,9.4
625,602,9.4
164,170,9.4
820,841,9.4
511,505,9.4
143,144,9.4
320,336,9.4
858,882,9.4
342,316,9.4
499,1753,9.4
413,397,9.39
76,131,9.39
319,602,9.39
367,377,9.39
970,841,9.39
52,143,9.39
1293,1301,9.39
1174,1210,9.39
415,410,9.39
151,48,9.39
985,771,9.39
342,614,9.39
1029,953,9.39
392,411,9.39
169,143,9.39
139,395,9.39
64,110,9.39
610,611,9.39
312,110,9.39
423,413,9.39
775,1191,9.39
1763,1409,9.39
1277,1036,9.39
1163,1757,9.39
51,372,9.39
1606,1593,9.39
1162,1084,9.39
815,797,9.39
341,315,9.38
707,709,9.38
1591,1718,9.38
1027,963,9.38
131,371,9.38
1029,911,9.38
320,301,9.38
843,1035,9.38
598,604,9.38
1457,1424,9.38
160,169,9.38
1025,1337,9.38
1057,1718,9.38
1663,1668,9.38
882,602,9.38
247,22,9.38
1676,1710,9.38
864,602,9.38
880,918,9.38
158,145,9.38
377,339,9.38
40,137,9.38
1181,776,9.38
431,424,9.38
406,396,9.38
297,318,9.38
319,301,9.38
324,294,9.38
322,334,9.38
1311,1333,9.38
970,912,9.37
797,761,9.37
1,161,9.37
1044,1002,9.37
1046,914,9.37
1024,910,9.37
1663,1659,9.37
1757,1163,9.37
1408,1392,9.37
1697,1700,9.37
214,214,9.37
435,430,9.37
434,428,9.37
747,729,9.37
1190,1182,9.37
717,584,9.37
327,316,9.37
369,397,9.37
355,338,9.37
150,53,9.37
1027,1301,9.37
774,1188,9.37
351,375,9.37
371,52,9.37
544,551,9.37
50,633,9.37
134,136,9.37
1209,1171,9.37
326,301,9.36
372,390,9.36
52,360,9.36
335,137,9.36
1263,841,9.36
1224,1174,9.36
153,169,9.36
1017,1015,9.36
1162,1205,9.36
398,139,9.36
152,159,9.36
334,40,9.36
327,352,9.36
774,782,9.36
306,336,9.36
58,137,9.36
1747,499,9.36
323,598,9.36
132,46,9.36
341,140,9.36
620,624,9.36
39,332,9.36
281,39,9.36
841,799,9.36
433,411,9.36
562,295,9.36
145,167,9.36
171,426,9.36
338,331,9.36
306,291,9.36
1693,1692,9.36
1634,1027,9.36
1301,1002,9.36
1040,1044,9.35
145,390,9.35
161,402,9.35
1602,1593,9.35
365,384,9.35
383,378,9.35
886,880,9.35
341,591,9.35
49,321,9.35
36,285,9.35
811,864,9.35
742,584,9.35
36,52,9.35
223,235,9.35
344,357,9.35
357,918,9.35
864,856,9.35
1496,1495,9.35
928,914,9.35
598,771,9.35
791,584,9.35
348,65,9.35
699,706,9.35
350,354,9.35
392,132,9.35
333,311,9.35
359,110,9.35
700,424,9.35
633,638,9.35
912,929,9.35
560,573,9.35
632,132,9.35
1701,1705,9.34
985,975,9.34
1224,1249,9.34
1565,1068,9.34
649,631,9.34
347,350,9.34
369,381,9.34
348,34,9.34
377,344,9.34
1704,1668,9.34
333,45,9.34
302,36,9.34
1712,1673,9.34
397,394,9.34
725,794,9.34
145,163,9.34
1566,916,9.34
130,633,9.34
1741,1651,9.34
1667,1690,9.34
1572,1026,9.34
761,572,9.34
806,804,9.34
398,424,9.34
370,130,9.34
348,370,9.34
1710,1695,9.34
1233,1235,9.34
1043,1306,9.34
363,343,9.34
1025,584,9.34
846,825,9.34
148,408,9.34
806,771,9.34
1743,1749,9.33
333,301,9.33
620,637,9.33
1408,1457,9.33
126,137,9.33
1757,771,9.33
1084,1081,9.33
1444,1457,9.33
1029,982,9.33
709,918,9.33
174,160,9.33
1601,1591,9.33
1022,1026,9.33
1021,1027,9.33
1228,719,9.33
429,411,9.33
591,611,9.33
628,646,9.33
576,563,9.33
797,805,9.33
1601,1609,9.33
47,371,9.33
1029,929,9.33
170,152,9.33
1690,1714,9.33
982,912,9.33
1263,1771,9.33
351,918,9.33
339,45,9.32
324,131,9.32
52,378,9.32
342,151,9.32
1143,1188,9.32
368,400,9.32
53,371,9.32
398,369,9.32
45,321,9.32
131,584,9.32
1525,712,9.32
1566,1577,9.32
320,321,9.32
1259,1419,9.32
410,688,9.32
913,584,9.32
1248,1248,9.32
377,42,9.32
634,637,9.32
132,354,9.32
32,53,9.32
1349,1343,9.32
1757,1088,9.32
719,970,9.32
591,521,9.32
259,519,9.32
1419,1447,9.31
350,336,9.31
133,346,9.31
970,804,9.31
612,882,9.31
372,352,9.31
132,151,9.31
1171,1091,9.31
318,35,9.31
888,614,9.31
378,75,9.31
1113,1178,9.31
570,295,9.31
36,304,9.31
1109,521,9.31
1587,1595,9.31
620,599,9.31
1246,1757,9.31
1026,884,9.31
371,46,9.31
361,344,9.31
340,82,9.31
152,140,9.31
158,169,9.31
1013,998,9.31
982,991,9.31
1588,1591,9.31
953,955,9.31
1035,969,9.31
59,81,9.3
656,912,9.3
1684,258,9.3
1712,1682,9.3
763,587,9.3
42,33,9.3
1662,24,9.3
371,389,9.3
306,294,9.3
151,394,9.3
306,330,9.3
613,912,9.3
395,399,9.3
1327,1327,9.3
164,173,9.3
4,173,9.3
281,294,9.3
347,311,9.3
353,362,9.3
1697,1670,9.3
1343,1349,9.3
1223,1219,9.3
1673,1695,9.3
297,36,9.3
77,49,9.3
135,141,9.3
89,75,9.3
153,1658,9.3
564,296,9.3
164,174,9.3
570,587,9.3
1079,1091,9.3
1762,1480,9.3
153,164,9.3
313,301,9.3
424,410,9.29
1210,1188,9.29
328,352,9.29
716,1181,9.29
151,65,9.29
1267,839,9.29
1716,1324,9.29
395,377,9.29
143,132,9.29
316,49,9.29
365,41,9.29
1022,1065,9.29
1022,1027,9.29
341,370,9.29
1263,1262,9.29
1096,1094,9.29
598,610,9.29
345,354,9.29
663,663,9.29
47,355,9.29
151,164,9.29
136,147,9.29
364,367,9.29
155,152,9.29
1344,1311,9.29
1020,915,9.29
634,362,9.29
77,58,9.29
1757,723,9.29
132,360,9.29
364,82,9.29
171,402,9.29
302,39,9.29
791,749,9.29
1707,1701,9.29
1718,1023,9.29
1599,1585,9.29
105,39,9.28
609,608,9.28
336,34,9.28
1040,1014,9.28
342,377,9.28
374,633,9.28
482,709,9.28
49,587,9.28
424,697,9.28
910,913,9.28
1778,1688,9.28
1040,970,9.28
809,584,9.28
1718,914,9.28
344,587,9.28
1660,1674,9.28
157,151,9.28
1192,1152,9.28
132,48,9.28
841,1282,9.28
163,50,9.28
1013,1010,9.28
584,888,9.28
1314,1347,9.28
1064,1016,9.28
165,136,9.28
591,336,9.28
587,608,9.28
576,303,9.28
729,740,9.28
195,197,9.28
1019,982,9.28
1710,1661,9.28
54,75,9.28
1637,1572,9.28
606,612,9.27
1564,1017,9.27
368,346,9.27
970,817,9.27
159,432,9.27
397,413,9.27
1435,1272,9.27
709,447,9.27
368,350,9.27
174,143,9.27
369,53,9.27
22,19,9.27
371,388,9.27
375,367,9.27
1643,1609,9.27
1109,1085,9.27
134,138,9.27
151,432,9.27
562,579,9.27
754,762,9.27
320,332,9.27
915,933,9.26
630,913,9.26
42,333,9.26
197,186,9.26
715,811,9.26
969,809,9.26
348,109,9.26
1691,1685,9.26
969,979,9.26
628,918,9.26
160,149,9.26
343,132,9.26
628,358,9.26
1002,986,9.26
973,1301,9.26
858,970,9.26
356,379,9.26
1026,1040,9.26
155,158,9.26
436,434,9.26
363,348,9.26
1678,1692,9.26
328,305,9.26
321,132,9.26
263,1710,9.26
1335,1343,9.26
263,224,9.26
1657,168,9.26
178,151,9.26
359,49,9.26
342,332,9.26
364,354,9.26
163,180,9.26
620,882,9.26
144,378,9.26
1101,1103,9.25
353,75,9.25
223,1675,9.25
1282,797,9.25
886,771,9.25
148,377,9.25
1675,1696,9.25
408,149,9.25
1169,1219,9.25
332,49,9.25
951,915,9.25
318,582,9.25
364,133,9.25
329,351,9.25
323,282,9.25
165,178,9.25
173,412,9.25
1418,1181,9.25
764,767,9.25
1336,1329,9.25
1592,1582,9.25
299,310,9.25
396,149,9.25
363,341,9.25
316,40,9.25
736,766,9.25
377,638,9.25
1676,24,9.25
140,155,9.25
633,912,9.25
334,318,9.25
160,155,9.25
399,400,9.25
1659,1656,9.25
323,315,9.25
1686,27,9.25
352,377,9.24
169,186,9.24
302,41,9.24
42,327,9.24
55,53,9.24
158,388,9.24
1609,1585,9.24
806,1263,9.24
344,327,9.24
63,75,9.24
886,614,9.24
222,208,9.24
1041,985,9.24
1409,1252,9.24
1716,1343,9.24
9,1661,9.24
1318,1324,9.24
531,524,9.24
1169,1096,9.24
47,598,9.24
913,915,9.24
139,402,9.24
320,334,9.24
164,147,9.24
1667,1710,9.23
46,337,9.23
437,431,9.23
35,318,9.23
1324,1318,9.23
1674,1709,9.23
327,50,9.23
763,770,9.23
1572,1565,9.23
424,423,9.23
371,384,9.23
400,403,9.23
1311,1000,9.23
390,387,9.23
1682,1675,9.23
369,351,9.23
814,810,9.23
323,110,9.23
807,841,9.23
323,281,9.23
1670,1679,9.23
377,361,9.23
168,175,9.23
297,289,9.23
347,156,9.23
750,797,9.23
329,372,9.23
1098,1111,9.23
1513,263,9.23
264,22,9.22
797,762,9.22
341,297,9.22
1757,535,9.22
754,719,9.22
42,299,9.22
35,47,9.22
1736,1729,9.22
181,132,9.22
591,333,9.22
396,153,9.22
1219,1171,9.22
1100,1169,9.22
413,171,9.22
549,584,9.22
625,355,9.22
101,50,9.22
377,150,9.22
778,782,9.22
1776,231,9.22
196,195,9.22
562,296,9.22
901,918,9.22
1591,1732,9.22
747,786,9.22
71,130,9.21
591,566,9.21
304,301,9.21
360,348,9.21
366,369,9.21
566,302,9.21
433,412,9.21
521,723,9.21
137,144,9.21
757,760,9.21
1024,1565,9.21
348,316,9.21
1014,1013,9.21
1671,1692,9.21
1694,1705,9.21
376,380,9.21
1026,911,9.21
139,400,9.21
65,84,9.21
614,886,9.21
1329,1335,9.21
144,396,9.21
1094,1102,9.2
1324,1347,9.2
158,407,9.2
1446,1433,9.2
576,587,9.2
562,303,9.2
327,345,9.2
1669,205,9.2
116,131,9.2
339,303,9.2
110,357,9.2
354,139,9.2
361,374,9.2
1564,1071,9.2
982,1300,9.2
767,762,9.2
1348,1336,9.2
350,49,9.2
631,620,9.2
149,400,9.2
1246,1249,9.2
578,572,9.2
43,282,9.2
316,341,9.2
1767,1769,9.2
272,32,9.2
376,390,9.2
415,697,9.2
794,825,9.2
147,110,9.2
388,390,9.2
590,614,9.2
145,81,9.2
1031,1036,9.2
46,145,9.2
59,65,9.2
982,978,9.2
1718,1022,9.2
343,358,9.2
356,359,9.2
818,794,9.2
406,404,9.2
1685,235,9.2
436,694,9.19
839,1285,9.19
131,39,9.19
60,82,9.19
149,155,9.19
400,153,9.19
598,344,9.19
337,591,9.19
333,52,9.19
1685,1682,9.19
436,411,9.19
312,315,9.19
46,66,9.19
1396,1392,9.19
1027,985,9.19
1181,1102,9.19
429,430,9.19
1276,1771,9.19
339,610,9.19
59,82,9.19
1082,1105,9.19
843,1040,9.19
345,327,9.19
1757,532,9.19
513,264,9.19
1285,1277,9.19
1592,1598,9.19
370,110,9.19
709,1593,9.19
1699,1700,9.19
688,676,9.19
428,697,9.18
81,341,9.18
1432,719,9.18
1480,1477,9.18
327,301,9.18
422,427,9.18
1099,1094,9.18
325,327,9.18
402,169,9.18
58,52,9.18
1068,1336,9.18
1077,1068,9.18
1236,1408,9.18
128,137,9.18
1757,1438,9.18
1676,27,9.18
334,614,9.18
399,394,9.18
815,810,9.18
138,152,9.18
306,40,9.18
1086,1100,9.18
306,329,9.18
45,327,9.18
406,407,9.18
350,368,9.18
148,167,9.18
262,259,9.18
1594,1592,9.18
39,298,9.18
292,37,9.18
223,1661,9.17
1210,1193,9.17
845,969,9.17
47,363,9.17
1174,1105,9.17
369,638,9.17
338,48,9.17
1204,1204,9.17
152,141,9.17
369,912,9.17
150,110,9.17
336,322,9.17
563,573,9.17
938,1019,9.17
785,811,9.17
167,396,9.17
371,396,9.17
22,1684,9.17
350,50,9.17
584,757,9.17
1718,982,9.17
1255,841,9.17
1692,1700,9.17
297,281,9.17
143,378,9.17
1056,1027,9.17
101,49,9.17
979,990,9.17
773,719,9.17
181,167,9.17
1694,1688,9.17
1020,1013,9.17
297,324,9.17
1566,951,9.17
323,285,9.17
53,105,9.16
841,1271,9.16
348,36,9.16
1108,1182,9.16
1223,1185,9.16
396,141,9.16
347,587,9.16
898,910,9.16
1343,1312,9.16
1248,1433,9.16
1171,1111,9.16
592,771,9.16
779,743,9.16
323,304,9.16
1676,1691,9.16
1581,1597,9.16
1761,1767,9.16
47,134,9.16
328,326,9.16
365,141,9.16
688,682,9.16
1206,1208,9.16
1399,1757,9.16
1182,1143,9.16
397,393,9.16
434,413,9.16
691,694,9.16
23,1662,9.16
36,296,9.16
43,77,9.16
33,301,9.16
1102,1181,9.16
633,355,9.16
58,132,9.16
1184,1246,9.16
1435,1430,9.16
174,177,9.16
293,292,9.15
1330,1329,9.15
1776,181,9.15
160,141,9.15
309,311,9.15
1259,750,9.15
160,165,9.15
1276,1281,9.15
131,355,9.15
1446,1428,9.15
334,326,9.15
1702,1675,9.15
1155,524,9.15
398,156,9.15
137,378,9.15
294,584,9.15
178,171,9.15
157,156,9.15
1761,1413,9.15
797,1272,9.15
1236,1236,9.15
422,413,9.15
215,208,9.15
584,47,9.15
378,374,9.15
153,138,9.14
408,167,9.14
797,770,9.14
794,776,9.14
1428,1263,9.14
1184,1152,9.14
1672,1656,9.14
1343,1717,9.14
738,771,9.14
1024,584,9.14
587,582,9.14
358,344,9.14
301,771,9.14
1685,1672,9.14
1568,1569,9.14
348,376,9.14
340,369,9.14
1676,1701,9.14
1342,1341,9.14
562,291,9.14
339,32,9.14
982,1013,9.14
366,143,9.14
32,298,9.14
161,400,9.14
312,342,9.14
135,151,9.14
281,41,9.14
413,156,9.14
336,317,9.14
170,170,9.14
151,401,9.14
1658,1676,9.14
109,77,9.14
1259,1282,9.13
598,589,9.13
281,285,9.13
283,302,9.13
395,156,9.13
1046,1015,9.13
430,694,9.13
1774,1774,9.13
291,281,9.13
794,858,9.13
323,352,9.13
752,811,9.13
419,411,9.13
134,110,9.13
303,300,9.13
1162,1108,9.13
1160,1166,9.13
82,55,9.13
170,139,9.13
376,367,9.13
364,351,9.13
1398,1757,9.13
565,566,9.13
48,372,9.13
778,1223,9.13
324,315,9.13
156,162,9.13
1399,1399,9.13
1094,1099,9.13
969,817,9.13
46,366,9.12
1699,1710,9.12
148,388,9.12
343,349,9.12
1181,1207,9.12
365,140,9.12
378,135,9.12
371,138,9.12
50,282,9.12
843,811,9.12
885,879,9.12
1701,1680,9.12
878,584,9.12
1757,1213,9.12
1599,1587,9.12
258,1685,9.12
1182,786,9.12
749,770,9.12
1220,1181,9.12
980,878,9.12
151,77,9.12
769,864,9.12
591,604,9.12
115,81,9.12
653,931,9.12
587,589,9.12
1085,1094,9.12
1585,1636,9.12
377,411,9.12
344,342,9.12
358,49,9.12
1758,1162,9.12
1644,1718,9.12
626,912,9.12
1193,1230,9.12
1261,811,9.12
82,134,9.12
263,1676,9.11
841,1771,9.11
1191,726,9.11
778,1181,9.11
378,52,9.11
751,771,9.11
317,328,9.11
1701,1690,9.11
612,613,9.11
145,396,9.11
1718,1071,9.11
1703,1704,9.11
1201,1171,9.11
1758,1100,9.11
304,324,9.11
544,762,9.11
1012,1019,9.11
775,775,9.11
47,281,9.11
1757,560,9.11
1757,563,9.11
608,606,9.11
1181,1209,9.11
1347,1349,9.11
1696,1747,9.11
758,792,9.11
794,1261,9.11
1759,1438,9.11
1426,1432,9.11
1602,1591,9.11
825,969,9.11
610,132,9.11
42,365,9.1
1281,1278,9.1
50,78,9.1
1280,1259,9.1
844,825,9.1
1082,1101,9.1
1591,1599,9.1
345,602,9.1
970,860,9.1
990,1019,9.1
104,45,9.1
358,75,9.1
47,282,9.1
1311,1326,9.1
1259,835,9.1
909,914,9.1
133,336,9.1
354,45,9.1
808,766,9.1
58,109,9.1
1014,1016,9.1
1408,1478,9.1
436,427,9.1
578,571,9.1
694,688,9.1
158,166,9.1
336,303,9.1
335,82,9.1
894,882,9.1
951,1026,9.1
599,600,9.1
394,408,9.1
1710,263,9.1
317,334,9.1
34,52,9.1
1219,1210,9.09
346,82,9.09
1694,1679,9.09
623,912,9.09
163,4,9.09
822,743,9.09
985,611,9.09
1643,1591,9.09
402,171,9.09
900,611,9.09
773,829,9.09
632,620,9.09
298,285,9.09
877,771,9.09
1087,1106,9.09
24,24,9.09
926,918,9.09
1261,829,9.09
1205,786,9.09
297,306,9.09
1032,985,9.09
522,522,9.09
1273,1281,9.09
225,22,9.09
1259,1224,9.08
892,1019,9.08
306,49,9.08
1105,1082,9.08
44,37,9.08
348,76,9.08
1694,1675,9.08
886,970,9.08
1415,1425,9.08
1035,1300,9.08
1282,841,9.08
305,300,9.08
52,55,9.08
1658,1,9.08
1435,811,9.08
357,333,9.08
155,110,9.08
333,130,9.08
1653,1732,9.08
415,412,9.08
105,41,9.08
155,162,9.08
370,139,9.08
770,767,9.08
1664,1691,9.08
747,740,9.08
1669,23,9.08
316,46,9.08
591,858,9.08
519,1495,9.08
418,697,9.08
167,424,9.08
1328,1318,9.08
587,566,9.07
53,311,9.07
413,390,9.07
319,591,9.07
334,303,9.07
1032,990,9.07
1184,1143,9.07
650,646,9.07
1392,1446,9.07
174,139,9.07
422,422,9.07
752,771,9.07
306,301,9.07
135,110,9.07
757,566,9.07
1255,1224,9.07
265,260,9.07
760,811,9.07
43,587,9.07
783,584,9.07
1694,1672,9.07
81,156,9.07
1637,1606,9.07
142,378,9.06
355,620,9.06
1705,1701,9.06
312,348,9.06
736,545,9.06
402,53,9.06
1418,1419,9.06
692,427,9.06
1757,794,9.06
45,75,9.06
1753,1739,9.06
697,423,9.06
160,400,9.06
368,133,9.06
1278,1767,9.06
75,56,9.06
1432,1457,9.06
342,355,9.06
1757,285,9.06
348,633,9.06
375,137,9.06
356,371,9.06
1668,1676,9.06
587,560,9.06
1711,263,9.06
324,332,9.06
505,260,9.06
377,345,9.06
369,361,9.06
1496,1747,9.06
1753,1713,9.06
1312,1324,9.06
375,388,9.06
763,858,9.05
584,299,9.05
359,359,9.05
1723,1347,9.05
1689,1656,9.05
1760,1166,9.05
1428,1767,9.05
1252,1259,9.05
1102,1091,9.05
1690,1704,9.05
1026,1569,9.05
168,155,9.05
1594,1606,9.05
138,389,9.05
1771,1298,9.05
1332,1333,9.05
327,48,9.05
1776,225,9.05
22,28,9.05
377,335,9.05
1653,1736,9.05
1666,1658,9.05
357,82,9.05
376,130,9.05
150,160,9.05
1191,538,9.05
139,392,9.05
1259,774,9.04
131,363,9.04
985,811,9.04
1064,1053,9.04
937,931,9.04
1261,786,9.04
1326,1068,9.04
1190,774,9.04
839,822,9.04
712,697,9.04
616,337,9.04
1174,1185,9.04
982,882,9.04
181,186,9.04
776,970,9.04
361,373,9.04
437,437,9.04
576,295,9.04
786,770,9.04
131,151,9.04
142,402,9.04
1181,544,9.04
131,76,9.04
708,427,9.04
1023,1022,9.04
39,83,9.04
322,41,9.04
104,141,9.03
770,719,9.03
132,371,9.03
584,855,9.03
137,65,9.03
815,970,9.03
81,346,9.03
354,324,9.03
894,611,9.03
947,918,9.03
778,1252,9.03
278,291,9.03
325,332,9.03
53,55,9.03
736,717,9.03
786,762,9.03
591,811,9.03
49,134,9.03
75,133,9.03
738,738,9.03
302,292,9.03
280,291,9.03
1079,1099,9.03
4,6,9.03
1657,173,9.03
910,911,9.03
390,379,9.03
347,151,9.03
357,342,9.03
880,970,9.03
918,864,9.03
1146,1143,9.03
171,149,9.03
150,169,9.03
727,786,9.02
337,326,9.02
1418,1418,9.02
763,794,9.02
158,395,9.02
351,43,9.02
1713,1709,9.02
369,134,9.02
41,326,9.02
1600,1637,9.02
304,292,9.02
1344,1338,9.02
757,572,9.02
303,587,9.02
1282,1259,9.02
49,337,9.02
571,767,9.02
1686,1778,9.02
352,41,9.02
927,914,9.02
297,323,9.02
1300,1299,9.02
1027,931,9.02
338,610,9.02
22,1656,9.02
1261,1767,9.02
326,321,9.02
133,375,9.02
1662,208,9.02
155,166,9.02
389,378,9.02
316,43,9.02
1029,1071,9.02
1040,1045,9.02
655,912,9.02
339,318,9.02
297,37,9.02
321,42,9.02
1495,1686,9.02
408,410,9.02
430,423,9.02
351,326,9.01
1694,1682,9.01
873,878,9.01
39,377,9.01
656,655,9.01
918,937,9.01
359,336,9.01
591,319,9.01
368,340,9.01
697,676,9.01
299,304,9.01
101,130,9.01
836,794,9.01
736,532,9.01
305,33,9.01
340,75,9.01
563,303,9.01
1311,1024,9.01
390,374,9.01
892,892,9.01
563,545,9.01
915,631,9.01
1664,1687,9.01
329,281,9.01
775,1224,9.01
292,318,9.01
1741,1754,9.01
406,401,9.01
351,376,9.01
343,610,9.01
1758,1082,9.01
52,32,9.01
1261,836,9.01
1343,1306,9.0
1668,1694,9.0
140,148,9.0
1249,829,9.0
370,356,9.0
1190,1252,9.0
1160,1174,9.0
326,41,9.0
346,377,9.0
864,811,9.0
140,402,9.0
45,358,9.0
1670,24,9.0
303,33,9.0
332,591,9.0
732,811,9.0
140,46,9.0
758,729,9.0
1281,1276,9.0
1330,1328,9.0
602,771,9.0
39,104,9.0
136,376,9.0
317,321,9.0
346,370,9.0
110,396,9.0
138,395,9.0
566,719,9.0
322,323,9.0
814,841,9.0
946,915,8.99
1711,1704,8.99
1678,1690,8.99
842,839,8.99
1409,1392,8.99
66,49,8.99
305,41,8.99
402,403,8.99
863,857,8.99
372,348,8.99
339,301,8.99
1336,1301,8.99
1331,1301,8.99
335,358,8.99
829,1181,8.99
1679,1710,8.99
1017,1065,8.99
839,1306,8.99
130,145,8.99
1637,1600,8.99
1301,1038,8.99
48,312,8.99
39,598,8.99
353,156,8.99
909,918,8.99
35,46,8.99
412,392,8.99
133,41,8.99
1556,1753,8.99
304,318,8.99
1259,1223,8.98
572,864,8.98
104,58,8.98
775,776,8.98
895,614,8.98
318,339,8.98
1019,951,8.98
633,132,8.98
634,369,8.98
327,311,8.98
158,144,8.98
348,311,8.98
1223,797,8.98
1688,1683,8.98
370,379,8.98
375,368,8.98
1757,1145,8.98
1698,1701,8.98
362,351,8.98
1446,1770,8.98
1702,1660,8.98
217,1662,8.98
566,562,8.98
1732,1717,8.98
1263,836,8.98
766,572,8.98
1639,1585,8.98
116,132,8.98
1598,1592,8.98
1634,918,8.98
141,348,8.98
302,34,8.98
1210,1176,8.98
1591,1639,8.97
1174,719,8.97
48,139,8.97
697,428,8.97
1776,168,8.97
1009,1017,8.97
167,432,8.97
1700,1667,8.97
899,915,8.97
1738,1732,8.97
316,38,8.97
141,48,8.97
1311,1328,8.97
144,142,8.97
50,338,8.97
55,82,8.97
364,49,8.97
598,340,8.97
560,766,8.97
156,168,8.97
1594,1599,8.97
139,48,8.97
1528,1525,8.97
358,376,8.97
153,173,8.97
1038,1038,8.97
289,291,8.97
1318,1337,8.97
776,1150,8.97
158,173,8.97
1341,1334,8.97
1716,1346,8.97
1301,1280,8.97
1776,21,8.97
140,47,8.97
408,141,8.97
998,1002,8.97
1700,22,8.97
343,345,8.96
149,402,8.96
1181,775,8.96
1298,1300,8.96
141,148,8.96
914,1017,8.96
1760,1233,8.96
1326,1324,8.96
1224,1190,8.96
436,432,8.96
170,159,8.96
694,433,8.96
363,347,8.96
342,156,8.96
327,53,8.96
148,110,8.96
147,135,8.96
173,139,8.96
628,367,8.96
404,388,8.96
1679,1701,8.96
1525,706,8.96
997,982,8.96
1023,1023,8.96
49,306,8.96
778,829,8.96
1456,1259,8.96
174,413,8.96
778,1188,8.96
365,374,8.96
28,1671,8.96
158,414,8.96
1075,1020,8.96
343,634,8.96
736,750,8.96
1109,1176,8.96
144,53,8.96
606,918,8.95
1651,1593,8.95
301,32,8.95
300,316,8.95
1101,1096,8.95
141,76,8.95
1699,1776,8.95
1153,521,8.95
367,378,8.95
688,692,8.95
32,304,8.95
415,688,8.95
891,885,8.95
394,424,8.95
187,151,8.95
1038,1035,8.95
340,372,8.95
1661,1,8.95
1739,1747,8.95
306,46,8.95
1235,1413,8.95
353,302,8.95
39,582,8.95
374,377,8.95
375,392,8.95
337,132,8.95
1747,250,8.95
407,394,8.95
610,338,8.95
378,364,8.95
398,378,8.95
143,384,8.95
378,383,8.95
1709,1712,8.95
602,591,8.95
4,1662,8.95
758,587,8.94
1657,6,8.94
924,918,8.94
390,159,8.94
103,132,8.94
1435,1278,8.94
1594,1640,8.94
353,602,8.94
1679,1683,8.94
392,139,8.94
758,572,8.94
610,599,8.94
1426,1457,8.94
389,376,8.94
149,150,8.94
889,614,8.94
351,610,8.94
46,300,8.94
1770,1446,8.94
888,771,8.94
1425,1428,8.94
759,766,8.94
158,148,8.94
1181,1193,8.94
1415,1408,8.94
65,74,8.94
1002,915,8.94
587,588,8.94
628,365,8.94
327,348,8.94
1628,1025,8.94
41,76,8.94
1776,197,8.94
1026,878,8.94
1725,1718,8.94
407,407,8.94
139,152,8.94
393,404,8.94
1023,918,8.94
626,613,8.93
533,584,8.93
1355,1261,8.93
47,337,8.93
333,356,8.93
611,608,8.93
337,327,8.93
879,880,8.93
329,355,8.93
1246,1433,8.93
1263,1267,8.93
369,360,8.93
82,584,8.93
1690,1778,8.93
494,1747,8.93
158,372,8.93
1182,729,8.93
562,761,8.93
161,158,8.93
381,392,8.93
175,161,8.93
1210,1209,8.93
822,799,8.93
141,1658,8.93
430,422,8.93
1688,1671,8.93
53,355,8.93
158,168,8.93
547,551,8.93
365,396,8.93
71,109,8.93
136,366,8.93
74,76,8.93
161,175,8.93
110,44,8.93
53,369,8.93
984,990,8.93
880,885,8.92
174,412,8.92
320,341,8.92
22,25,8.92
59,53,8.92
155,159,8.92
363,628,8.92
402,130,8.92
520,520,8.92
305,292,8.92
149,160,8.92
1409,1450,8.92
706,481,8.92
145,49,8.92
1184,1166,8.92
1486,1424,8.92
880,878,8.92
336,344,8.92
1329,1343,8.92
365,43,8.92
724,584,8.92
584,624,8.92
301,305,8.92
506,505,8.92
736,811,8.91
369,637,8.91
401,138,8.91
131,77,8.91
654,912,8.91
394,377,8.91
584,915,8.91
613,606,8.91
1586,1583,8.91
1191,532,8.91
306,38,8.91
719,735,8.91
302,582,8.91
55,50,8.91
726,584,8.91
132,140,8.91
358,50,8.91
137,133,8.91
1662,21,8.91
1010,914,8.91
636,637,8.91
1648,1732,8.91
303,563,8.91
109,365,8.91
1085,1105,8.91
1654,1651,8.9
878,884,8.9
1190,750,8.9
602,864,8.9
305,296,8.9
847,970,8.9
111,50,8.9
1336,1314,8.9
321,49,8.9
407,392,8.9
149,145,8.9
1422,1422,8.9
1658,186,8.9
136,389,8.9
173,413,8.9
398,151,8.9
130,302,8.9
1017,1026,8.9
991,982,8.9
191,167,8.9
292,316,8.9
1419,1259,8.9
328,325,8.9
1024,1045,8.9
138,49,8.9
402,426,8.9
1209,1166,8.9
587,864,8.9
310,312,8.9
150,161,8.9
1776,167,8.9
322,321,8.9
41,360,8.89
343,351,8.89
1688,1703,8.89
794,732,8.89
598,343,8.89
376,355,8.89
1169,1101,8.89
1024,1009,8.89
786,1224,8.89
326,323,8.89
110,339,8.89
1408,1193,8.89
1147,1143,8.89
346,323,8.89
1598,1581,8.89
738,737,8.89
774,729,8.89
1205,1201,8.89
1263,584,8.89
357,48,8.89
1564,1023,8.89
81,42,8.89
1040,1013,8.89
886,985,8.89
1692,1698,8.89
602,325,8.89
591,334,8.89
1103,1182,8.89
37,340,8.89
1053,1068,8.89
1399,1413,8.89
1757,545,8.89
317,300,8.89
1526,1526,8.89
572,767,8.89
786,804,8.89
1181,1113,8.89
354,370,8.89
873,886,8.89
158,377,8.89
1662,1689,8.89
278,285,8.89
41,315,8.89
1206,1098,8.88
1314,1300,8.88
153,53,8.88
401,142,8.88
139,369,8.88
346,598,8.88
841,812,8.88
165,154,8.88
384,388,8.88
351,366,8.88
1771,1278,8.88
1681,156,8.88
1347,1330,8.88
341,296,8.88
819,821,8.88
1583,1585,8.88
110,155,8.88
1717,1334,8.88
845,839,8.88
112,110,8.88
342,36,8.88
1075,1019,8.88
1105,1091,8.88
387,395,8.88
49,303,8.88
398,379,8.88
156,53,8.88
611,620,8.88
761,757,8.88
1707,1709,8.88
40,300,8.88
435,412,8.88
47,614,8.88
584,1191,8.88
982,1068,8.88
408,140,8.88
1692,264,8.88
1433,1255,8.88
45,139,8.88
1651,1637,8.88
1656,1669,8.88
150,153,8.87
83,50,8.87
709,459,8.87
321,32,8.87
1657,197,8.87
584,315,8.87
187,181,8.87
981,970,8.87
342,71,8.87
139,150,8.87
1029,942,8.87
1676,235,8.87
363,366,8.87
1701,1692,8.87
152,395,8.87
1361,1300,8.87
337,358,8.87
1337,1326,8.87
321,301,8.87
353,367,8.87
1593,1606,8.87
746,786,8.87
1273,1767,8.87
564,291,8.87
332,320,8.87
1001,1019,8.87
628,626,8.87
346,137,8.87
378,392,8.87
1223,778,8.87
377,148,8.87
352,602,8.87
1763,1771,8.87
132,369,8.87
798,811,8.87
412,414,8.87
907,913,8.87
990,884,8.87
292,298,8.87
390,375,8.87
323,314,8.87
1111,1176,8.87
156,1,8.87
1447,1450,8.86
544,547,8.86
636,630,8.86
104,77,8.86
390,155,8.86
370,346,8.86
940,916,8.86
196,191,8.86
591,609,8.86
1261,1252,8.86
163,160,8.86
421,688,8.86
311,291,8.86
158,426,8.86
584,36,8.86
822,990,8.86
1173,1182,8.86
167,144,8.86
1685,1698,8.86
614,591,8.86
169,50,8.86
1702,1699,8.86
292,39,8.86
1729,1733,8.86
324,598,8.86
1331,1327,8.86
778,737,8.86
1099,1178,8.86
1014,1002,8.86
611,630,8.86
954,954,8.86
840,811,8.86
1658,1679,8.85
399,393,8.85
369,81,8.85
35,305,8.85
1035,1311,8.85
631,602,8.85
197,151,8.85
356,631,8.85
289,285,8.85
1101,1108,8.85
370,357,8.85
355,638,8.85
1594,1551,8.85
162,167,8.85
713,794,8.85
1757,1238,8.85
166,171,8.85
1166,1210,8.85
1174,1169,8.85
719,781,8.85
131,42,8.85
1712,1667,8.85
1775,1068,8.85
1244,1224,8.85
1698,264,8.85
1685,1709,8.85
613,918,8.85
434,422,8.85
1637,1551,8.85
432,176,8.85
396,399,8.85
342,338,8.85
1718,1632,8.85
1328,1301,8.85
841,864,8.85
1757,1405,8.85
1686,223,8.85
1757,716,8.85
522,1152,8.85
329,282,8.84
726,1191,8.84
75,54,8.84
1185,521,8.84
414,432,8.84
964,963,8.84
110,150,8.84
357,338,8.84
36,328,8.84
603,587,8.84
258,255,8.84
133,389,8.84
317,297,8.84
843,1036,8.84
761,786,8.84
397,132,8.84
1410,1409,8.84
598,332,8.84
81,342,8.84
165,138,8.84
768,766,8.84
335,38,8.84
879,915,8.84
393,156,8.84
375,400,8.84
46,310,8.84
364,81,8.84
1717,1343,8.84
1711,1671,8.84
352,82,8.84
1711,1688,8.84
757,744,8.84
365,361,8.84
174,424,8.84
1669,241,8.84
427,413,8.83
571,762,8.83
1181,722,8.83
1082,1094,8.83
82,114,8.83
355,613,8.83
408,419,8.83
1224,584,8.83
1583,1609,8.83
584,596,8.83
344,331,8.83
1591,1643,8.83
301,582,8.83
345,350,8.83
598,864,8.83
733,794,8.83
140,52,8.83
1421,1426,8.83
417,413,8.83
329,360,8.83
568,587,8.83
35,324,8.83
346,378,8.83
1723,1337,8.83
1121,1106,8.83
1259,1424,8.83
816,794,8.83
412,388,8.83
337,49,8.83
1723,1732,8.83
332,46,8.83
1701,258,8.83
161,180,8.83
604,343,8.83
1444,1429,8.83
153,163,8.83
1175,719,8.83
1747,22,8.83
1698,1709,8.83
1179,1100,8.83
482,712,8.83
366,355,8.83
110,72,8.83
505,494,8.82
186,179,8.82
321,46,8.82
1224,521,8.82
328,332,8.82
1,1661,8.82
764,760,8.82
349,352,8.82
589,602,8.82
306,282,8.82
53,103,8.82
371,342,8.82
1424,1263,8.82
285,292,8.82
39,133,8.82
33,329,8.82
758,560,8.82
342,34,8.82
818,839,8.82
423,697,8.82
758,566,8.82
591,344,8.82
1046,990,8.82
413,697,8.82
335,81,8.82
1121,1100,8.82
584,324,8.82
181,173,8.82
1673,1659,8.82
728,584,8.82
1191,735,8.82
1757,1110,8.82
353,136,8.82
342,136,8.82
1205,1419,8.82
1027,990,8.82
1597,1587,8.82
1092,1085,8.82
39,521,8.82
610,634,8.82
333,318,8.82
1525,1528,8.81
427,692,8.81
389,369,8.81
605,611,8.81
1102,1082,8.81
77,84,8.81
794,803,8.81
765,770,8.81
1673,1704,8.81
1611,1591,8.81
1174,1219,8.81
584,575,8.81
110,312,8.81
75,89,8.81
163,140,8.81
626,626,8.81
321,333,8.81
75,59,8.81
564,295,8.81
341,109,8.81
1657,1675,8.81
363,81,8.81
169,150,8.81
42,354,8.81
390,348,8.81
1181,1108,8.81
330,291,8.81
35,311,8.81
355,364,8.81
1656,1776,8.81
1698,1676,8.81
1732,1723,8.81
136,341,8.81
1600,1581,8.81
329,578,8.81
430,437,8.81
223,1657,8.8
636,633,8.8
634,626,8.8
167,197,8.8
52,156,8.8
1344,1324,8.8
170,160,8.8
841,1767,8.8
338,353,8.8
117,50,8.8
1027,951,8.8
1205,1111,8.8
235,1658,8.8
152,165,8.8
1671,1703,8.8
133,353,8.8
1444,1424,8.8
1174,1103,8.8
768,762,8.8
562,1150,8.8
740,1191,8.8
342,311,8.8
1757,811,8.8
377,155,8.8
1207,1757,8.8
749,761,8.8
1303,1312,8.8
1175,1162,8.8
982,811,8.8
164,426,8.8
950,918,8.8
952,1019,8.8
1572,1024,8.8
590,598,8.8
1002,1000,8.8
280,292,8.79
562,811,8.79
513,259,8.79
432,400,8.79
81,366,8.79
443,424,8.79
167,181,8.79
340,40,8.79
1737,1731,8.79
306,304,8.79
436,433,8.79
320,340,8.79
812,811,8.79
344,130,8.79
407,139,8.79
973,825,8.79
1698,1698,8.79
544,1192,8.79
563,297,8.79
402,371,8.79
1584,1594,8.79
136,153,8.79
1661,205,8.79
151,348,8.79
1577,1718,8.79
1634,1019,8.79
303,298,8.79
1027,1342,8.79
1227,1191,8.79
584,285,8.79
1660,1673,8.79
863,770,8.79
716,1190,8.79
719,725,8.79
1776,143,8.78
797,843,8.78
347,136,8.78
396,144,8.78
757,578,8.78
1236,1196,8.78
628,352,8.78
1012,1002,8.78
1191,1175,8.78
1583,1587,8.78
1450,1447,8.78
818,982,8.78
81,347,8.78
140,147,8.78
1778,1669,8.78
786,726,8.78
1029,934,8.78
46,598,8.78
358,354,8.78
46,355,8.78
1227,774,8.78
839,1286,8.78
858,599,8.78
1564,1074,8.78
381,369,8.78
1111,521,8.78
144,138,8.78
324,365,8.78
132,47,8.78
373,614,8.78
1558,1747,8.78
551,551,8.78
736,1192,8.78
1305,1300,8.78
1446,1396,8.78
49,145,8.78
330,325,8.78
1456,1771,8.78
1035,1037,8.78
626,611,8.77
180,181,8.77
1701,1693,8.77
1278,1036,8.77
1711,1680,8.77
1009,1009,8.77
818,821,8.77
36,334,8.77
32,280,8.77
1057,1046,8.77
362,364,8.77
544,578,8.77
259,1747,8.77
109,42,8.77
49,59,8.77
1670,1689,8.77
367,380,8.77
378,46,8.77
1255,584,8.77
575,302,8.77
1193,1204,8.77
591,343,8.77
1700,1682,8.77
737,743,8.77
170,153,8.77
750,796,8.77
1343,1327,8.77
400,152,8.77
333,110,8.77
1714,1677,8.77
575,587,8.77
818,818,8.77
265,265,8.77
32,563,8.77
721,722,8.77
598,333,8.77
351,325,8.77
110,112,8.76
738,749,8.76
1652,1591,8.76
840,1263,8.76
363,354,8.76
167,191,8.76
632,611,8.76
53,74,8.76
342,133,8.76
1026,998,8.76
606,617,8.76
1,155,8.76
43,58,8.76
434,688,8.76
638,913,8.76
32,335,8.76
1246,1184,8.76
362,350,8.76
46,614,8.76
1683,1660,8.76
160,158,8.76
1026,970,8.76
1408,1486,8.76
1628,1029,8.76
1687,1693,8.76
779,776,8.76
765,771,8.76
366,346,8.76
355,341,8.76
28,1694,8.76
1176,1100,8.76
222,223,8.76
757,810,8.76
280,285,8.76
1094,1091,8.75
565,572,8.75
626,634,8.75
935,912,8.75
475,482,8.75
783,792,8.75
167,177,8.75
263,232,8.75
1577,1566,8.75
1709,1695,8.75
291,310,8.75
578,579,8.75
1017,1014,8.75
1776,173,8.75
798,797,8.75
745,745,8.75
1760,1174,8.75
1747,475,8.75
879,985,8.75
1029,960,8.75
1674,1777,8.75
434,430,8.75
300,43,8.75
1013,910,8.75
970,914,8.75
152,160,8.75
159,177,8.75
1776,208,8.75
260,250,8.75
1577,1593,8.75
717,723,8.75
362,628,8.75
829,1191,8.75
259,507,8.75
156,174,8.75
358,82,8.75
1435,1771,8.75
1682,1700,8.75
376,392,8.75
376,384,8.75
723,1150,8.75
990,915,8.74
836,1264,8.74
1424,1433,8.74
223,1686,8.74
1686,261,8.74
151,181,8.74
563,291,8.74
1031,843,8.74
1201,1196,8.74
1693,1681,8.74
804,810,8.74
161,171,8.74
776,797,8.74
365,71,8.74
389,413,8.74
1380,1771,8.74
356,373,8.74
362,918,8.74
167,136,8.74
329,771,8.74
609,598,8.74
1521,505,8.74
882,878,8.74
357,332,8.74
1765,1767,8.74
813,969,8.74
1591,1595,8.74
954,955,8.74
1639,1609,8.74
430,433,8.74
1670,258,8.74
413,165,8.74
607,882,8.74
1160,1162,8.73
263,1700,8.73
415,409,8.73
598,334,8.73
822,918,8.73
335,301,8.73
74,50,8.73
341,608,8.73
1347,1341,8.73
144,81,8.73
333,51,8.73
406,156,8.73
131,369,8.73
1338,1040,8.73
369,634,8.73
366,353,8.73
190,174,8.73
301,598,8.73
1677,28,8.73
56,75,8.73
809,970,8.73
145,138,8.73
408,389,8.73
1237,1235,8.73
165,50,8.73
316,50,8.73
1189,1757,8.73
1704,1690,8.73
1415,1409,8.73
1603,1591,8.73
912,864,8.73
806,1277,8.73
46,35,8.73
150,163,8.73
1747,1652,8.73
1699,1701,8.73
839,1035,8.73
147,393,8.73
863,766,8.73
1151,1150,8.73
365,156,8.73
814,825,8.73
599,858,8.73
214,1662,8.73
397,396,8.73
69,65,8.73
1191,737,8.73
104,352,8.73
740,544,8.73
378,346,8.73
558,302,8.72
305,318,8.72
180,1657,8.72
750,764,8.72
1760,1082,8.72
892,584,8.72
1399,1760,8.72
620,617,8.72
1267,1271,8.72
1184,794,8.72
297,521,8.72
327,43,8.72
757,560,8.72
371,48,8.72
1028,1718,8.72
1087,1098,8.72
716,794,8.72
806,749,8.72
1601,1601,8.72
1717,1346,8.72
48,311,8.72
1691,1666,8.72
435,411,8.72
1669,222,8.72
133,147,8.72
584,561,8.72
152,401,8.72
736,735,8.72
776,787,8.72
377,76,8.72
981,985,8.72
855,811,8.72
953,912,8.72
390,160,8.71
794,738,8.71
820,821,8.71
1152,1191,8.71
1661,174,8.71
158,163,8.71
166,161,8.71
320,602,8.71
626,132,8.71
378,353,8.71
1628,1026,8.71
606,858,8.71
1761,1425,8.71
1755,1755,8.71
412,406,8.71
52,141,8.71
71,74,8.71
894,886,8.71
565,571,8.71
33,310,8.71
824,825,8.71
348,350,8.71
1703,1709,8.71
737,732,8.71
27,1675,8.71
255,259,8.71
300,282,8.71
376,110,8.71
160,166,8.71
342,366,8.71
130,396,8.71
317,340,8.71
918,638,8.71
104,372,8.71
319,326,8.71
659,918,8.71
1035,878,8.7
820,808,8.7
982,1009,8.7
709,688,8.7
354,323,8.7
728,786,8.7
1040,989,8.7
406,393,8.7
709,1594,8.7
1735,1733,8.7
1,181,8.7
982,879,8.7
1759,1246,8.7
34,298,8.7
970,986,8.7
584,581,8.7
55,52,8.7
632,646,8.7
725,811,8.7
1637,1601,8.7
133,395,8.7
327,47,8.7
601,590,8.7
392,390,8.7
1038,1000,8.7
320,591,8.7
1705,1711,8.7
1675,1694,8.7
174,178,8.7
349,344,8.7
1767,1261,8.7
933,916,8.7
697,435,8.69
1747,1776,8.69
49,83,8.69
891,886,8.69
1709,1680,8.69
356,333,8.69
110,384,8.69
774,521,8.69
422,434,8.69
1064,1337,8.69
1277,1267,8.69
631,1019,8.69
634,337,8.69
602,882,8.69
412,432,8.69
759,719,8.69
170,169,8.69
433,688,8.69
1189,1185,8.69
402,376,8.69
175,141,8.69
37,328,8.69
300,323,8.69
1027,1343,8.69
292,36,8.69
1747,255,8.69
171,411,8.69
323,332,8.69
333,320,8.69
551,521,8.69
370,53,8.69
1644,1640,8.69
712,700,8.69
1703,1778,8.69
160,173,8.69
1426,1181,8.69
136,83,8.69
50,301,8.69
592,588,8.69
1100,1084,8.69
137,135,8.69
430,700,8.69
756,771,8.69
343,350,8.68
296,289,8.68
1162,1090,8.68
436,700,8.68
321,305,8.68
619,912,8.68
1190,717,8.68
358,48,8.68
311,296,8.68
304,323,8.68
110,376,8.68
1597,1643,8.68
378,341,8.68
1644,1594,8.68
401,140,8.68
405,411,8.68
395,384,8.68
1290,1277,8.68
281,311,8.68
1748,1756,8.68
132,141,8.68
1591,1583,8.68
291,316,8.68
1181,771,8.68
374,365,8.68
344,335,8.68
1658,1702,8.68
154,160,8.68
1478,1757,8.68
338,363,8.68
353,151,8.68
132,352,8.68
393,151,8.68
901,584,8.68
1285,1280,8.67
572,811,8.67
917,1019,8.67
1628,1337,8.67
560,578,8.67
147,397,8.67
180,137,8.67
1671,1688,8.67
1027,910,8.67
1026,990,8.67
1628,1564,8.67
184,151,8.67
1456,1413,8.67
584,339,8.67
1361,1302,8.67
32,524,8.67
154,141,8.67
1747,494,8.67
82,340,8.67
864,886,8.67
918,646,8.67
1710,1777,8.67
139,46,8.67
1628,1631,8.67
341,65,8.67
330,314,8.67
1026,934,8.67
338,342,8.67
1280,1285,8.67
156,160,8.67
397,411,8.67
1657,163,8.67
1023,1025,8.67
879,611,8.67
1770,1457,8.67
51,339,8.67
700,712,8.67
1181,778,8.67
291,295,8.67
1223,1248,8.67
133,374,8.67
1486,1429,8.67
46,363,8.67
47,369,8.67
352,75,8.66
1205,1405,8.66
1752,1746,8.66
870,599,8.66
1660,1776,8.66
1757,303,8.66
302,576,8.66
560,302,8.66
170,177,8.66
399,395,8.66
774,785,8.66
1019,631,8.66
1343,1326,8.66
788,797,8.66
1189,1143,8.66
58,77,8.66
1053,1015,8.66
354,156,8.66
173,1657,8.66
736,522,8.66
335,299,8.66
1408,1252,8.66
375,918,8.66
160,140,8.66
610,332,8.66
1566,933,8.66
982,864,8.66
829,584,8.66
331,591,8.66
397,143,8.66
806,1259,8.66
1683,1666,8.66
1206,1246,8.65
390,404,8.65
1330,1314,8.65
376,918,8.65
584,637,8.65
1658,1680,8.65
631,646,8.65
190,1658,8.65
841,792,8.65
841,764,8.65
1117,1174,8.65
1710,1676,8.65
320,313,8.65
1176,1184,8.65
819,794,8.65
255,264,8.65
153,174,8.65
169,165,8.65
391,397,8.65
878,985,8.65
156,153,8.65
1645,1609,8.65
292,306,8.65
291,300,8.65
771,560,8.65
1277,1285,8.65
110,351,8.65
1023,914,8.65
133,342,8.65
1676,26,8.65
153,166,8.65
556,302,8.65
985,1036,8.65
911,913,8.64
320,335,8.64
356,110,8.64
1303,1299,8.64
263,256,8.64
74,53,8.64
1433,1408,8.64
378,147,8.64
715,1192,8.64
333,303,8.64
1337,1312,8.64
1693,1709,8.64
303,317,8.64
1658,6,8.64
403,694,8.64
1757,736,8.64
1017,1027,8.64
572,770,8.64
775,778,8.64
1747,1526,8.64
304,39,8.64
45,587,8.64
839,1302,8.64
940,940,8.64
356,646,8.64
136,388,8.64
144,82,8.64
737,729,8.64
1733,1739,8.64
811,855,8.64
914,910,8.64
341,306,8.64
352,376,8.63
610,604,8.63
32,48,8.63
882,857,8.63
882,613,8.63
619,602,8.63
37,334,8.63
353,318,8.63
1413,1419,8.63
882,766,8.63
1254,1259,8.63
389,394,8.63
39,563,8.63
1209,1182,8.63
840,1261,8.63
1029,946,8.63
43,281,8.63
770,856,8.63
1679,1685,8.63
1026,1010,8.63
571,770,8.63
410,427,8.63
814,970,8.63
1679,1675,8.63
1667,1664,8.63
202,197,8.63
25,1662,8.63
1775,1331,8.63
1581,1584,8.63
66,137,8.63
121,75,8.63
1670,1697,8.63
1674,1684,8.63
1015,1017,8.63
1150,524,8.63
804,786,8.63
969,1002,8.62
544,568,8.62
158,406,8.62
75,378,8.62
363,918,8.62
1187,1188,8.62
109,342,8.62
354,143,8.62
1084,1095,8.62
352,338,8.62
390,383,8.62
1191,529,8.62
360,49,8.62
368,392,8.62
1644,1597,8.62
602,610,8.62
376,50,8.62
724,729,8.62
1693,1669,8.62
1564,1565,8.62
1438,1478,8.62
1302,1337,8.62
822,611,8.62
613,624,8.62
347,370,8.62
158,150,8.62
326,324,8.62
1718,1581,8.62
22,1672,8.62
1778,1705,8.62
1314,1068,8.62
152,164,8.62
761,760,8.62
624,882,8.62
339,360,8.62
584,330,8.62
376,633,8.61
1332,1343,8.61
1434,1261,8.61
82,342,8.61
312,298,8.61
1718,1055,8.61
1068,1021,8.61
923,918,8.61
264,1686,8.61
1109,1143,8.61
332,50,8.61
1179,1185,8.61
1311,1065,8.61
159,136,8.61
1206,1188,8.61
159,138,8.61
1181,1111,8.61
750,804,8.61
1759,1240,8.61
1566,1013,8.61
1716,1068,8.61
1031,1032,8.61
46,301,8.61
345,46,8.61
592,586,8.61
281,291,8.61
346,316,8.61
1634,1568,8.61
1335,1335,8.61
856,864,8.61
931,915,8.61
109,66,8.61
607,601,8.61
1510,513,8.6
979,975,8.6
368,381,8.6
721,716,8.6
1026,909,8.6
1409,1193,8.6
1078,1100,8.6
766,757,8.6
50,384,8.6
339,608,8.6
599,608,8.6
1592,1581,8.6
1759,1224,8.6
1662,1682,8.6
1684,1692,8.6
415,424,8.6
415,403,8.6
1236,1174,8.6
1091,1103,8.6
149,148,8.6
911,910,8.6
311,330,8.6
158,394,8.6
408,404,8.6
948,912,8.6
318,352,8.6
1446,1399,8.6
1704,1711,8.6
366,370,8.6
430,429,8.6
327,303,8.6
1017,912,8.6
70,71,8.6
713,521,8.6
367,337,8.6
151,76,8.6
1027,1591,8.6
811,817,8.6
1664,1659,8.6
1026,886,8.6
1495,1669,8.6
171,172,8.59
766,855,8.59
178,173,8.59
335,325,8.59
304,296,8.59
1668,1656,8.59
1664,1697,8.59
432,177,8.59
415,411,8.59
840,1273,8.59
1108,1082,8.59
45,306,8.59
579,766,8.59
1166,1206,8.59
1175,1223,8.59
105,75,8.59
584,792,8.59
1025,1009,8.59
649,637,8.59
1424,1486,8.59
45,151,8.59
191,179,8.59
1759,1098,8.59
376,395,8.59
331,302,8.59
338,329,8.59
1024,1628,8.59
136,584,8.59
372,384,8.58
293,34,8.58
300,50,8.58
628,620,8.58
982,1024,8.58
1272,1259,8.58
1698,1700,8.58
1029,944,8.58
614,358,8.58
50,155,8.58
52,66,8.58
1179,1166,8.58
1021,1053,8.58
1564,1337,8.58
1701,1679,8.58
332,348,8.58
940,933,8.58
47,144,8.58
414,408,8.58
616,613,8.58
160,174,8.58
1706,1709,8.58
722,786,8.58
304,37,8.58
1771,1272,8.58
143,152,8.58
1188,1223,8.58
1121,1109,8.58
49,351,8.58
32,110,8.58
258,1677,8.58
1692,1681,8.58
302,340,8.58
142,152,8.58
76,52,8.58
813,794,8.58
335,344,8.58
788,786,8.58
1577,1568,8.58
915,1029,8.58
1700,1661,8.58
791,750,8.58
435,435,8.58
631,882,8.58
584,913,8.58
632,355,8.58
378,144,8.58
89,132,8.58
1572,1594,8.57
406,143,8.57
228,1669,8.57
42,352,8.57
337,48,8.57
164,166,8.57
682,411,8.57
1056,1311,8.57
182,432,8.57
908,1002,8.57
423,423,8.57
403,400,8.57
1758,1166,8.57
997,1002,8.57
376,364,8.57
1586,1718,8.57
1280,1281,8.57
1159,1174,8.57
293,305,8.57
161,1657,8.57
356,334,8.57
750,738,8.57
1318,1331,8.56
713,1181,8.56
770,571,8.56
990,996,8.56
1409,1457,8.56
389,365,8.56
719,796,8.56
343,339,8.56
1685,24,8.56
1686,265,8.56
356,912,8.56
1040,1015,8.56
153,424,8.56
133,364,8.56
1024,1036,8.56
342,587,8.56
403,404,8.56
1683,1685,8.56
1651,1644,8.56
1200,1181,8.56
1025,940,8.56
45,303,8.56
369,353,8.56
150,400,8.56
1674,156,8.56
1636,1594,8.56
912,638,8.56
1223,775,8.56
296,292,8.56
1586,1581,8.56
1289,1301,8.56
101,110,8.56
1512,1747,8.56
173,145,8.56
1673,235,8.56
300,285,8.56
136,163,8.55
797,845,8.55
883,882,8.55
1336,1775,8.55
713,776,8.55
396,136,8.55
729,794,8.55
613,601,8.55
223,1677,8.55
166,143,8.55
822,886,8.55
39,326,8.55
389,399,8.55
936,931,8.55
47,326,8.55
991,985,8.55
142,400,8.55
263,242,8.55
340,359,8.55
319,592,8.55
960,918,8.55
610,356,8.55
817,810,8.55
137,46,8.55
47,291,8.55
1573,1573,8.55
141,388,8.55
205,1662,8.55
844,843,8.55
562,285,8.55
1108,1095,8.55
1477,1446,8.55
335,345,8.55
378,48,8.55
318,298,8.55
864,870,8.55
131,140,8.55
362,346,8.55
1669,1694,8.55
428,434,8.54
339,633,8.54
922,915,8.54
365,65,8.54
159,50,8.54
24,1662,8.54
138,392,8.54
133,359,8.54
917,917,8.54
65,69,8.54
411,427,8.54
411,688,8.54
1192,1181,8.54
1010,1014,8.54
191,185,8.54
836,1276,8.54
326,49,8.54
420,400,8.54
1692,1710,8.54
1032,846,8.54
434,436,8.54
880,912,8.54
364,584,8.54
147,82,8.54
171,168,8.54
418,419,8.54
163,150,8.54
1673,1777,8.54
42,339,8.54
363,49,8.54
797,815,8.54
736,571,8.54
1714,1690,8.54
1326,1347,8.54
740,723,8.54
329,156,8.54
49,371,8.54
1430,1430,8.54
507,260,8.54
750,758,8.54
311,43,8.54
292,282,8.53
371,47,8.53
1692,1701,8.53
370,633,8.53
53,135,8.53
1023,915,8.53
362,340,8.53
428,427,8.53
370,340,8.53
740,762,8.53
152,138,8.53
713,584,8.53
1024,1324,8.53
1760,1100,8.53
584,1019,8.53
802,811,8.53
775,811,8.53
1681,1692,8.53
553,771,8.53
117,53,8.53
50,142,8.53
736,520,8.53
335,337,8.53
1189,1152,8.53
367,344,8.53
756,794,8.53
141,173,8.53
81,377,8.53
390,165,8.53
149,147,8.53
47,390,8.53
1700,1699,8.53
766,599,8.52
1264,1273,8.52
736,562,8.52
388,412,8.52
138,369,8.52
697,963,8.52
365,343,8.52
109,136,8.52
130,104,8.52
810,822,8.52
616,611,8.52
1676,1680,8.52
1174,584,8.52
1657,1685,8.52
37,51,8.52
265,22,8.52
81,335,8.52
76,78,8.52
1336,1333,8.52
709,471,8.52
297,587,8.52
37,342,8.52
302,321,8.52
317,301,8.52
341,610,8.52
354,75,8.52
899,886,8.52
786,761,8.52
1718,1002,8.51
1059,1019,8.51
292,323,8.51
983,986,8.51
650,614,8.51
1713,1749,8.51
413,688,8.51
650,638,8.51
1307,1314,8.51
1263,1282,8.51
1113,1182,8.51
1205,1248,8.51
1349,1336,8.51
49,322,8.51
1673,223,8.51
1024,1331,8.51
155,165,8.51
879,918,8.51
1757,301,8.51
376,646,8.51
1206,1175,8.51
1776,247,8.51
1760,1162,8.51
1419,1430,8.51
614,325,8.51
668,667,8.51
843,969,8.51
1688,1679,8.51
38,334,8.51
811,756,8.51
384,140,8.51
350,598,8.5
38,110,8.5
1757,568,8.5
264,1753,8.5
408,372,8.5
1587,1598,8.5
304,306,8.5
137,47,8.5
1267,1273,8.5
1582,1640,8.5
208,197,8.5
1337,1024,8.5
1111,1124,8.5
1747,507,8.5
1701,1669,8.5
713,729,8.5
1432,1446,8.5
191,196,8.5
387,143,8.5
408,155,8.5
375,633,8.5
50,89,8.5
576,296,8.5
46,59,8.5
104,347,8.5
324,354,8.5
196,174,8.5
1278,825,8.5
377,655,8.5
360,353,8.5
1311,1016,8.5
1478,1760,8.5
63,82,8.5
1029,1053,8.5
1282,1271,8.5
277,281,8.49
339,320,8.49
362,371,8.49
399,389,8.49
177,426,8.49
521,716,8.49
584,553,8.49
402,131,8.49
390,407,8.49
1019,955,8.49
135,378,8.49
990,1038,8.49
36,340,8.49
1736,1591,8.49
325,340,8.49
1328,1068,8.49
350,334,8.49
53,138,8.49
598,355,8.49
378,359,8.49
1672,1710,8.49
951,950,8.49
170,414,8.49
762,560,8.49
1709,260,8.49
908,878,8.49
771,862,8.49
611,885,8.49
584,604,8.49
1581,1551,8.49
330,81,8.49
729,735,8.49
1521,1591,8.49
646,628,8.49
144,150,8.49
1392,1759,8.49
308,301,8.49
428,424,8.49
136,160,8.49
178,432,8.49
155,1,8.49
1222,1224,8.49
327,39,8.49
156,1658,8.48
1085,1087,8.48
845,845,8.48
1025,1568,8.48
312,130,8.48
329,521,8.48
1363,1302,8.48
985,825,8.48
587,762,8.48
329,378,8.48
1043,1312,8.48
356,598,8.48
334,305,8.48
592,337,8.48
584,323,8.48
864,794,8.48
740,521,8.48
429,697,8.48
1450,1767,8.48
330,345,8.48
1694,264,8.48
368,388,8.48
398,374,8.48
1315,1311,8.48
960,960,8.48
610,882,8.48
1079,1098,8.48
1189,524,8.48
797,1264,8.48
258,1669,8.48
83,53,8.48
973,1002,8.48
973,878,8.48
52,140,8.48
1029,970,8.48
158,136,8.48
402,161,8.48
370,50,8.48
74,71,8.48
320,328,8.48
411,392,8.48
841,802,8.48
573,302,8.48
110,364,8.48
338,130,8.48
1046,1324,8.48
1688,1661,8.48
328,301,8.47
167,110,8.47
136,402,8.47
356,375,8.47
1598,1640,8.47
1450,1425,8.47
377,631,8.47
1632,1631,8.47
422,694,8.47
1099,1182,8.47
1216,1191,8.47
1685,27,8.47
329,309,8.47
1029,1337,8.47
47,138,8.47
1419,1431,8.47
331,608,8.47
361,912,8.47
190,197,8.47
393,424,8.47
946,912,8.47
1210,1106,8.47
173,432,8.47
1332,1338,8.47
1710,264,8.47
1773,1771,8.47
1312,1046,8.47
1540,963,8.47
324,44,8.46
389,137,8.46
614,618,8.46
45,322,8.46
584,595,8.46
1709,1688,8.46
1634,1643,8.46
915,884,8.46
311,46,8.46
1201,1204,8.46
50,60,8.46
341,582,8.46
619,599,8.46
942,931,8.46
41,345,8.46
306,296,8.46
591,573,8.46
347,376,8.46
1205,1095,8.46
165,172,8.46
1698,1669,8.46
649,584,8.46
111,53,8.46
353,134,8.46
1084,1109,8.46
700,434,8.46
422,423,8.46
1435,1181,8.46
1014,1025,8.46
1020,1023,8.46
1757,829,8.46
1428,1428,8.46
1191,523,8.46
1694,263,8.46
1696,1699,8.46
369,49,8.46
319,614,8.46
1658,151,8.46
417,410,8.46
769,858,8.46
822,806,8.45
1598,1582,8.45
39,66,8.45
751,766,8.45
1775,1634,8.45
421,433,8.45
1183,1174,8.45
156,136,8.45
1444,1480,8.45
592,301,8.45
1587,1599,8.45
407,137,8.45
1238,1181,8.45
1709,1495,8.45
413,427,8.45
163,1657,8.45
1020,918,8.45
71,139,8.45
601,600,8.45
953,1029,8.45
551,547,8.45
162,161,8.45
355,360,8.45
1182,524,8.45
697,421,8.45
638,630,8.45
757,587,8.45
1041,1306,8.45
591,341,8.45
1121,1124,8.45
328,312,8.45
1246,794,8.45
104,340,8.45
164,378,8.44
927,912,8.44
402,154,8.44
134,130,8.44
377,637,8.44
286,32,8.44
1118,1100,8.44
709,465,8.44
395,408,8.44
133,347,8.44
402,369,8.44
338,633,8.44
1710,1662,8.44
553,747,8.44
1311,990,8.44
1021,915,8.44
317,48,8.44
1246,786,8.44
1778,1672,8.44
1013,1718,8.44
342,356,8.44
713,1188,8.44
1235,1196,8.44
1676,263,8.44
45,156,8.44
141,65,8.44
333,363,8.44
390,352,8.44
745,794,8.44
1003,990,8.44
22,215,8.44
888,886,8.44
1028,1065,8.44
365,39,8.44
1776,243,8.44
1344,1339,8.44
915,630,8.44
811,858,8.44
357,133,8.44
873,584,8.44
167,152,8.44
350,364,8.44
1084,1171,8.44
202,208,8.44
778,732,8.44
1776,215,8.44
1219,1100,8.44
51,109,8.44
143,75,8.44
89,137,8.43
829,1435,8.43
356,336,8.43
1176,1180,8.43
82,56,8.43
773,1252,8.43
1599,1598,8.43
845,982,8.43
1029,886,8.43
1671,21,8.43
1587,1640,8.43
50,396,8.43
329,44,8.43
633,646,8.43
28,1702,8.43
339,362,8.43
341,633,8.43
808,815,8.43
1210,1184,8.43
757,743,8.43
1425,1767,8.43
359,378,8.43
794,841,8.43
331,338,8.43
393,137,8.43
978,982,8.43
52,318,8.43
370,360,8.43
1259,1249,8.43
1081,1193,8.43
1336,1346,8.43
1181,1425,8.43
45,372,8.43
1663,205,8.42
712,482,8.42
350,610,8.42
77,52,8.42
156,110,8.42
151,197,8.42
779,1181,8.42
363,359,8.42
395,411,8.42
766,760,8.42
372,136,8.42
401,149,8.42
1084,1099,8.42
1338,1306,8.42
602,609,8.42
1109,1121,8.42
1581,851,8.42
156,173,8.42
1216,1176,8.42
334,301,8.42
794,764,8.42
350,131,8.42
316,297,8.42
1298,1311,8.42
49,355,8.42
173,2,8.42
1053,1019,8.42
358,339,8.42
599,613,8.42
1046,1025,8.42
1210,1219,8.42
892,916,8.42
777,794,8.42
331,327,8.42
706,694,8.42
341,313,8.42
1248,1425,8.42
1337,1306,8.42
171,141,8.42
32,293,8.42
520,584,8.41
355,370,8.41
788,719,8.41
355,332,8.41
563,289,8.41
1668,1685,8.41
377,404,8.41
341,376,8.41
1022,1014,8.41
212,212,8.41
1525,709,8.41
1016,915,8.41
152,388,8.41
984,970,8.41
336,598,8.41
900,614,8.41
1259,825,8.41
764,882,8.41
782,792,8.41
1216,1223,8.41
1068,1342,8.41
1027,1331,8.41
377,334,8.41
1711,1713,8.41
158,392,8.41
186,151,8.41
338,328,8.41
1113,1166,8.41
355,626,8.41
544,717,8.41
1343,1074,8.41
433,409,8.41
1363,1771,8.41
642,584,8.41
355,616,8.41
1718,1636,8.41
418,423,8.41
1693,1662,8.41
347,37,8.41
1419,1444,8.41
327,320,8.41
333,32,8.41
519,512,8.41
1339,1347,8.41
1746,1752,8.41
342,143,8.41
1152,529,8.41
167,178,8.4
910,584,8.4
49,363,8.4
1193,1201,8.4
1418,1429,8.4
27,1686,8.4
58,78,8.4
137,372,8.4
1311,1053,8.4
132,363,8.4
1526,706,8.4
42,322,8.4
344,369,8.4
298,301,8.4
1420,1435,8.4
1199,1193,8.4
160,145,8.4
153,110,8.4
1593,1732,8.4
326,330,8.4
159,154,8.4
2,141,8.4
1024,1342,8.4
340,331,8.4
469,706,8.4
991,990,8.4
400,158,8.4
603,598,8.4
75,340,8.4
886,910,8.4
104,584,8.4
141,168,8.4
636,614,8.4
528,584,8.4
26,1686,8.4
357,51,8.4
395,376,8.4
1324,1342,8.4
292,310,8.4
265,1685,8.39
152,144,8.39
584,43,8.39
1041,1038,8.39
749,757,8.39
380,376,8.39
811,760,8.39
342,141,8.39
259,250,8.39
1753,1744,8.39
1175,1106,8.39
1087,1095,8.39
401,410,8.39
616,616,8.39
917,914,8.39
820,584,8.39
402,1658,8.39
336,345,8.39
1255,1446,8.39
1259,1281,8.39
408,393,8.39
1301,1318,8.39
1684,1681,8.39
1301,1273,8.39
1662,1687,8.39
794,779,8.39
709,22,8.39
321,48,8.39
1418,1223,8.39
394,369,8.39
358,378,8.39
359,377,8.39
2,161,8.39
596,614,8.39
1691,1700,8.39
170,390,8.39
74,77,8.39
1658,9,8.39
351,42,8.39
1510,260,8.39
378,336,8.39
336,372,8.39
292,521,8.38
1181,1235,8.38
1628,1074,8.38
741,719,8.38
338,365,8.38
164,142,8.38
1159,1166,8.38
367,371,8.38
173,191,8.38
49,55,8.38
873,882,8.38
1009,908,8.38
1663,1682,8.38
376,53,8.38
762,756,8.38
401,372,8.38
160,402,8.38
782,584,8.38
131,335,8.38
369,366,8.38
291,312,8.38
333,357,8.38
130,400,8.38
348,321,8.38
328,317,8.38
644,638,8.38
982,1004,8.38
770,749,8.38
352,42,8.38
330,292,8.38
1714,1700,8.38
304,304,8.38
161,144,8.38
752,762,8.38
322,316,8.38
1776,163,8.38
1409,1486,8.38
532,719,8.38
1628,1565,8.38
342,363,8.38
35,40,8.38
361,602,8.38
265,1696,8.37
265,1669,8.37
1669,1659,8.37
631,355,8.37
292,324,8.37
145,160,8.37
1640,1593,8.37
897,912,8.37
130,333,8.37
1201,1206,8.37
153,395,8.37
886,892,8.37
562,582,8.37
776,762,8.37
353,628,8.37
1206,1236,8.37
365,138,8.37
661,912,8.37
985,862,8.37
909,1019,8.37
319,332,8.37
398,399,8.37
715,713,8.37
318,598,8.37
325,333,8.37
390,164,8.37
46,351,8.37
326,352,8.37
1747,1778,8.37
371,584,8.37
46,83,8.37
630,611,8.37
602,340,8.37
161,50,8.37
794,747,8.37
806,821,8.37
1205,1180,8.37
337,335,8.37
1361,1306,8.37
261,250,8.37
1329,1318,8.37
75,140,8.37
49,369,8.37
174,145,8.37
1340,1347,8.37
39,309,8.36
223,205,8.36
1275,1277,8.36
1298,1036,8.36
400,369,8.36
374,378,8.36
811,791,8.36
263,491,8.36
371,918,8.36
294,323,8.36
1405,1396,8.36
649,913,8.36
133,144,8.36
47,135,8.36
619,624,8.36
1777,1709,8.36
1198,1757,8.36
398,377,8.36
1001,1040,8.36
1332,1330,8.36
1470,1446,8.36
75,352,8.36
589,590,8.36
1753,1593,8.36
1026,942,8.36
311,340,8.36
771,579,8.36
390,363,8.36
1371,1718,8.36
136,148,8.36
1312,1327,8.36
66,52,8.36
147,411,8.36
745,771,8.36
1662,1697,8.36
1301,986,8.36
153,401,8.36
1698,1747,8.36
370,81,8.36
41,314,8.36
588,578,8.36
1761,1444,8.35
591,132,8.35
871,599,8.35
1628,1628,8.35
1771,1377,8.35
53,116,8.35
52,133,8.35
752,750,8.35
1338,1051,8.35
1096,1081,8.35
24,1658,8.35
855,764,8.35
572,565,8.35
1090,1171,8.35
180,2,8.35
918,655,8.35
712,707,8.35
293,291,8.35
864,767,8.35
41,325,8.35
147,432,8.35
1143,1150,8.35
294,324,8.35
709,411,8.35
869,771,8.35
141,1,8.35
1016,1065,8.35
294,297,8.34
158,1658,8.34
33,304,8.34
776,766,8.34
667,955,8.34
370,143,8.34
26,1675,8.34
1103,1094,8.34
151,358,8.34
1519,1753,8.34
898,886,8.34
607,607,8.34
628,631,8.34
294,318,8.34
1189,1189,8.34
298,310,8.34
1730,1637,8.34
366,52,8.34
161,186,8.34
526,584,8.34
591,562,8.34
1111,1143,8.34
312,521,8.34
437,436,8.34
1409,1406,8.34
1029,878,8.34
46,134,8.34
1328,1335,8.34
1025,911,8.33
1040,1056,8.33
378,145,8.33
130,343,8.33
761,855,8.33
1675,27,8.33
151,336,8.33
934,914,8.33
1095,1081,8.33
406,403,8.33
369,631,8.33
1025,998,8.33
159,53,8.33
794,1259,8.33
1307,1303,8.33
884,985,8.33
1227,1252,8.33
1255,1276,8.33
806,829,8.33
65,59,8.33
421,410,8.33
892,914,8.33
1677,235,8.33
137,365,8.33
1658,169,8.33
1111,1095,8.33
776,726,8.33
148,133,8.33
758,756,8.33
1261,719,8.33
1019,630,8.33
370,389,8.33
50,281,8.33
886,599,8.33
77,66,8.33
566,811,8.32
403,697,8.32
607,587,8.32
154,140,8.32
819,810,8.32
362,377,8.32
687,412,8.32
362,372,8.32
1001,985,8.32
155,148,8.32
1002,914,8.32
110,121,8.32
1659,1660,8.32
901,611,8.32
136,121,8.32
327,338,8.32
598,341,8.32
822,767,8.32
1693,1693,8.32
1002,1016,8.32
746,762,8.32
1761,1399,8.32
34,334,8.32
602,344,8.32
359,48,8.32
1337,1327,8.32
1090,1096,8.32
892,882,8.32
1495,1710,8.32
571,587,8.32
880,862,8.32
371,362,8.32
393,139,8.32
133,355,8.32
56,50,8.31
26,258,8.31
1035,1046,8.31
329,295,8.31
1718,1609,8.31
1188,717,8.31
914,1014,8.31
915,1013,8.31
841,820,8.31
1675,1667,8.31
164,149,8.31
321,43,8.31
321,50,8.31
110,311,8.31
1658,1666,8.31
78,58,8.31
367,913,8.31
1333,1347,8.31
413,152,8.31
360,354,8.31
1027,1324,8.31
1675,235,8.31
368,353,8.31
368,110,8.31
1252,1435,8.31
110,344,8.31
898,916,8.31
125,143,8.31
177,178,8.31
562,786,8.31
342,357,8.31
184,1658,8.31
610,352,8.31
1338,1335,8.31
1430,1428,8.31
1690,1662,8.31
351,379,8.31
1690,1679,8.31
361,351,8.31
1564,1628,8.31
584,758,8.31
1244,1205,8.31
344,628,8.31
367,137,8.31
402,163,8.3
39,314,8.3
775,774,8.3
1681,235,8.3
794,755,8.3
1457,1277,8.3
688,424,8.3
173,177,8.3
1709,1699,8.3
1065,1071,8.3
1328,1775,8.3
1349,1068,8.3
1137,1174,8.3
