o_zone_id,d_zone_id,link_ids,prob_ref,volume_ref,cost_base,source,path_id
1,2,1,1.0,100.0,6.00086,s0_baseline,0.0
1,3,2,1.0,100.0,4.00939,s0_baseline,1.0
1,4,2;6,1.0,500.0,8.32047,s0_baseline,2.0
1,5,2;6;9,1.0,200.0,10.6722,s0_baseline,3.0
1,6,1;4,1.0,300.0,12.5495,s0_baseline,4.0
1,7,2;6;9;13;24;20,0.0155554,7.7777,40.9852,s0_baseline,5.0
1,7,1;4;16;20,0.984445,492.222,33.0024,s0_baseline,6.0
1,8,2;6;9;13;24,0.0155554,12.4443,35.459,s0_baseline,7.0
1,8,1;4;16,0.984445,787.556,27.4762,s0_baseline,8.0
1,9,2;6;9;13,1.0,500.0,20.5802,s0_baseline,9.0
1,10,2;6;10;32,0.00909454,11.8229,28.0067,s0_baseline,10.0
1,10,2;7;36;32,0.00690141,8.97184,33.8759,s0_baseline,11.0
1,10,2;6;9;13;25,0.984004,1279.21,26.3455,s0_baseline,12.0
1,11,2;7;36,0.00690141,3.45071,21.6741,s0_baseline,13.0
1,11,2;6;10,0.993099,496.549,15.8048,s0_baseline,14.0
1,12,2;7,1.0,200.0,8.03337,s0_baseline,15.0
1,13,2;7;37,1.0,500.0,11.0611,s0_baseline,16.0
1,14,2;7;36;34,0.00406006,1.21802,35.6505,s0_baseline,17.0
1,14,2;7;37;39;76;71,0.00632962,1.89888,41.3567,s0_baseline,18.0
1,14,2;6;10;34,0.98961,296.883,29.7812,s0_baseline,19.0
1,15,2;6;10;32;28,0.00909454,4.54727,41.6773,s0_baseline,20.0
1,15,2;7;36;34;41,0.00406006,2.03003,47.8815,s0_baseline,21.0
1,15,2;7;37;39;75;65;67,0.00284135,1.42068,52.9814,s0_baseline,22.0
1,15,2;6;9;13;25;28,0.964237,482.118,40.0162,s0_baseline,23.0
1,15,2;6;10;34;41,0.0197673,9.88363,42.0122,s0_baseline,24.0
1,16,2;6;9;13;25;29,0.00593929,2.96965,46.7275,s0_baseline,25.0
1,16,1;4;16;20;18;55,0.0461315,23.0657,38.2294,s0_baseline,26.0
1,16,2;6;9;13;24;20;18;55,0.0155554,7.7777,46.2121,s0_baseline,27.0
1,16,1;4;16;22,0.932374,466.187,38.1527,s0_baseline,28.0
1,17,2;6;9;13;25;29;49,0.00593929,2.37572,56.0,s0_baseline,29.0
1,17,2;7;36;32;30,0.00284135,1.13654,50.5558,s0_baseline,30.0
1,17,2;6;10;32;30,0.00909454,3.63782,44.6865,s0_baseline,31.0
1,17,2;6;9;13;25;30,0.87598,350.392,43.0254,s0_baseline,32.0
1,17,1;4;16;22;49,0.106144,42.4577,47.4252,s0_baseline,33.0
1,18,1;4;16;22;50,0.00705753,0.705753,41.3235,s0_baseline,34.0
1,18,2;6;9;13;24;20;18,0.0155554,1.55554,43.0433,s0_baseline,35.0
1,18,1;4;16;20;18,0.977387,97.7387,35.0606,s0_baseline,36.0
1,19,2;6;10;34;41;45,0.0131078,3.93235,46.3267,s0_baseline,37.0
1,19,2;6;10;32;28;45,0.00909454,2.72836,45.9918,s0_baseline,38.0
1,19,2;7;37;39;75;65;67;45,0.00284135,0.852405,57.2959,s0_baseline,39.0
1,19,2;7;36;34;41;45,0.00406006,1.21802,52.1959,s0_baseline,40.0
1,19,2;6;9;13;25;28;45,0.964237,289.271,44.3306,s0_baseline,41.0
1,19,1;4;16;22;49;53,0.00665941,1.99782,54.9027,s0_baseline,42.0
1,20,2;6;9;13;24;20;18;56,0.0120671,3.62014,47.3134,s0_baseline,43.0
1,20,1;4;16;22;50;56,0.00705753,2.11726,45.5935,s0_baseline,44.0
1,20,2;6;9;13;25;28;45;59,0.00348826,1.04648,53.7174,s0_baseline,45.0
1,20,1;4;16;20;18;56,0.977387,293.216,39.3306,s0_baseline,46.0
1,21,2;6;10;34;42;72;69,0.0120671,1.20671,54.872,s0_baseline,47.0
1,21,2;6;9;13;25;28;45;59;62,0.00348826,0.348826,61.9785,s0_baseline,48.0
1,21,2;7;37;39;75,0.984445,98.4445,39.8143,s0_baseline,49.0
1,22,2;6;10;34;42;72,0.0120671,4.82685,50.5768,s0_baseline,50.0
1,22,2;7;36;34;42;72,0.00406006,1.62403,56.4461,s0_baseline,51.0
1,22,2;6;9;13;25;28;46,0.00348826,1.39531,49.0015,s0_baseline,52.0
1,22,2;7;37;39;76;72,0.343312,137.325,44.1863,s0_baseline,53.0
1,22,2;7;37;39;75;65,0.637073,254.829,44.1131,s0_baseline,54.0
1,23,2;6;10;34;42,0.0120671,3.62014,38.6809,s0_baseline,55.0
1,23,2;7;36;34;42,0.00406006,1.21802,44.5502,s0_baseline,56.0
1,23,2;7;37;39;76,0.983873,295.162,32.2904,s0_baseline,57.0
1,24,2;7;37;39,1.0,100.0,28.5304,s0_baseline,58.0
2,1,3,1.0,100.0,6.00098,s0_baseline,59.0
2,3,3;2,1.0,100.0,10.0104,s0_baseline,60.0
2,4,3;2;6,0.993341,198.668,14.3214,s0_baseline,61.0
2,4,4;15;11,0.00665941,1.33188,18.4827,s0_baseline,62.0
2,5,3;2;6;9,0.194802,19.4802,16.6732,s0_baseline,63.0
2,5,4;15,0.805198,80.5198,16.1434,s0_baseline,64.0
2,6,4,1.0,400.0,6.54866,s0_baseline,65.0
2,7,3;2;6;9;13;24;20,0.00348826,0.697653,46.9861,s0_baseline,66.0
2,7,4;16;20,0.996512,199.302,27.0016,s0_baseline,67.0
2,8,3;2;6;9;13;24,0.00348826,1.39531,41.4599,s0_baseline,68.0
2,8,4;16,0.996512,398.605,21.4754,s0_baseline,69.0
2,9,3;2;6;9;13,0.194802,38.9603,26.5812,s0_baseline,70.0
2,9,4;15;13,0.805198,161.04,26.0514,s0_baseline,71.0
2,10,3;2;6;10;32,0.00909454,5.45672,34.0077,s0_baseline,72.0
2,10,4;15;13;25,0.782543,469.526,31.8167,s0_baseline,73.0
2,10,3;2;7;36;32,0.00690141,4.14085,39.8769,s0_baseline,74.0
2,10,3;2;6;9;13;25,0.194802,116.881,32.3465,s0_baseline,75.0
2,10,4;16;22;48,0.00665941,3.99565,52.587,s0_baseline,76.0
2,11,3;2;7;36,0.00690141,1.38028,27.6751,s0_baseline,77.0
2,11,3;2;6;10,0.986439,197.288,21.8058,s0_baseline,78.0
2,11,4;15;11;10,0.00665941,1.33188,25.967,s0_baseline,79.0
2,12,3;2;7,1.0,100.0,14.0343,s0_baseline,80.0
2,13,3;2;7;37,1.0,300.0,17.062,s0_baseline,81.0
2,14,3;2;7;36;34,0.00406006,0.406006,41.6514,s0_baseline,82.0
2,14,3;2;6;10;34,0.982951,98.2951,35.7822,s0_baseline,83.0
2,14,3;2;7;37;39;76;71,0.00632962,0.632962,47.3576,s0_baseline,84.0
2,14,4;15;11;10;34,0.00665941,0.665941,39.9434,s0_baseline,85.0
2,15,4;16;20;18;56;61;57,0.0308562,3.08562,46.9407,s0_baseline,86.0
2,15,3;2;6;10;32;28,0.00909454,0.909454,47.6783,s0_baseline,87.0
2,15,3;2;7;36;34;41,0.00406006,0.406006,53.8824,s0_baseline,88.0
2,15,4;15;13;25;28,0.782543,78.2543,45.4873,s0_baseline,89.0
2,15,3;2;6;9;13;25;28,0.163945,16.3945,46.0171,s0_baseline,90.0
2,15,4;16;20;18;56;62;65;67,0.00284135,0.284135,54.758,s0_baseline,91.0
2,15,4;16;22;49;53;57,0.00665941,0.665941,53.2185,s0_baseline,92.0
2,16,4;16;20;18;55,0.0581986,23.2794,32.2285,s0_baseline,93.0
2,16,3;2;6;9;13;24;20;18;55,0.00348826,1.39531,52.2131,s0_baseline,94.0
2,16,4;16;22,0.938313,375.325,32.1519,s0_baseline,95.0
2,17,3;2;7;36;32;30,0.00284135,0.56827,56.5567,s0_baseline,96.0
2,17,3;2;6;9;13;25;30,0.0279893,5.59787,49.0263,s0_baseline,97.0
2,17,4;16;20;18;55;49,0.0308562,6.17123,41.501,s0_baseline,98.0
2,17,4;16;22;49,0.938313,187.663,41.4244,s0_baseline,99.0
2,19,4;16;20;18;56;62;65;67;45,0.00284135,0.284135,59.0724,s0_baseline,100.0
2,19,4;16;20;18;56;61,0.96158,96.158,42.624,s0_baseline,101.0
2,19,4;15;13;25;28;45,0.00893676,0.893676,49.8018,s0_baseline,102.0
2,19,3;2;6;9;13;25;28;45,0.0159222,1.59222,50.3316,s0_baseline,103.0
2,19,4;16;22;49;53,0.0107195,1.07195,48.9018,s0_baseline,104.0
2,20,4;16;22;50;56,0.00705753,0.705753,39.5927,s0_baseline,105.0
2,20,3;2;6;9;13;25;28;45;59,0.00348826,0.348826,59.7184,s0_baseline,106.0
2,20,4;16;20;18;56,0.989454,98.9454,33.3298,s0_baseline,107.0
2,22,3;2;7;37;39;76;72,0.00593929,0.593929,50.1872,s0_baseline,108.0
2,22,3;2;7;37;39;75;65,0.0215285,2.15285,50.1141,s0_baseline,109.0
2,22,4;16;22;50;56;63,0.00705753,0.705753,47.44,s0_baseline,110.0
2,22,4;16;20;18;56;62;65,0.00284135,0.284135,45.8897,s0_baseline,111.0
2,22,3;2;6;9;13;25;28;46,0.00348826,0.348826,55.0025,s0_baseline,112.0
2,22,3;2;6;10;34;42;72,0.0120671,1.20671,56.5778,s0_baseline,113.0
2,22,4;16;20;18;56;63,0.947078,94.7078,41.177,s0_baseline,114.0
3,1,5,1.0,100.0,4.00875,s0_baseline,115.0
3,2,5;1,1.0,100.0,10.0096,s0_baseline,116.0
3,4,6,1.0,200.0,4.31108,s0_baseline,117.0
3,5,6;9,1.0,100.0,6.66282,s0_baseline,118.0
3,6,5;1;4,0.278782,83.6347,16.5583,s0_baseline,119.0
3,6,6;9;12,0.721218,216.365,16.7442,s0_baseline,120.0
3,7,6;9;13;24;20,0.218559,21.8559,36.9758,s0_baseline,121.0
3,7,5;1;4;16;20,0.197581,19.7581,37.0112,s0_baseline,122.0
3,7,6;9;12;16;20,0.58386,58.386,37.1971,s0_baseline,123.0
3,8,5;1;4;16,0.197581,39.5163,31.485,s0_baseline,124.0
3,8,6;9;13;24,0.218559,43.7118,31.4496,s0_baseline,125.0
3,8,6;9;12;16,0.58386,116.772,31.6709,s0_baseline,126.0
3,9,6;9;13,1.0,100.0,16.5708,s0_baseline,127.0
3,10,6;10;32,0.00909454,2.72836,23.9973,s0_baseline,128.0
3,10,7;36;32,0.00690141,2.07042,29.8665,s0_baseline,129.0
3,10,6;9;13;25,0.984004,295.201,22.3361,s0_baseline,130.0
3,11,7;36,0.00690141,2.07042,17.6647,s0_baseline,131.0
3,11,6;10,0.993099,297.93,11.7955,s0_baseline,132.0
3,12,7,1.0,200.0,4.02399,s0_baseline,133.0
3,13,7;37,1.0,100.0,7.05168,s0_baseline,134.0
3,14,7;36;34,0.00406006,0.406006,31.6411,s0_baseline,135.0
3,14,7;37;39;76;71,0.00632962,0.632962,37.3473,s0_baseline,136.0
3,14,6;10;34,0.98961,98.961,25.7718,s0_baseline,137.0
3,15,6;10;32;28,0.00909454,0.909454,37.6679,s0_baseline,138.0
3,15,7;36;34;41,0.00406006,0.406006,43.8721,s0_baseline,139.0
3,15,7;37;39;75;65;67,0.00284135,0.284135,48.972,s0_baseline,140.0
3,15,6;9;13;25;28,0.964237,96.4237,36.0068,s0_baseline,141.0
3,15,6;10;34;41,0.0197673,1.97673,38.0028,s0_baseline,142.0
3,16,6;9;12;16;20;18;55,0.0308562,6.17123,42.424,s0_baseline,143.0
3,16,6;9;13;24;22,0.132464,26.4928,42.1261,s0_baseline,144.0
3,16,6;9;13;25;29,0.0829736,16.5947,42.7182,s0_baseline,145.0
3,16,5;1;4;16;22,0.19474,38.948,42.1615,s0_baseline,146.0
3,16,5;1;4;16;20;18;55,0.00284135,0.56827,42.2381,s0_baseline,147.0
3,16,6;9;13;24;20;18;55,0.0155554,3.11108,42.2027,s0_baseline,148.0
3,16,6;9;12;16;22,0.54057,108.114,42.3474,s0_baseline,149.0
3,17,6;9;13;25;29;49,0.00593929,0.593929,51.9907,s0_baseline,150.0
3,17,6;10;32;30,0.00909454,0.909454,40.6771,s0_baseline,151.0
3,17,5;1;4;16;22;49,0.00406006,0.406006,51.434,s0_baseline,152.0
3,17,7;36;32;30,0.00284135,0.284135,46.5464,s0_baseline,153.0
3,17,6;9;13;25;30,0.971405,97.1405,39.016,s0_baseline,154.0
3,17,6;9;12;16;22;49,0.00665941,0.665941,51.6199,s0_baseline,155.0
3,22,7;36;34;42;72,0.00406006,0.406006,52.4367,s0_baseline,156.0
3,22,7;37;39;76;72,0.343312,34.3312,40.1769,s0_baseline,157.0
3,22,6;10;34;42;72,0.0120671,1.20671,46.5674,s0_baseline,158.0
3,22,6;9;13;25;28;46,0.00348826,0.348826,44.9921,s0_baseline,159.0
3,22,7;37;39;75;65,0.637073,63.7073,40.1038,s0_baseline,160.0
3,23,6;10;34;42,0.0120671,1.20671,34.6716,s0_baseline,161.0
3,23,7;36;34;42,0.00406006,0.406006,40.5408,s0_baseline,162.0
3,23,7;37;39;76,0.983873,98.3873,28.281,s0_baseline,163.0
4,1,8;5,1.0,500.0,8.30349,s0_baseline,164.0
4,2,8;5;1,0.993341,198.668,14.3043,s0_baseline,165.0
4,2,9;12;14,0.00665941,1.33188,19.1363,s0_baseline,166.0
4,3,8,1.0,200.0,4.29473,s0_baseline,167.0
4,5,9,1.0,500.0,2.35174,s0_baseline,168.0
4,6,9;12,1.0,400.0,12.4331,s0_baseline,169.0
4,7,9;13;24;20,0.218559,87.4236,32.6647,s0_baseline,170.0
4,7,9;12;16;20,0.781441,312.576,32.886,s0_baseline,171.0
4,8,9;13;24,0.218559,152.991,27.1385,s0_baseline,172.0
4,8,9;12;16,0.781441,547.009,27.3598,s0_baseline,173.0
4,9,9;13,1.0,700.0,12.2598,s0_baseline,174.0
4,10,10;32,0.0131546,15.7855,19.6862,s0_baseline,175.0
4,10,9;13;25,0.986845,1184.21,18.025,s0_baseline,176.0
4,11,10,1.0,1400.0,7.48438,s0_baseline,177.0
4,12,8;7,1.0,600.0,8.31872,s0_baseline,178.0
4,13,8;7;37,1.0,600.0,11.3464,s0_baseline,179.0
4,14,8;7;37;39;76;71,0.00348826,1.74413,41.642,s0_baseline,180.0
4,14,10;34,0.996512,498.256,21.4607,s0_baseline,181.0
4,15,10;32;28,0.00909454,4.54727,33.3569,s0_baseline,182.0
4,15,9;13;25;28,0.967078,483.539,31.6957,s0_baseline,183.0
4,15,10;34;41,0.0238273,11.9137,33.6917,s0_baseline,184.0
4,16,9;13;24;22,0.132464,105.971,37.815,s0_baseline,185.0
4,16,9;13;25;29,0.115153,92.1221,38.4071,s0_baseline,186.0
4,16,9;12;16;20;18;55,0.0336975,26.958,38.113,s0_baseline,187.0
4,16,9;13;24;20;18;55,0.0155554,12.4443,37.8916,s0_baseline,188.0
4,16,9;12;16;22,0.703131,562.504,38.0363,s0_baseline,189.0
4,17,9;13;25;29;49,0.00593929,2.96965,47.6796,s0_baseline,190.0
4,17,10;32;30,0.00909454,4.54727,36.3661,s0_baseline,191.0
4,17,9;13;25;30,0.974247,487.123,34.7049,s0_baseline,192.0
4,17,9;12;16;22;49,0.0107195,5.35974,47.3088,s0_baseline,193.0
4,18,9;13;25;29;50,0.00593929,0.593929,41.5778,s0_baseline,194.0
4,18,9;12;16;22;50,0.00705753,0.705753,41.2071,s0_baseline,195.0
4,18,9;13;24;20;18,0.21262,21.262,34.7229,s0_baseline,196.0
4,18,9;12;16;20;18,0.774384,77.4384,34.9442,s0_baseline,197.0
4,19,10;32;28;45,0.00909454,1.81891,37.6713,s0_baseline,198.0
4,19,9;13;25;28;45,0.967078,193.416,36.0102,s0_baseline,199.0
4,19,10;34;41;45,0.0171679,3.43358,38.0062,s0_baseline,200.0
4,19,9;12;16;22;49;53,0.00665941,1.33188,54.7862,s0_baseline,201.0
4,20,9;13;24;20;18;56,0.209131,62.7394,38.9929,s0_baseline,202.0
4,20,9;13;25;29;50;56,0.00593929,1.78179,45.8479,s0_baseline,203.0
4,20,9;12;16;22;50;56,0.00705753,2.11726,45.4771,s0_baseline,204.0
4,20,9;13;25;28;45;59,0.00348826,1.04648,45.3969,s0_baseline,205.0
4,20,9;12;16;20;18;56,0.774384,232.315,39.2142,s0_baseline,206.0
4,21,10;34;42;72;69,0.0293011,5.86023,46.5515,s0_baseline,207.0
4,21,9;13;25;28;45;59;62,0.00348826,0.697653,53.658,s0_baseline,208.0
4,21,8;7;37;39;75,0.967211,193.442,40.0997,s0_baseline,209.0
4,22,10;32;28;46,0.00909454,3.63782,42.3422,s0_baseline,210.0
4,22,8;7;37;39;75;65,0.0531124,21.245,44.3985,s0_baseline,211.0
4,22,9;13;25;28;46,0.827258,330.903,40.681,s0_baseline,212.0
4,22,10;34;42;72,0.110535,44.2141,42.2563,s0_baseline,213.0
4,23,8;7;37;39;76,0.126331,63.1653,32.5757,s0_baseline,214.0
4,23,10;34;42,0.873669,436.835,30.3605,s0_baseline,215.0
4,24,10;34;42;73,0.0161272,3.22544,34.1841,s0_baseline,216.0
4,24,8;7;37;39,0.983873,196.775,28.8157,s0_baseline,217.0
5,1,11;8;5,1.0,200.0,10.6428,s0_baseline,218.0
5,2,11;8;5;1,0.18549,18.549,16.6436,s0_baseline,219.0
5,2,12;14,0.81451,81.451,16.7846,s0_baseline,220.0
5,3,11;8,1.0,100.0,6.634,s0_baseline,221.0
5,4,11,1.0,500.0,2.33927,s0_baseline,222.0
5,6,12,1.0,200.0,10.0814,s0_baseline,223.0
5,7,13;24;20,0.218559,43.7118,30.313,s0_baseline,224.0
5,7,12;16;20,0.781441,156.288,30.5343,s0_baseline,225.0
5,8,13;24,0.218559,109.279,24.7868,s0_baseline,226.0
5,8,12;16,0.781441,390.721,25.0081,s0_baseline,227.0
5,9,13,1.0,800.0,9.90803,s0_baseline,228.0
5,10,11;10;32,0.00406006,4.06006,22.0255,s0_baseline,229.0
5,10,13;25,0.99594,995.94,15.6733,s0_baseline,230.0
5,11,11;10,1.0,500.0,9.82365,s0_baseline,231.0
5,12,11;8;7,1.0,200.0,10.658,s0_baseline,232.0
5,13,11;8;7;37,1.0,200.0,13.6857,s0_baseline,233.0
5,14,13;25;28;44,0.00348826,0.348826,41.4963,s0_baseline,234.0
5,14,11;10;34,0.996512,99.6512,23.8,s0_baseline,235.0
5,15,11;10;34;41,0.00406006,0.812013,36.031,s0_baseline,236.0
5,15,13;25;28,0.99594,199.188,29.344,s0_baseline,237.0
5,16,13;24;22,0.132464,66.2319,35.4633,s0_baseline,238.0
5,16,13;25;29,0.115153,57.5763,36.0553,s0_baseline,239.0
5,16,12;16;20;18;55,0.0336975,16.8488,35.7612,s0_baseline,240.0
5,16,13;24;20;18;55,0.0155554,7.7777,35.5399,s0_baseline,241.0
5,16,12;16;22,0.703131,351.565,35.6846,s0_baseline,242.0
5,17,13;25;29;49,0.00593929,1.18786,45.3278,s0_baseline,243.0
5,17,13;25;30,0.983341,196.668,32.3531,s0_baseline,244.0
5,17,12;16;22;49,0.0107195,2.1439,44.9571,s0_baseline,245.0
5,19,11;10;34;41;45,0.00406006,0.406006,40.3455,s0_baseline,246.0
5,19,13;25;28;45,0.989281,98.9281,33.6584,s0_baseline,247.0
5,19,12;16;22;49;53,0.00665941,0.665941,52.4345,s0_baseline,248.0
5,20,13;24;20;18;56,0.209131,20.9131,36.6412,s0_baseline,249.0
5,20,13;25;29;50;56,0.00593929,0.593929,43.4961,s0_baseline,250.0
5,20,12;16;22;50;56,0.00705753,0.705753,43.1254,s0_baseline,251.0
5,20,13;25;28;45;59,0.00348826,0.348826,43.0452,s0_baseline,252.0
5,20,12;16;20;18;56,0.774384,77.4384,36.8625,s0_baseline,253.0
5,21,12;16;20;18;56;62,0.0308562,3.08562,45.1236,s0_baseline,254.0
5,21,11;10;34;42;72;69,0.0293011,2.93011,48.8908,s0_baseline,255.0
5,21,11;8;7;37;39;75,0.840688,84.0688,42.4389,s0_baseline,256.0
5,21,13;25;28;45;59;62,0.00348826,0.348826,51.3063,s0_baseline,257.0
5,21,13;25;28;46;69,0.0956666,9.56666,42.6245,s0_baseline,258.0
5,22,11;10;34;42;72,0.0322986,6.45972,44.5956,s0_baseline,259.0
5,22,11;8;7;37;39;75;65,0.00284135,0.56827,46.7377,s0_baseline,260.0
5,22,13;25;28;46,0.96486,192.972,38.3293,s0_baseline,261.0
5,23,11;8;7;37;39;76,0.126331,12.6331,34.915,s0_baseline,262.0
5,23,11;10;34;42,0.873669,87.3669,32.6997,s0_baseline,263.0
6,1,14;3,1.0,300.0,12.7042,s0_baseline,264.0
6,2,14,1.0,400.0,6.70324,s0_baseline,265.0
6,3,14;3;2,0.342121,102.636,16.7136,s0_baseline,266.0
6,3,15;11;8,0.657879,197.364,16.2287,s0_baseline,267.0
6,4,15;11,1.0,400.0,11.934,s0_baseline,268.0
6,5,15,1.0,200.0,9.59473,s0_baseline,269.0
6,7,15;13;24;20,0.00348826,1.39531,39.9077,s0_baseline,270.0
6,7,16;20,0.996512,398.605,20.4529,s0_baseline,271.0
6,8,15;13;24,0.00348826,2.79061,34.3815,s0_baseline,272.0
6,8,16,0.996512,797.209,14.9267,s0_baseline,273.0
6,9,15;13,1.0,400.0,19.5028,s0_baseline,274.0
6,10,15;11;10;32,0.00406006,3.24805,31.6202,s0_baseline,275.0
6,10,15;13;25,0.989281,791.424,25.268,s0_baseline,276.0
6,10,16;22;48,0.00665941,5.32753,46.0383,s0_baseline,277.0
6,11,15;11;10,1.0,400.0,19.4184,s0_baseline,278.0
6,12,14;3;2;7,0.342121,68.4242,20.7376,s0_baseline,279.0
6,12,15;11;8;7,0.657879,131.576,20.2527,s0_baseline,280.0
6,13,14;3;2;7;37,0.342121,68.4242,23.7653,s0_baseline,281.0
6,13,15;11;8;7;37,0.657879,131.576,23.2804,s0_baseline,282.0
6,14,16;20;18;56;62;66;76;71,0.00284135,0.284135,59.278,s0_baseline,283.0
6,14,14;3;2;7;37;39;76;71,0.00348826,0.348826,54.0609,s0_baseline,284.0
6,14,15;11;10;34,0.99367,99.367,33.3947,s0_baseline,285.0
6,15,16;20;18;56;61;57,0.0308562,6.17123,40.3921,s0_baseline,286.0
6,15,16;20;18;56;62;65;67,0.00284135,0.56827,48.2093,s0_baseline,287.0
6,15,15;13;25;28,0.955583,191.117,38.9387,s0_baseline,288.0
6,15,16;22;49;53;57,0.0107195,2.1439,46.6699,s0_baseline,289.0
6,16,16;20;18;55,0.0581986,52.3787,25.6799,s0_baseline,290.0
6,16,15;13;24;20;18;55,0.00348826,3.13944,45.1346,s0_baseline,291.0
6,16,16;22,0.938313,844.482,25.6032,s0_baseline,292.0
6,17,16;20;18;55;49,0.0429233,21.4617,34.9523,s0_baseline,293.0
6,17,15;13;25;30,0.0187636,9.38178,41.9479,s0_baseline,294.0
6,17,16;22;49,0.938313,469.157,34.8757,s0_baseline,295.0
6,18,16;22;50,0.00705753,0.705753,28.774,s0_baseline,296.0
6,18,15;13;24;20;18,0.00348826,0.348826,41.9658,s0_baseline,297.0
6,18,16;20;18,0.989454,98.9454,22.5111,s0_baseline,298.0
6,19,16;20;18;56;62;65;67;45,0.00284135,0.56827,52.5238,s0_baseline,299.0
6,19,16;20;18;56;61,0.974014,194.803,36.0753,s0_baseline,300.0
6,19,15;13;25;28;45,0.012425,2.48501,43.2532,s0_baseline,301.0
6,19,16;22;49;53,0.0107195,2.1439,42.3531,s0_baseline,302.0
6,20,16;22;50;56,0.00705753,2.11726,33.044,s0_baseline,303.0
6,20,15;13;25;28;45;59,0.00348826,1.04648,52.6399,s0_baseline,304.0
6,20,16;20;18;56,0.989454,296.836,26.7811,s0_baseline,305.0
6,21,16;22;50;56;62,0.00406006,0.406006,41.3051,s0_baseline,306.0
6,21,16;22;50;56;63;69,0.00299747,0.299747,45.1865,s0_baseline,307.0
6,21,15;13;25;28;45;59;62,0.00348826,0.348826,60.901,s0_baseline,308.0
6,21,16;20;18;56;62,0.989454,98.9454,35.0422,s0_baseline,309.0
6,22,15;11;10;34;42;72,0.0120671,2.41343,54.1903,s0_baseline,310.0
6,22,16;22;50;56;63,0.00705753,1.41151,40.8913,s0_baseline,311.0
6,22,16;20;18;56;62;65,0.00284135,0.56827,39.3411,s0_baseline,312.0
6,22,15;13;25;28;46,0.00348826,0.697653,47.924,s0_baseline,313.0
6,22,16;20;18;56;63,0.974546,194.909,34.6284,s0_baseline,314.0
6,23,15;11;8;7;37;39;76,0.107567,10.7567,44.5097,s0_baseline,315.0
6,23,16;20;18;56;62;66;76,0.00284135,0.284135,50.2117,s0_baseline,316.0
6,23,14;3;2;7;37;39;76,0.0159222,1.59222,44.9946,s0_baseline,317.0
6,23,15;11;10;34;42,0.873669,87.3669,42.2945,s0_baseline,318.0
6,24,15;11;8;7;37;39,0.64716,64.716,40.7497,s0_baseline,319.0
6,24,15;11;10;34;42;73,0.00406006,0.406006,46.1181,s0_baseline,320.0
6,24,14;3;2;7;37;39,0.33928,33.928,41.2346,s0_baseline,321.0
6,24,16;20;18;56;62;66,0.00950077,0.950077,46.4517,s0_baseline,322.0
7,1,17;21;23;11;8;5,0.00348826,1.74413,41.7187,s0_baseline,323.0
7,1,17;19;14;3,0.996512,498.256,33.163,s0_baseline,324.0
7,2,17;21;23;11;8;5;1,0.00348826,0.697653,47.7196,s0_baseline,325.0
7,2,17;19;14,0.996512,199.302,27.162,s0_baseline,326.0
7,3,17;19;14;3;2,0.214108,21.4108,37.1724,s0_baseline,327.0
7,3,17;21;23;11;8,0.177946,17.7946,37.71,s0_baseline,328.0
7,3,17;19;15;11;8,0.607946,60.7946,36.6875,s0_baseline,329.0
7,4,17;21;23;11,0.318877,127.551,33.4152,s0_baseline,330.0
7,4,17;19;15;11,0.681123,272.449,32.3928,s0_baseline,331.0
7,5,17;21;23,0.318877,63.7753,31.076,s0_baseline,332.0
7,5,17;19;15,0.681123,136.225,30.0535,s0_baseline,333.0
7,6,17;21;23;12,0.00348826,1.39531,41.1573,s0_baseline,334.0
7,6,17;19,0.996512,398.605,20.4588,s0_baseline,335.0
7,8,17,1.0,1000.0,5.69245,s0_baseline,336.0
7,9,17;21,0.993341,596.004,21.1484,s0_baseline,337.0
7,9,18;55;48;26,0.00665941,3.99565,31.389,s0_baseline,338.0
7,10,17;21;25,0.0659735,125.35,26.9137,s0_baseline,339.0
7,10,18;56;63;67;43,0.00299747,5.69519,36.7713,s0_baseline,340.0
7,10,18;55;48,0.931029,1768.96,25.6621,s0_baseline,341.0
7,11,17;21;25;27,0.0596439,29.8219,39.3969,s0_baseline,342.0
7,11,17;19;15;11;10,0.0654361,32.718,39.8771,s0_baseline,343.0
7,11,18;56;62;66;76;71;40,0.00284135,1.42068,52.9859,s0_baseline,344.0
7,11,17;21;23;11;10,0.00348826,1.74413,40.8996,s0_baseline,345.0
7,11,18;55;48;27,0.86859,434.295,38.1453,s0_baseline,346.0
7,12,17;19;14;3;2;7,0.214108,149.875,41.1964,s0_baseline,347.0
7,12,17;21;23;11;8;7,0.177946,124.563,41.7339,s0_baseline,348.0
7,12,17;19;15;11;8;7,0.607946,425.562,40.7115,s0_baseline,349.0
7,13,17;19;15;11;8;7;37,0.180012,72.0048,43.7392,s0_baseline,350.0
7,13,17;19;14;3;2;7;37,0.00299747,1.19899,44.224,s0_baseline,351.0
7,13,17;21;23;11;8;7;37,0.0257567,10.3027,44.7616,s0_baseline,352.0
7,13,18;56;62;66;74,0.791234,316.493,43.5096,s0_baseline,353.0
7,14,18;56;61;57;44,0.942998,188.6,32.0916,s0_baseline,354.0
7,14,18;56;62;66;76;71,0.00284135,0.56827,38.8251,s0_baseline,355.0
7,14,18;56;63;70;71,0.0475014,9.50028,35.6132,s0_baseline,356.0
7,14,18;55;49;53;57;44,0.00665941,1.33188,38.446,s0_baseline,357.0
7,15,18;56;62;65;67,0.00284135,1.42068,27.7564,s0_baseline,358.0
7,15,18;56;63;67,0.00705753,3.52877,23.0438,s0_baseline,359.0
7,15,18;56;61;57,0.983442,491.721,19.9392,s0_baseline,360.0
7,15,18;55;49;53;57,0.00665941,3.32971,26.2936,s0_baseline,361.0
7,16,18;55,1.0,1400.0,5.22695,s0_baseline,362.0
7,17,17;21;25;30,0.00348826,3.48826,43.5935,s0_baseline,363.0
7,17,18;55;49,0.996512,996.512,14.4994,s0_baseline,364.0
7,18,18,1.0,200.0,2.05815,s0_baseline,365.0
7,19,18;56;63;67;45,0.00299747,1.19899,27.3582,s0_baseline,366.0
7,19,18;56;62;65;67;45,0.00284135,1.13654,32.0709,s0_baseline,367.0
7,19,18;56;61,0.983442,393.377,15.6224,s0_baseline,368.0
7,19,18;55;49;53,0.0107195,4.28779,21.9769,s0_baseline,369.0
7,20,18;56,1.0,500.0,6.32819,s0_baseline,370.0
7,21,18;56;63;69,0.00299747,0.599494,18.4707,s0_baseline,371.0
7,21,18;56;62,0.997003,199.401,14.5893,s0_baseline,372.0
7,22,18;56;62;65,0.00284135,1.42068,18.8881,s0_baseline,373.0
7,22,18;56;63,0.997159,498.579,14.1755,s0_baseline,374.0
7,23,18;56;62;66;76,0.0465972,9.31944,29.7588,s0_baseline,375.0
7,23,18;56;63;70,0.953403,190.681,26.5469,s0_baseline,376.0
7,24,18;56;63;70;73,0.0105458,1.05458,30.3705,s0_baseline,377.0
7,24,18;56;62;66,0.989454,98.9454,25.9988,s0_baseline,378.0
8,1,21;23;11;8;5,0.00348826,2.79061,36.0263,s0_baseline,379.0
8,1,19;14;3,0.996512,797.209,27.4705,s0_baseline,380.0
8,2,21;23;11;8;5;1,0.00348826,1.39531,42.0271,s0_baseline,381.0
8,2,19;14,0.996512,398.605,21.4696,s0_baseline,382.0
8,3,19;14;3;2,0.214108,42.8215,31.4799,s0_baseline,383.0
8,3,21;23;11;8,0.177946,35.5893,32.0175,s0_baseline,384.0
8,3,19;15;11;8,0.607946,121.589,30.995,s0_baseline,385.0
8,4,21;23;11,0.318877,223.214,27.7228,s0_baseline,386.0
8,4,19;15;11,0.681123,476.786,26.7003,s0_baseline,387.0
8,5,21;23,0.318877,159.438,25.3835,s0_baseline,388.0
8,5,19;15,0.681123,340.562,24.361,s0_baseline,389.0
8,6,21;23;12,0.00348826,2.79061,35.4649,s0_baseline,390.0
8,6,19,0.996512,797.209,14.7663,s0_baseline,391.0
8,7,20,1.0,1000.0,5.5262,s0_baseline,392.0
8,9,21,1.0,800.0,15.4559,s0_baseline,393.0
8,10,21;25,0.993341,1589.34,21.2212,s0_baseline,394.0
8,10,22;48,0.00665941,10.6551,31.1116,s0_baseline,395.0
8,11,21;25;27,0.725468,580.374,33.7044,s0_baseline,396.0
8,11,21;23;11;10,0.00348826,2.79061,35.2072,s0_baseline,397.0
8,11,19;15;11;10,0.271044,216.835,34.1847,s0_baseline,398.0
8,12,21;23;11;8;7,0.177946,106.768,36.0415,s0_baseline,399.0
8,12,19;14;3;2;7,0.214108,128.465,35.5039,s0_baseline,400.0
8,12,19;15;11;8;7,0.607946,364.768,35.019,s0_baseline,401.0
8,13,19;14;3;2;7;37,0.214108,128.465,38.5316,s0_baseline,402.0
8,13,21;23;11;8;7;37,0.177946,106.768,39.0692,s0_baseline,403.0
8,13,19;15;11;8;7;37,0.607946,364.768,38.0467,s0_baseline,404.0
8,14,21;25;27;34,0.00406006,1.62403,47.6808,s0_baseline,405.0
8,14,20;18;56;61;57;44,0.942998,377.199,37.6178,s0_baseline,406.0
8,14,22;50;56;63;70;71,0.00299747,1.19899,47.4023,s0_baseline,407.0
8,14,20;18;56;62;66;76;71,0.00284135,1.13654,44.3513,s0_baseline,408.0
8,14,20;18;56;63;70;71,0.0404439,16.1775,41.1394,s0_baseline,409.0
8,14,22;49;53;57;44,0.00665941,2.66377,43.8956,s0_baseline,410.0
8,15,22;50;56;63;67,0.00299747,1.79848,34.8329,s0_baseline,411.0
8,15,20;18;56;62;65;67,0.00284135,1.70481,33.2826,s0_baseline,412.0
8,15,20;18;56;61;57,0.983442,590.065,25.4654,s0_baseline,413.0
8,15,22;49;53;57,0.0107195,6.43169,31.7432,s0_baseline,414.0
8,16,20;18;55,0.0616869,135.711,10.7531,s0_baseline,415.0
8,16,22,0.938313,2064.29,10.6765,s0_baseline,416.0
8,17,20;18;55;49,0.0553572,77.5001,20.0256,s0_baseline,417.0
8,17,21;25;30,0.00632962,8.86146,37.901,s0_baseline,418.0
8,17,22;49,0.938313,1313.64,19.949,s0_baseline,419.0
8,18,22;50,0.00705753,2.11726,13.8473,s0_baseline,420.0
8,18,20;18,0.992942,297.883,7.58435,s0_baseline,421.0
8,19,22;50;56;63;67;45,0.00299747,2.09823,39.1473,s0_baseline,422.0
8,19,20;18;56;62;65;67;45,0.00284135,1.98895,37.5971,s0_baseline,423.0
8,19,20;18;56;61,0.983442,688.409,21.1486,s0_baseline,424.0
8,19,22;49;53,0.0107195,7.50363,27.4264,s0_baseline,425.0
8,20,22;50;56,0.00705753,6.35178,18.1173,s0_baseline,426.0
8,20,20;18;56,0.992942,893.648,11.8544,s0_baseline,427.0
8,21,22;50;56;63;69,0.00299747,1.19899,30.2598,s0_baseline,428.0
8,21,22;50;56;62,0.00406006,1.62403,26.3784,s0_baseline,429.0
8,21,20;18;56;62,0.992942,397.177,20.1155,s0_baseline,430.0
8,22,22;50;56;63,0.00705753,3.52877,25.9646,s0_baseline,431.0
8,22,20;18;56;62;65,0.00284135,1.42068,24.4143,s0_baseline,432.0
8,22,20;18;56;63,0.990101,495.051,19.7017,s0_baseline,433.0
8,23,22;50;56;63;70,0.00705753,2.11726,38.336,s0_baseline,434.0
8,23,20;18;56;62;66;76,0.0465972,13.9792,35.285,s0_baseline,435.0
8,23,20;18;56;63;70,0.946345,283.904,32.0731,s0_baseline,436.0
8,24,22;50;56;63;70;73,0.00705753,1.41151,42.1597,s0_baseline,437.0
8,24,20;18;56;63;70;73,0.00348826,0.697653,35.8967,s0_baseline,438.0
8,24,20;18;56;62;66,0.989454,197.891,31.525,s0_baseline,439.0
9,1,23;11;8;5,1.0,500.0,20.5703,s0_baseline,440.0
9,2,23;11;8;5;1,0.18549,37.098,26.5712,s0_baseline,441.0
9,2,23;12;14,0.81451,162.902,26.7122,s0_baseline,442.0
9,3,23;11;8,1.0,100.0,16.5616,s0_baseline,443.0
9,4,23;11,1.0,700.0,12.2669,s0_baseline,444.0
9,5,23,1.0,800.0,9.92759,s0_baseline,445.0
9,6,23;12,1.0,400.0,20.009,s0_baseline,446.0
9,7,24;20,0.993341,596.004,20.4049,s0_baseline,447.0
9,7,25;29;50;54,0.00665941,3.99565,31.3792,s0_baseline,448.0
9,8,24,1.0,800.0,14.8787,s0_baseline,449.0
9,10,25,1.0,2800.0,5.76528,s0_baseline,450.0
9,11,23;11;10,0.00348826,4.88357,19.7512,s0_baseline,451.0
9,11,25;27,0.996512,1395.12,18.2485,s0_baseline,452.0
9,12,23;11;8;7,0.993341,596.004,20.5856,s0_baseline,453.0
9,12,25;27;33,0.00665941,3.99565,32.0473,s0_baseline,454.0
9,13,23;11;8;7;37,0.993341,596.004,23.6133,s0_baseline,455.0
9,13,25;27;33;37,0.00665941,3.99565,35.075,s0_baseline,456.0
9,14,25;28;44,0.48836,293.016,31.5883,s0_baseline,457.0
9,14,25;27;34,0.51164,306.984,32.2249,s0_baseline,458.0
9,15,25;28,1.0,900.0,19.4359,s0_baseline,459.0
9,16,24;22,0.597578,836.609,25.5552,s0_baseline,460.0
9,16,24;20;18;55,0.0183967,25.7554,25.6319,s0_baseline,461.0
9,16,25;29,0.384025,537.635,26.1473,s0_baseline,462.0
9,17,24;22;49,0.00406006,3.65406,34.8277,s0_baseline,463.0
9,17,25;30,0.983341,885.007,22.4451,s0_baseline,464.0
9,17,25;29;49,0.0125987,11.3388,35.4198,s0_baseline,465.0
9,18,24;22;50,0.00705753,1.41151,28.726,s0_baseline,466.0
9,18,24;20;18,0.96791,193.582,22.4631,s0_baseline,467.0
9,18,25;29;50,0.0250327,5.00653,29.3181,s0_baseline,468.0
9,19,25;28;45,0.993341,397.336,23.7504,s0_baseline,469.0
9,19,25;29;49;53,0.00665941,2.66377,42.8972,s0_baseline,470.0
9,20,24;22;50;56,0.00406006,2.43604,32.996,s0_baseline,471.0
9,20,24;20;18;56,0.964422,578.653,26.7331,s0_baseline,472.0
9,20,25;28;46;68,0.00299747,1.79848,36.1945,s0_baseline,473.0
9,20,25;28;45;59,0.00348826,2.09296,33.1372,s0_baseline,474.0
9,20,25;29;50;56,0.0250327,15.0196,33.5881,s0_baseline,475.0
9,21,24;20;18;56;62,0.0252411,7.57232,34.9942,s0_baseline,476.0
9,21,25;28;45;59;62,0.00348826,1.04648,41.3983,s0_baseline,477.0
9,21,25;28;46;69,0.971271,291.381,32.7165,s0_baseline,478.0
9,22,25;28;46,1.0,700.0,28.4213,s0_baseline,479.0
9,23,25;28;44;42,0.191351,95.6753,40.488,s0_baseline,480.0
9,23,25;28;46;70,0.658838,329.419,40.7927,s0_baseline,481.0
9,23,25;27;34;42,0.149812,74.9058,41.1246,s0_baseline,482.0
9,24,23;11;8;7;37;39,0.957554,191.511,41.0826,s0_baseline,483.0
9,24,25;27;34;42;73,0.0322986,6.45972,44.9482,s0_baseline,484.0
9,24,25;28;46;70;73,0.00348826,0.697653,44.6163,s0_baseline,485.0
9,24,25;28;46;69;66,0.00665941,1.33188,44.1259,s0_baseline,486.0
10,1,27;31;8;5,0.00406006,5.27808,28.3491,s0_baseline,487.0
10,1,26;23;11;8;5,0.99594,1294.72,26.2973,s0_baseline,488.0
10,2,27;31;8;5;1,0.00406006,2.43604,34.3499,s0_baseline,489.0
10,2,26;23;12;14,0.80785,484.71,32.4391,s0_baseline,490.0
10,2,26;23;11;8;5;1,0.18143,108.858,32.2981,s0_baseline,491.0
10,2,29;47;19;14,0.00665941,3.99565,52.4184,s0_baseline,492.0
10,3,27;31;8,0.00406006,1.21802,24.3403,s0_baseline,493.0
10,3,26;23;11;8,0.99594,298.782,22.2885,s0_baseline,494.0
10,4,27;31,0.00406006,4.87208,20.0456,s0_baseline,495.0
10,4,26;23;11,0.99594,1195.13,17.9938,s0_baseline,496.0
10,5,27;31;9,0.00406006,4.06006,22.3973,s0_baseline,497.0
10,5,26;23,0.99594,995.94,15.6545,s0_baseline,498.0
10,6,26;23;12,0.989281,791.424,25.7359,s0_baseline,499.0
10,6,27;31;9;12,0.00406006,3.24805,32.4787,s0_baseline,500.0
10,6,29;47;19,0.00665941,5.32753,45.7152,s0_baseline,501.0
10,7,28;46;68;60;54,0.00299747,5.69519,36.7632,s0_baseline,502.0
10,7,30;52;50;54,0.00909454,17.2796,31.2163,s0_baseline,503.0
10,7,26;24;20,0.0357723,67.9673,26.1319,s0_baseline,504.0
10,7,29;50;54,0.952136,1809.06,25.6139,s0_baseline,505.0
10,8,26;24,0.993341,1589.34,20.6057,s0_baseline,506.0
10,8,29;47,0.00665941,10.6551,30.9489,s0_baseline,507.0
10,9,26,1.0,2800.0,5.72693,s0_baseline,508.0
10,11,27,1.0,4000.0,12.4832,s0_baseline,509.0
10,12,26;23;11;8;7,0.218093,436.185,26.3125,s0_baseline,510.0
10,12,27;33,0.781907,1563.81,26.2821,s0_baseline,511.0
10,13,26;23;11;8;7;37,0.218093,414.376,29.3402,s0_baseline,512.0
10,13,27;33;37,0.781907,1485.62,29.3098,s0_baseline,513.0
10,14,28;44,0.48836,1025.56,25.823,s0_baseline,514.0
10,14,27;34,0.51164,1074.44,26.4596,s0_baseline,515.0
10,15,28,1.0,4000.0,13.6707,s0_baseline,516.0
10,16,30;52,0.0254075,111.793,25.9844,s0_baseline,517.0
10,16,26;24;20;18;55,0.00284135,12.5019,31.3588,s0_baseline,518.0
10,16,28;45;59;60;55,0.00348826,15.3484,34.8135,s0_baseline,519.0
10,16,26;24;22,0.00406006,17.8643,31.2822,s0_baseline,520.0
10,16,29,0.964203,4242.49,20.382,s0_baseline,521.0
10,17,30,0.987401,3850.86,16.6798,s0_baseline,522.0
10,17,29;49,0.0125987,49.135,29.6545,s0_baseline,523.0
10,18,30;52;50,0.00909454,6.36618,29.1552,s0_baseline,524.0
10,18,28;46;68;60,0.00299747,2.09823,34.7021,s0_baseline,525.0
10,18,26;24;20;18,0.0161568,11.3098,28.19,s0_baseline,526.0
10,18,26;24;22;50,0.00406006,2.84204,34.4529,s0_baseline,527.0
10,18,28;45;59;60,0.00348826,2.44179,31.6447,s0_baseline,528.0
10,18,29;50,0.964203,674.942,23.5528,s0_baseline,529.0
10,19,28;45,0.993341,1788.01,17.9851,s0_baseline,530.0
10,19,29;49;53,0.00665941,11.9869,37.132,s0_baseline,531.0
10,20,28;46;68,0.00705753,17.6438,30.4292,s0_baseline,532.0
10,20,28;46;69;64,0.00284135,7.10338,35.1539,s0_baseline,533.0
10,20,28;45;59,0.551327,1378.32,27.3719,s0_baseline,534.0
10,20,29;50;56,0.438774,1096.94,27.8228,s0_baseline,535.0
10,21,28;45;59;62,0.00348826,4.18592,35.633,s0_baseline,536.0
10,21,28;46;69,0.996512,1195.81,26.9512,s0_baseline,537.0
10,22,28;46,1.0,2600.0,22.656,s0_baseline,538.0
10,23,28;44;42,0.191351,344.431,34.7228,s0_baseline,539.0
10,23,28;46;70,0.658838,1185.91,35.0274,s0_baseline,540.0
10,23,27;34;42,0.149812,269.661,35.3593,s0_baseline,541.0
10,24,28;44;42;73,0.105382,84.3052,38.5464,s0_baseline,542.0
10,24,27;34;42;73,0.0930414,74.4331,39.1829,s0_baseline,543.0
10,24,26;23;11;8;7;37;39,0.0124339,9.94715,46.8095,s0_baseline,544.0
10,24,28;46;70;73,0.24468,195.744,38.8511,s0_baseline,545.0
10,24,28;46;69;66,0.544463,435.57,38.3606,s0_baseline,546.0
11,1,31;8;5,0.984246,492.123,15.8658,s0_baseline,547.0
11,1,33;35;5,0.015754,7.87698,21.832,s0_baseline,548.0
11,2,31;8;5;1,0.984246,196.849,21.8667,s0_baseline,549.0
11,2,33;35;5;1,0.00909454,1.81891,27.8329,s0_baseline,550.0
11,2,31;9;12;14,0.00665941,1.33188,26.6987,s0_baseline,551.0
11,3,31;8,0.984246,295.274,11.8571,s0_baseline,552.0
11,3,33;35,0.015754,4.72619,17.8233,s0_baseline,553.0
11,4,31,1.0,1500.0,7.56236,s0_baseline,554.0
11,5,31;9,1.0,500.0,9.9141,s0_baseline,555.0
11,6,31;9;12,1.0,400.0,19.9955,s0_baseline,556.0
11,7,34;42;72;68;60;54,0.0150646,7.5323,48.8791,s0_baseline,557.0
11,7,31;9;12;16;20,0.0571725,28.5862,40.4484,s0_baseline,558.0
11,7,31;9;13;24;20,0.00348826,1.74413,40.2271,s0_baseline,559.0
11,7,32;30;52;50;54,0.00909454,4.54727,43.4181,s0_baseline,560.0
11,7,32;29;50;54,0.91518,457.59,37.8157,s0_baseline,561.0
11,8,31;9;13;24,0.00942756,7.54205,34.7009,s0_baseline,562.0
11,8,32;26;24,0.758639,606.911,32.8075,s0_baseline,563.0
11,8,31;9;12;16,0.225274,180.219,34.9222,s0_baseline,564.0
11,8,32;29;47,0.00665941,5.32753,43.1507,s0_baseline,565.0
11,9,31;9;13,0.00942756,13.1986,19.8221,s0_baseline,566.0
11,9,32;26,0.990572,1386.8,17.9288,s0_baseline,567.0
11,10,32,1.0,3900.0,12.2018,s0_baseline,568.0
11,12,31;8;7,0.0168037,23.5252,15.8811,s0_baseline,569.0
11,12,33,0.983196,1376.47,13.7988,s0_baseline,570.0
11,13,31;8;7;37,0.0168037,16.8037,18.9088,s0_baseline,571.0
11,13,33;37,0.983196,983.196,16.8265,s0_baseline,572.0
11,14,32;28;44,0.00348826,5.58122,38.0249,s0_baseline,573.0
11,14,34,0.996512,1594.42,13.9764,s0_baseline,574.0
11,15,32;28,0.732924,1026.09,25.8725,s0_baseline,575.0
11,15,34;41,0.267076,373.907,26.2074,s0_baseline,576.0
11,16,32;30;52,0.02241,31.374,38.1863,s0_baseline,577.0
11,16,31;9;12;16;22,0.00705753,9.88054,45.5987,s0_baseline,578.0
11,16,31;9;12;16;20;18;55,0.00284135,3.97789,45.6753,s0_baseline,579.0
11,16,31;9;13;24;20;18;55,0.00348826,4.88357,45.454,s0_baseline,580.0
11,16,32;29,0.964203,1349.88,32.5839,s0_baseline,581.0
11,17,34;41;45;58,0.00406006,4.06006,37.8995,s0_baseline,582.0
11,17,32;30,0.983341,983.341,28.8817,s0_baseline,583.0
11,17,32;29;49,0.0125987,12.5987,41.8564,s0_baseline,584.0
11,18,34;41;45;59;60,0.0133155,1.33155,44.1814,s0_baseline,585.0
11,18,32;30;52;50,0.00909454,0.909454,41.357,s0_baseline,586.0
11,18,34;42;72;68;60,0.0191247,1.91247,46.818,s0_baseline,587.0
11,18,31;9;12;16;20;18,0.00284135,0.284135,42.5065,s0_baseline,588.0
11,18,31;9;13;24;20;18,0.00348826,0.348826,42.2852,s0_baseline,589.0
11,18,32;29;50,0.952136,95.2136,35.7546,s0_baseline,590.0
11,19,32;28;45,0.732924,293.169,30.1869,s0_baseline,591.0
11,19,34;41;45,0.267076,106.831,30.5218,s0_baseline,592.0
11,20,32;29;50;56,0.362468,217.481,40.0247,s0_baseline,593.0
11,20,34;42;72;68,0.0322986,19.3792,42.5452,s0_baseline,594.0
11,20,31;9;12;16;20;18;56,0.00284135,1.70481,46.7766,s0_baseline,595.0
11,20,32;28;45;59,0.420753,252.452,39.5737,s0_baseline,596.0
11,20,34;41;45;59,0.181638,108.983,39.9086,s0_baseline,597.0
11,21,32;28;46;69,0.126238,50.4952,39.153,s0_baseline,598.0
11,21,33;37;39;75,0.0152753,6.11012,45.5798,s0_baseline,599.0
11,21,34;42;72;69,0.0848414,33.9366,39.0672,s0_baseline,600.0
11,21,32;28;45;59;62,0.00348826,1.39531,47.8348,s0_baseline,601.0
11,21,34;42;73;75,0.770157,308.063,37.9837,s0_baseline,602.0
11,22,34;41;46,0.171537,188.691,35.1927,s0_baseline,603.0
11,22,32;28;46,0.454531,499.984,34.8578,s0_baseline,604.0
11,22,34;42;72,0.373932,411.325,34.772,s0_baseline,605.0
11,23,31;8;7;37;39;76,0.00348826,4.53474,40.1381,s0_baseline,606.0
11,23,34;42,0.996512,1295.47,22.8761,s0_baseline,607.0
11,24,33;37;39,0.0243698,14.6219,34.2958,s0_baseline,608.0
11,24,31;8;7;37;39,0.00348826,2.09296,36.3781,s0_baseline,609.0
11,24,34;42;73,0.972142,583.285,26.6997,s0_baseline,610.0
12,1,35;5,1.0,200.0,8.03322,s0_baseline,611.0
12,2,35;5;1,1.0,100.0,14.0341,s0_baseline,612.0
12,3,35,1.0,200.0,4.02446,s0_baseline,613.0
12,4,35;6,1.0,600.0,8.33554,s0_baseline,614.0
12,5,35;6;9,1.0,200.0,10.6873,s0_baseline,615.0
12,6,35;5;1;4,0.278782,55.7565,20.5827,s0_baseline,616.0
12,6,35;6;9;12,0.721218,144.243,20.7686,s0_baseline,617.0
12,7,35;5;1;4;16;20,0.197581,138.307,41.0356,s0_baseline,618.0
12,7,35;6;9;13;24;20,0.218559,152.991,41.0002,s0_baseline,619.0
12,7,35;6;9;12;16;20,0.58386,408.702,41.2216,s0_baseline,620.0
12,8,35;5;1;4;16,0.197581,118.549,35.5094,s0_baseline,621.0
12,8,35;6;9;13;24,0.218559,131.135,35.474,s0_baseline,622.0
12,8,35;6;9;12;16,0.58386,350.316,35.6953,s0_baseline,623.0
12,9,35;6;9;13,0.993341,596.004,20.5953,s0_baseline,624.0
12,9,36;32;26,0.00665941,3.99565,31.5695,s0_baseline,625.0
12,10,35;6;9;13;25,0.218429,436.859,26.3606,s0_baseline,626.0
12,10,36;32,0.781571,1563.14,25.8426,s0_baseline,627.0
12,11,35;6;10,0.00348826,4.88357,15.8199,s0_baseline,628.0
12,11,36,0.996512,1395.12,13.6407,s0_baseline,629.0
12,13,37,1.0,1300.0,3.0277,s0_baseline,630.0
12,14,37;39;76;71,0.0187636,13.1345,33.3233,s0_baseline,631.0
12,14,36;34,0.981236,686.866,27.6171,s0_baseline,632.0
12,15,36;32;28,0.597081,417.957,39.5132,s0_baseline,633.0
12,15,37;39;75;65;67,0.00284135,1.98895,44.948,s0_baseline,634.0
12,15,35;6;9;13;25;28,0.182388,127.672,40.0312,s0_baseline,635.0
12,15,36;34;41,0.21769,152.383,39.8481,s0_baseline,636.0
12,16,35;6;9;12;16;20;18;55,0.0308562,21.5993,46.4485,s0_baseline,637.0
12,16,37;39;75;64;60;55,0.0303427,21.2399,47.4253,s0_baseline,638.0
12,16,35;6;9;13;24;22,0.132464,92.7247,46.1505,s0_baseline,639.0
12,16,35;6;9;12;16;22,0.383755,268.629,46.3719,s0_baseline,640.0
12,16,35;6;9;13;25;29,0.0545627,38.1939,46.7426,s0_baseline,641.0
12,16,35;5;1;4;16;20;18;55,0.00284135,1.98895,46.2626,s0_baseline,642.0
12,16,35;6;9;13;24;20;18;55,0.0155554,10.8888,46.2272,s0_baseline,643.0
12,16,35;5;1;4;16;22,0.0161521,11.3065,46.1859,s0_baseline,644.0
12,16,36;32;29,0.33347,233.429,46.2246,s0_baseline,645.0
12,17,36;34;41;45;58,0.00406006,2.43604,51.5402,s0_baseline,646.0
12,17,36;32;30,0.770851,462.511,42.5224,s0_baseline,647.0
12,17,35;6;9;13;25;30,0.21249,127.494,43.0404,s0_baseline,648.0
12,17,35;6;9;13;25;29;49,0.00593929,3.56358,56.0151,s0_baseline,649.0
12,17,36;32;29;49,0.00665941,3.99565,55.4971,s0_baseline,650.0
12,18,35;6;9;12;16;20;18,0.495873,99.1747,43.2797,s0_baseline,651.0
12,18,35;6;9;13;25;29;50,0.00593929,1.18786,49.9134,s0_baseline,652.0
12,18,37;39;75;64;60,0.177004,35.4008,44.2565,s0_baseline,653.0
12,18,35;5;1;4;16;22;50,0.00705753,1.41151,49.3567,s0_baseline,654.0
12,18,35;5;1;4;16;20;18,0.118908,23.7815,43.0938,s0_baseline,655.0
12,18,35;6;9;13;24;20;18,0.188559,37.7118,43.0584,s0_baseline,656.0
12,18,36;32;29;50,0.00665941,1.33188,49.3954,s0_baseline,657.0
12,19,36;32;28;45,0.597081,179.124,43.8277,s0_baseline,658.0
12,19,37;39;75;65;67;45,0.00284135,0.852405,49.2625,s0_baseline,659.0
12,19,35;6;9;13;25;28;45,0.182388,54.7165,44.3457,s0_baseline,660.0
12,19,36;34;41;45,0.21769,65.3069,44.1625,s0_baseline,661.0
12,20,36;34;42;72;68,0.00406006,1.62403,56.1859,s0_baseline,662.0
12,20,37;39;76;72;68,0.0252411,10.0964,43.9261,s0_baseline,663.0
12,20,35;5;1;4;16;22;50;56,0.00299747,1.19899,53.6267,s0_baseline,664.0
12,20,35;6;9;13;25;28;45;59,0.00348826,1.39531,53.7325,s0_baseline,665.0
12,20,37;39;75;64,0.964213,385.685,39.9836,s0_baseline,666.0
12,21,35;6;9;13;25;28;45;59;62,0.00348826,1.04648,61.9936,s0_baseline,667.0
12,21,37;39;76;72;69,0.0120671,3.62014,40.4481,s0_baseline,668.0
12,21,37;39;75,0.984445,295.333,31.7809,s0_baseline,669.0
12,22,36;34;42;72,0.00406006,2.84204,48.4127,s0_baseline,670.0
12,22,37;39;76;72,0.355379,248.765,36.1529,s0_baseline,671.0
12,22,35;6;9;13;25;28;46,0.00348826,2.44179,49.0166,s0_baseline,672.0
12,22,37;39;75;65,0.637073,445.951,36.0798,s0_baseline,673.0
12,23,36;34;42,0.00406006,2.84204,36.5168,s0_baseline,674.0
12,23,37;39;76,0.99594,697.158,24.257,s0_baseline,675.0
12,24,37;39,1.0,500.0,20.497,s0_baseline,676.0
13,1,38;35;5,1.0,500.0,11.0619,s0_baseline,677.0
13,2,38;35;5;1,1.0,300.0,17.0627,s0_baseline,678.0
13,3,38;35,1.0,100.0,7.0531,s0_baseline,679.0
13,4,38;35;6,1.0,600.0,11.3642,s0_baseline,680.0
13,5,38;35;6;9,1.0,200.0,13.7159,s0_baseline,681.0
13,6,38;35;5;1;4,0.278782,55.7565,23.6114,s0_baseline,682.0
13,6,38;35;6;9;12,0.721218,144.243,23.7973,s0_baseline,683.0
13,7,38;35;6;9;12;16;20,0.142571,57.0282,44.2502,s0_baseline,684.0
13,7,38;35;5;1;4;16;20,0.00705753,2.82301,44.0643,s0_baseline,685.0
13,7,38;35;6;9;13;24;20,0.0287293,11.4917,44.0289,s0_baseline,686.0
13,7,39;75;64;60;54,0.821643,328.657,43.2899,s0_baseline,687.0
13,8,38;35;5;1;4;16,0.197581,118.549,38.5381,s0_baseline,688.0
13,8,38;35;6;9;13;24,0.218559,131.135,38.5027,s0_baseline,689.0
13,8,38;35;6;9;12;16,0.58386,350.316,38.724,s0_baseline,690.0
13,9,38;35;6;9;13,0.993341,596.004,23.624,s0_baseline,691.0
13,9,38;36;32;26,0.00665941,3.99565,34.5981,s0_baseline,692.0
13,10,38;35;6;9;13;25,0.218429,415.016,29.3892,s0_baseline,693.0
13,10,38;36;32,0.781571,1484.98,28.8712,s0_baseline,694.0
13,11,38;35;6;10,0.00348826,3.48826,18.8486,s0_baseline,695.0
13,11,38;36,0.996512,996.512,16.6694,s0_baseline,696.0
13,12,38,1.0,1300.0,3.02864,s0_baseline,697.0
13,14,38;36;34,0.231037,138.622,30.6457,s0_baseline,698.0
13,14,39;76;71,0.768963,461.378,30.2956,s0_baseline,699.0
13,15,39;76;71;41,0.0666896,46.6827,42.5266,s0_baseline,700.0
13,15,39;76;72;67,0.239574,167.702,41.9935,s0_baseline,701.0
13,15,38;36;32;28,0.116032,81.2227,42.5419,s0_baseline,702.0
13,15,38;36;34;41,0.00705753,4.94027,42.8767,s0_baseline,703.0
13,15,38;35;6;9;13;25;28,0.0159222,11.1455,43.0599,s0_baseline,704.0
13,15,39;75;65;67,0.554724,388.307,41.9204,s0_baseline,705.0
13,16,39;76;72;68;60;55,0.0120671,7.24028,48.3401,s0_baseline,706.0
13,16,38;35;6;9;13;25;29,0.0191132,11.4679,49.7713,s0_baseline,707.0
13,16,38;35;5;1;4;16;22,0.00705753,4.23452,49.2146,s0_baseline,708.0
13,16,39;75;64;60;55,0.951614,570.969,44.3976,s0_baseline,709.0
13,16,38;35;6;9;13;24;20;18;55,0.00348826,2.09296,49.2558,s0_baseline,710.0
13,16,38;36;32;29,0.00665941,3.99565,49.2532,s0_baseline,711.0
13,17,38;35;6;9;13;25;29;49,0.00593929,2.96965,59.0438,s0_baseline,712.0
13,17,38;36;34;41;45;58,0.00406006,2.03003,54.5689,s0_baseline,713.0
13,17,38;36;32;30,0.770851,385.426,45.551,s0_baseline,714.0
13,17,38;35;6;9;13;25;30,0.21249,106.245,46.0691,s0_baseline,715.0
13,17,39;75;65;67;45;58,0.00665941,3.32971,53.6125,s0_baseline,716.0
13,18,39;76;72;68;60,0.0252411,2.52411,45.1713,s0_baseline,717.0
13,18,38;35;5;1;4;16;22;50,0.00705753,0.705753,52.3853,s0_baseline,718.0
13,18,38;35;6;9;13;24;20;18,0.00348826,0.348826,46.087,s0_baseline,719.0
13,18,39;75;64;60,0.964213,96.4213,41.2288,s0_baseline,720.0
13,19,39;76;71;41;45,0.0666896,20.0069,46.8411,s0_baseline,721.0
13,19,39;75;64;61,0.0284109,8.52327,46.2502,s0_baseline,722.0
13,19,39;76;72;67;45,0.239574,71.8722,46.3079,s0_baseline,723.0
13,19,38;36;32;28;45,0.116032,34.8097,46.8563,s0_baseline,724.0
13,19,38;36;34;41;45,0.00705753,2.11726,47.1912,s0_baseline,725.0
13,19,38;35;6;9;13;25;28;45,0.0159222,4.77666,47.3743,s0_baseline,726.0
13,19,39;75;65;67;45,0.526313,157.894,46.2348,s0_baseline,727.0
13,20,38;36;34;42;72;68,0.00406006,2.43604,59.2146,s0_baseline,728.0
13,20,39;76;72;68,0.0282385,16.9431,40.8984,s0_baseline,729.0
13,20,38;35;6;9;13;25;28;45;59,0.00348826,2.09296,56.7611,s0_baseline,730.0
13,20,39;75;64,0.964213,578.528,36.9559,s0_baseline,731.0
13,21,39;76;72;69,0.0120671,7.24028,37.4204,s0_baseline,732.0
13,21,39;75,0.987933,592.76,28.7532,s0_baseline,733.0
13,22,38;36;34;42;72,0.00406006,5.27808,51.4413,s0_baseline,734.0
13,22,39;76;72,0.358867,466.527,33.1252,s0_baseline,735.0
13,22,39;75;65,0.637073,828.195,33.0521,s0_baseline,736.0
13,23,38;36;34;42,0.00406006,3.24805,39.5455,s0_baseline,737.0
13,23,39;76,0.99594,796.752,21.2293,s0_baseline,738.0
13,24,39,1.0,800.0,17.4693,s0_baseline,739.0
14,1,40;33;35;5,0.00909454,2.72836,35.9928,s0_baseline,740.0
14,1,42;73;74;38;35;5,0.00705753,2.11726,41.296,s0_baseline,741.0
14,1,41;43;26;23;11;8;5,0.00348826,1.04648,52.2558,s0_baseline,742.0
14,1,40;31;8;5,0.98036,294.108,30.0266,s0_baseline,743.0
14,2,40;33;35;5;1,0.00909454,0.909454,41.9937,s0_baseline,744.0
14,2,42;73;74;38;35;5;1,0.00705753,0.705753,47.2969,s0_baseline,745.0
14,2,40;31;8;5;1,0.9737,97.37,36.0275,s0_baseline,746.0
14,2,41;43;26;23;11;8;5;1,0.00348826,0.348826,58.2566,s0_baseline,747.0
14,2,40;31;9;12;14,0.00665941,0.665941,40.8595,s0_baseline,748.0
14,3,40;33;35,0.00909454,0.909454,31.9841,s0_baseline,749.0
14,3,42;73;74;38;35,0.00705753,0.705753,37.2873,s0_baseline,750.0
14,3,41;43;26;23;11;8,0.00348826,0.348826,48.247,s0_baseline,751.0
14,3,40;31;8,0.98036,98.036,26.0179,s0_baseline,752.0
14,4,41;43;26;23;11,0.00348826,1.74413,43.9523,s0_baseline,753.0
14,4,40;31,0.996512,498.256,21.7231,s0_baseline,754.0
14,5,41;43;26;23,0.00348826,0.348826,41.613,s0_baseline,755.0
14,5,40;31;9,0.996512,99.6512,24.0749,s0_baseline,756.0
14,6,42;73;74;38;35;5;1;4,0.00299747,0.299747,53.8455,s0_baseline,757.0
14,6,41;43;26;23;12,0.00348826,0.348826,51.6944,s0_baseline,758.0
14,6,40;31;9;12,0.993514,99.3514,34.1562,s0_baseline,759.0
14,7,42;72;68;60;54,0.0541037,10.8208,34.9028,s0_baseline,760.0
14,7,42;73;75;64;60;54,0.00284135,0.56827,38.5439,s0_baseline,761.0
14,7,41;45;59;60;54,0.936395,187.279,32.2662,s0_baseline,762.0
14,7,41;45;58;52;50;54,0.00665941,1.33188,38.4596,s0_baseline,763.0
14,8,42;72;68;60;54;17,0.0541037,21.6415,40.5952,s0_baseline,764.0
14,8,42;73;75;64;60;54;17,0.00284135,1.13654,44.2364,s0_baseline,765.0
14,8,41;45;59;60;54;17,0.936395,374.558,37.9586,s0_baseline,766.0
14,8,41;45;58;52;47,0.00665941,2.66377,43.7946,s0_baseline,767.0
14,9,41;43;26,0.556621,333.972,31.6854,s0_baseline,768.0
14,9,40;32;26,0.443379,266.028,32.0895,s0_baseline,769.0
14,10,41;43,0.556621,1168.9,25.9585,s0_baseline,770.0
14,10,40;32,0.443379,931.097,26.3626,s0_baseline,771.0
14,11,41;43;27,0.00348826,5.58122,38.4417,s0_baseline,772.0
14,11,40,0.996512,1594.42,14.1608,s0_baseline,773.0
14,12,42;73;74;38,0.0324401,22.7081,33.2628,s0_baseline,774.0
14,12,41;43;26;23;11;8;7,0.00348826,2.44179,52.271,s0_baseline,775.0
14,12,40;33,0.964072,674.85,27.9596,s0_baseline,776.0
14,13,40;33;37,0.218073,130.844,30.9873,s0_baseline,777.0
14,13,42;73;74,0.781927,469.156,30.2342,s0_baseline,778.0
14,15,42;72;67,0.00284135,3.69376,29.6639,s0_baseline,779.0
14,15,41,0.997159,1296.31,12.231,s0_baseline,780.0
14,16,42;72;68;60;55,0.0282385,19.767,36.0105,s0_baseline,781.0
14,16,42;73;75;64;60;55,0.00284135,1.98895,39.6516,s0_baseline,782.0
14,16,41;45;59;60;55,0.0539218,37.7452,33.3739,s0_baseline,783.0
14,16,41;45;58;52,0.914998,640.499,33.2277,s0_baseline,784.0
14,17,40;32;30,0.00284135,1.98895,43.0424,s0_baseline,785.0
14,17,41;43;30,0.00348826,2.44179,42.6383,s0_baseline,786.0
14,17,41;45;58,0.99367,695.569,23.9231,s0_baseline,787.0
14,18,42;73;75;64;60,0.00284135,0.284135,36.4828,s0_baseline,788.0
14,18,42;72;68;60,0.0541037,5.41038,32.8417,s0_baseline,789.0
14,18,41;45;59;60,0.936395,93.6395,30.2051,s0_baseline,790.0
14,18,41;45;58;52;50,0.00665941,0.665941,36.3985,s0_baseline,791.0
14,19,42;72;67;45,0.00284135,0.852405,33.9783,s0_baseline,792.0
14,19,41;45,0.997159,299.148,16.5455,s0_baseline,793.0
14,20,42;72;68,0.0541037,27.0519,28.5688,s0_baseline,794.0
14,20,42;73;75;64,0.00284135,1.42068,32.21,s0_baseline,795.0
14,20,41;45;59,0.943055,471.527,25.9322,s0_baseline,796.0
14,21,42;72;69,0.0848414,33.9366,25.0908,s0_baseline,797.0
14,21,41;46;69,0.0490835,19.6334,25.5115,s0_baseline,798.0
14,21,41;45;59;62,0.00348826,1.39531,34.1933,s0_baseline,799.0
14,21,42;73;75,0.862587,345.035,24.0073,s0_baseline,800.0
14,22,41;46,0.434088,520.906,21.2163,s0_baseline,801.0
14,22,42;72,0.565912,679.094,20.7956,s0_baseline,802.0
14,23,42,1.0,1100.0,8.89973,s0_baseline,803.0
14,24,42;73,1.0,400.0,12.7233,s0_baseline,804.0
15,1,43;27;31;8;5,0.00406006,2.03003,42.0766,s0_baseline,805.0
15,1,44;40;31;8;5,0.0496595,24.8297,42.179,s0_baseline,806.0
15,1,43;26;23;11;8;5,0.939621,469.811,40.0248,s0_baseline,807.0
15,1,44;40;33;35;5,0.00665941,3.32971,48.1452,s0_baseline,808.0
15,2,43;26;23;12;14,0.805009,80.5009,46.1666,s0_baseline,809.0
15,2,43;27;31;8;5;1,0.00406006,0.406006,48.0774,s0_baseline,810.0
15,2,44;40;31;8;5;1,0.0280824,2.80824,48.1799,s0_baseline,811.0
15,2,43;26;23;11;8;5;1,0.156189,15.6189,46.0256,s0_baseline,812.0
15,2,45;58;52;47;19;14,0.00665941,0.665941,53.0331,s0_baseline,813.0
15,3,43;27;31;8,0.00406006,0.406006,38.0678,s0_baseline,814.0
15,3,44;40;31;8,0.0496595,4.96595,38.1702,s0_baseline,815.0
15,3,43;26;23;11;8,0.939621,93.9621,36.016,s0_baseline,816.0
15,3,44;40;33;35,0.00665941,0.665941,44.1364,s0_baseline,817.0
15,4,43;27;31,0.00406006,2.03003,33.7731,s0_baseline,818.0
15,4,43;26;23;11,0.939621,469.811,31.7213,s0_baseline,819.0
15,4,44;40;31,0.0563189,28.1595,33.8755,s0_baseline,820.0
15,5,43;27;31;9,0.00406006,0.812013,36.1248,s0_baseline,821.0
15,5,44;40;31;9,0.00284135,0.56827,36.2272,s0_baseline,822.0
15,5,43;26;23,0.993099,198.62,29.382,s0_baseline,823.0
15,6,43;27;31;9;12,0.00406006,0.812013,46.2062,s0_baseline,824.0
15,6,46;69;64;60;54;17;19,0.00284135,0.56827,48.2759,s0_baseline,825.0
15,6,43;26;23;12,0.986439,197.288,39.4634,s0_baseline,826.0
15,6,45;58;52;47;19,0.00665941,1.33188,46.3299,s0_baseline,827.0
15,7,46;68;60;54,0.00299747,1.49873,23.0925,s0_baseline,828.0
15,7,46;69;64;60;54,0.00284135,1.42068,27.8172,s0_baseline,829.0
15,7,45;59;60;54,0.983442,491.721,20.0352,s0_baseline,830.0
15,7,45;58;52;50;54,0.0107195,5.35974,26.2286,s0_baseline,831.0
15,8,46;69;64;60;54;17,0.00284135,1.70481,33.5096,s0_baseline,832.0
15,8,46;68;60;54;17,0.00299747,1.79848,28.785,s0_baseline,833.0
15,8,45;59;60;54;17,0.983442,590.065,25.7276,s0_baseline,834.0
15,8,45;58;52;47,0.0107195,6.43169,31.5636,s0_baseline,835.0
15,9,43;26,1.0,1000.0,19.4544,s0_baseline,836.0
15,10,43,1.0,4000.0,13.7275,s0_baseline,837.0
15,11,43;27,0.606918,849.685,26.2107,s0_baseline,838.0
15,11,44;40,0.393082,550.315,26.3131,s0_baseline,839.0
15,12,44;42;73;74;38,0.0120671,8.44699,45.4152,s0_baseline,840.0
15,12,46;69;66;74;38,0.00593929,4.1575,45.2295,s0_baseline,841.0
15,12,43;27;33,0.536562,375.593,40.0095,s0_baseline,842.0
15,12,43;26;23;11;8;7,0.0827904,57.9533,40.04,s0_baseline,843.0
15,12,44;40;33,0.362642,253.849,40.112,s0_baseline,844.0
15,13,46;70;73;74,0.169576,118.703,42.6912,s0_baseline,845.0
15,13,44;40;33;37,0.0671581,47.0107,43.1397,s0_baseline,846.0
15,13,44;42;73;74,0.0760794,53.2556,42.3865,s0_baseline,847.0
15,13,43;27;33;37,0.137928,96.5493,43.0372,s0_baseline,848.0
15,13,43;26;23;11;8;7;37,0.0159222,11.1455,43.0677,s0_baseline,849.0
15,13,46;69;66;74,0.533337,373.336,42.2008,s0_baseline,850.0
15,14,44,1.0,1300.0,12.1524,s0_baseline,851.0
15,16,46;68;60;55,0.00299747,3.59696,24.2002,s0_baseline,852.0
15,16,46;69;64;60;55,0.00284135,3.40962,28.9249,s0_baseline,853.0
15,16,45;59;60;55,0.0659889,79.1867,21.1429,s0_baseline,854.0
15,16,45;58;52,0.928172,1113.81,20.9967,s0_baseline,855.0
15,17,43;30,0.00348826,5.2324,30.4073,s0_baseline,856.0
15,17,45;58,0.996512,1494.77,11.6921,s0_baseline,857.0
15,18,46;68;60,0.00299747,0.599494,21.0314,s0_baseline,858.0
15,18,46;69;64;60,0.00284135,0.56827,25.7561,s0_baseline,859.0
15,18,45;59;60,0.983442,196.688,17.9741,s0_baseline,860.0
15,18,45;58;52;50,0.0107195,2.1439,24.1675,s0_baseline,861.0
15,19,45,1.0,800.0,4.31446,s0_baseline,862.0
15,20,46;68,0.00705753,7.76328,16.7586,s0_baseline,863.0
15,20,46;69;64,0.00284135,3.12549,21.4832,s0_baseline,864.0
15,20,45;59,0.990101,1089.11,13.7012,s0_baseline,865.0
15,21,45;59;62,0.00348826,2.79061,21.9624,s0_baseline,866.0
15,21,46;69,0.996512,797.209,13.2805,s0_baseline,867.0
15,22,46,1.0,2600.0,8.98534,s0_baseline,868.0
15,23,44;42,0.327445,327.445,21.0521,s0_baseline,869.0
15,23,46;70,0.672555,672.555,21.3568,s0_baseline,870.0
15,24,44;42;73,0.17797,71.1878,24.8757,s0_baseline,871.0
15,24,46;70;73,0.251738,100.695,25.1804,s0_baseline,872.0
15,24,46;69;66,0.570293,228.117,24.69,s0_baseline,873.0
16,1,50;54;17;19;14;3,0.0662556,33.1278,38.3948,s0_baseline,874.0
16,1,50;54;17;21;23;11;8;5,0.00348826,1.74413,46.9506,s0_baseline,875.0
16,1,47;19;14;3,0.930256,465.128,38.0374,s0_baseline,876.0
16,2,50;54;17;19;14,0.0662556,26.5022,32.3939,s0_baseline,877.0
16,2,50;54;17;21;23;11;8;5;1,0.00348826,1.39531,52.9514,s0_baseline,878.0
16,2,47;19;14,0.930256,372.102,32.0364,s0_baseline,879.0
16,3,48;26;23;11;8,0.0774789,15.4958,42.7236,s0_baseline,880.0
16,3,50;54;17;19;15;11;8,0.0326023,6.52045,41.9194,s0_baseline,881.0
16,3,47;21;23;11;8,0.0849122,16.9824,42.5843,s0_baseline,882.0
16,3,47;19;14;3;2,0.211266,42.2532,42.0467,s0_baseline,883.0
16,3,50;54;17;21;23;11;8,0.0155554,3.11108,42.9418,s0_baseline,884.0
16,3,50;54;17;19;14;3;2,0.00284135,0.56827,42.4042,s0_baseline,885.0
16,3,47;19;15;11;8,0.575344,115.069,41.5619,s0_baseline,886.0
16,4,48;26;23;11,0.0774789,61.9831,38.4289,s0_baseline,887.0
16,4,47;21;23;11,0.225842,180.674,38.2896,s0_baseline,888.0
16,4,50;54;17;19;15;11,0.0354436,28.3549,37.6246,s0_baseline,889.0
16,4,50;54;17;21;23;11,0.0155554,12.4443,38.6471,s0_baseline,890.0
16,4,47;19;15;11,0.64568,516.544,37.2671,s0_baseline,891.0
16,5,48;26;23,0.0774789,38.7395,36.0896,s0_baseline,892.0
16,5,47;21;23,0.225842,112.921,35.9503,s0_baseline,893.0
16,5,50;54;17;19;15,0.0354436,17.7218,35.2854,s0_baseline,894.0
16,5,50;54;17;21;23,0.0155554,7.7777,36.3078,s0_baseline,895.0
16,5,47;19;15,0.64568,322.84,34.9279,s0_baseline,896.0
16,6,50;54;17;19,0.0662556,59.63,25.6906,s0_baseline,897.0
16,6,50;54;17;21;23;12,0.00348826,3.13944,46.3892,s0_baseline,898.0
16,6,47;19,0.930256,837.231,25.3331,s0_baseline,899.0
16,7,50;54,1.0,1400.0,5.23187,s0_baseline,900.0
16,8,50;54;17,0.0697438,153.436,10.9243,s0_baseline,901.0
16,8,47,0.930256,2046.56,10.5668,s0_baseline,902.0
16,9,47;21,0.595107,833.15,26.0227,s0_baseline,903.0
16,9,50;54;17;21,0.0183967,25.7554,26.3802,s0_baseline,904.0
16,9,48;26,0.386496,541.095,26.162,s0_baseline,905.0
16,10,49;51,0.00705753,31.0531,25.7069,s0_baseline,906.0
16,10,50;54;17;21;25,0.00284135,12.5019,32.1455,s0_baseline,907.0
16,10,50;56;61;57;43,0.00348826,15.3484,34.7793,s0_baseline,908.0
16,10,48,0.986613,4341.1,20.4351,s0_baseline,909.0
16,11,49;51;27,0.00406006,5.68409,38.1902,s0_baseline,910.0
16,11,47;19;15;11;10,0.00299747,4.19646,44.7515,s0_baseline,911.0
16,11,50;56;62;66;76;71;40,0.00284135,3.97789,54.0985,s0_baseline,912.0
16,11,50;54;17;21;23;11;10,0.00348826,4.88357,46.1315,s0_baseline,913.0
16,11,48;27,0.986613,1381.26,32.9183,s0_baseline,914.0
16,12,50;56;62;66;74;38,0.049601,34.7207,47.6508,s0_baseline,915.0
16,12,47;21;23;11;8;7,0.0758176,53.0723,46.6083,s0_baseline,916.0
16,12,47;19;15;11;8;7,0.479874,335.912,45.5859,s0_baseline,917.0
16,12,50;54;17;19;15;11;8;7,0.0326023,22.8216,45.9433,s0_baseline,918.0
16,12,48;26;23;11;8;7,0.0206394,14.4476,46.7476,s0_baseline,919.0
16,12,49;51;27;33,0.00406006,2.84204,51.989,s0_baseline,920.0
16,12,47;19;14;3;2;7,0.0639127,44.7389,46.0707,s0_baseline,921.0
16,12,50;54;17;19;14;3;2;7,0.00284135,1.98895,46.4282,s0_baseline,922.0
16,12,50;54;17;21;23;11;8;7,0.0155554,10.8888,46.9658,s0_baseline,923.0
16,12,48;27;33,0.255097,178.568,46.7172,s0_baseline,924.0
16,13,49;51;27;33;37,0.00406006,2.43604,55.0167,s0_baseline,925.0
16,13,47;19;14;3;2;7;37,0.00299747,1.79848,49.0984,s0_baseline,926.0
16,13,50;56;63;70;73;74,0.00348826,2.09296,48.994,s0_baseline,927.0
16,13,50;56;62;66;74,0.9737,584.22,44.6222,s0_baseline,928.0
16,13,48;27;33;37,0.015754,9.45237,49.7449,s0_baseline,929.0
16,14,50;56;62;66;76;71,0.00284135,1.98895,39.9377,s0_baseline,930.0
16,14,50;56;61;57;44,0.0467696,32.7387,33.2042,s0_baseline,931.0
16,14,50;56;63;70;71,0.0434413,30.4089,36.7258,s0_baseline,932.0
16,14,49;53;57;44,0.906948,634.863,33.2191,s0_baseline,933.0
16,15,50;56;63;67,0.00299747,3.59696,24.1564,s0_baseline,934.0
16,15,50;56;62;65;67,0.00284135,3.40962,28.869,s0_baseline,935.0
16,15,50;56;61;57,0.0502578,60.3094,21.0518,s0_baseline,936.0
16,15,49;53;57,0.943903,1132.68,21.0667,s0_baseline,937.0
16,17,50;56;61;57;43;30,0.00348826,9.76714,51.4591,s0_baseline,938.0
16,17,49,0.996512,2790.23,9.27249,s0_baseline,939.0
16,18,50,1.0,500.0,3.17076,s0_baseline,940.0
16,19,50;56;63;67;45,0.00299747,3.89671,28.4708,s0_baseline,941.0
16,19,50;56;62;65;67;45,0.00284135,3.69376,33.1835,s0_baseline,942.0
16,19,50;56;61,0.0502578,65.3352,16.735,s0_baseline,943.0
16,19,49;53,0.943903,1227.07,16.7499,s0_baseline,944.0
16,20,50;56,1.0,1600.0,7.4408,s0_baseline,945.0
16,21,50;56;63;69,0.00299747,1.79848,19.5833,s0_baseline,946.0
16,21,50;56;62,0.990343,594.206,15.7019,s0_baseline,947.0
16,21,49;53;57;46;69,0.00665941,3.99565,34.3472,s0_baseline,948.0
16,22,50;56;62;65,0.00284135,3.40962,20.0008,s0_baseline,949.0
16,22,50;56;63,0.990499,1188.6,15.2881,s0_baseline,950.0
16,22,49;53;57;46,0.00665941,7.9913,30.052,s0_baseline,951.0
16,23,50;56;62;66;76,0.0465972,23.2986,30.8714,s0_baseline,952.0
16,23,50;56;63;70,0.946743,473.372,27.6595,s0_baseline,953.0
16,23,49;53;57;46;70,0.00665941,3.32971,42.4235,s0_baseline,954.0
16,24,50;56;62;66,0.982795,294.838,27.1114,s0_baseline,955.0
16,24,50;56;63;70;73,0.0105458,3.16374,31.4831,s0_baseline,956.0
16,24,49;53;57;46;69;66,0.00665941,1.99782,45.7567,s0_baseline,957.0
17,1,51;27;31;8;5,0.00406006,1.62403,44.7835,s0_baseline,958.0
17,1,51;26;23;11;8;5,0.94323,377.292,42.7317,s0_baseline,959.0
17,1,52;47;19;14;3,0.0527096,21.0838,47.342,s0_baseline,960.0
17,2,52;50;54;17;19;14,0.0513471,10.2694,41.6985,s0_baseline,961.0
17,2,51;26;23;12;14,0.00284135,0.56827,48.8736,s0_baseline,962.0
17,2,51;26;23;11;8;5;1,0.0279893,5.59787,48.7326,s0_baseline,963.0
17,2,52;47;19;14,0.917822,183.564,41.341,s0_baseline,964.0
17,3,51;27;31;8,0.00406006,0.406006,40.7748,s0_baseline,965.0
17,3,51;26;23;11;8,0.989281,98.9281,38.723,s0_baseline,966.0
17,3,52;47;19;15;11;8,0.00665941,0.665941,50.8665,s0_baseline,967.0
17,4,51;27;31,0.00406006,2.03003,36.48,s0_baseline,968.0
17,4,51;26;23;11,0.989281,494.64,34.4282,s0_baseline,969.0
17,4,52;47;19;15;11,0.00665941,3.32971,46.5717,s0_baseline,970.0
17,5,51;27;31;9,0.00406006,0.812013,38.8318,s0_baseline,971.0
17,5,51;26;23,0.989281,197.856,32.089,s0_baseline,972.0
17,5,52;47;19;15,0.00665941,1.33188,44.2325,s0_baseline,973.0
17,6,52;50;54;17;19,0.0634142,31.7071,34.9952,s0_baseline,974.0
17,6,51;26;23;12,0.00632962,3.16481,42.1703,s0_baseline,975.0
17,6,52;47;19,0.930256,465.128,34.6377,s0_baseline,976.0
17,7,51;26;24;20,0.00348826,3.48826,42.5663,s0_baseline,977.0
17,7,52;50;54,0.996512,996.512,14.5365,s0_baseline,978.0
17,8,52;50;54;17,0.0634142,88.7799,20.2289,s0_baseline,979.0
17,8,51;26;24,0.00632962,8.86146,37.0401,s0_baseline,980.0
17,8,52;47,0.930256,1302.36,19.8714,s0_baseline,981.0
17,9,51;26,0.993341,894.007,22.1614,s0_baseline,982.0
17,9,52;48;26,0.00665941,5.99347,35.4666,s0_baseline,983.0
17,10,51,0.993341,3874.03,16.4344,s0_baseline,984.0
17,10,52;48,0.00665941,25.9717,29.7397,s0_baseline,985.0
17,11,51;27,0.993341,993.341,28.9177,s0_baseline,986.0
17,11,52;48;27,0.00665941,6.65941,42.2229,s0_baseline,987.0
17,12,51;27;33,0.775248,465.149,42.7165,s0_baseline,988.0
17,12,51;26;23;11;8;7,0.218093,130.856,42.7469,s0_baseline,989.0
17,12,52;48;27;33,0.00665941,3.99565,56.0218,s0_baseline,990.0
17,13,53;57;44;42;73;74,0.0120671,6.03357,54.1807,s0_baseline,991.0
17,13,51;26;23;11;8;7;37,0.200086,100.043,45.7746,s0_baseline,992.0
17,13,51;27;33;37,0.775248,387.624,45.7442,s0_baseline,993.0
17,13,53;57;46;69;66;74,0.0125987,6.29935,53.995,s0_baseline,994.0
17,14,51;27;34,0.00299747,2.09823,42.894,s0_baseline,995.0
17,14,51;28;44,0.00348826,2.44179,42.2575,s0_baseline,996.0
17,14,53;57;44,0.993514,695.46,23.9466,s0_baseline,997.0
17,15,51;28,0.00348826,5.2324,30.1051,s0_baseline,998.0
17,15,53;57,0.996512,1494.77,11.7942,s0_baseline,999.0
17,16,51;28;45;59;60;55,0.00348826,9.76714,51.2479,s0_baseline,1000.0
17,16,52,0.996512,2790.23,9.3046,s0_baseline,1001.0
17,18,51;28;45;59;60,0.00348826,2.09296,48.0792,s0_baseline,1002.0
17,18,52;50,0.996512,597.907,12.4754,s0_baseline,1003.0
17,19,51;28;45,0.00348826,5.93005,34.4196,s0_baseline,1004.0
17,19,53,0.996512,1694.07,7.47744,s0_baseline,1005.0
17,20,52;50;56,0.903291,1535.59,16.7454,s0_baseline,1006.0
17,20,51;28;45;59,0.00348826,5.93005,43.8063,s0_baseline,1007.0
17,20,53;59,0.0932209,158.476,16.8642,s0_baseline,1008.0
17,21,52;50;56;62,0.445033,267.02,25.0065,s0_baseline,1009.0
17,21,53;59;62,0.0245011,14.7006,25.1253,s0_baseline,1010.0
17,21,51;28;45;59;62,0.00348826,2.09296,52.0674,s0_baseline,1011.0
17,21,53;57;46;69,0.526977,316.186,25.0747,s0_baseline,1012.0
17,22,51;28;46,0.00348826,5.93005,39.0904,s0_baseline,1013.0
17,22,53;57;46,0.996512,1694.07,20.7795,s0_baseline,1014.0
17,23,53;57;44;42,0.327445,196.467,32.8463,s0_baseline,1015.0
17,23,51;28;46;70,0.00348826,2.09296,51.4619,s0_baseline,1016.0
17,23,53;57;46;70,0.669066,401.44,33.151,s0_baseline,1017.0
17,24,52;50;56;62;66,0.242151,72.6453,36.416,s0_baseline,1018.0
17,24,53;57;44;42;73,0.165536,49.6607,36.6699,s0_baseline,1019.0
17,24,53;59;62;66,0.0124339,3.73018,36.5348,s0_baseline,1020.0
17,24,53;57;46;70;73,0.22761,68.283,36.9746,s0_baseline,1021.0
17,24,51;28;46;70;73,0.00348826,1.04648,55.2855,s0_baseline,1022.0
17,24,53;57;46;69;66,0.348781,104.634,36.4842,s0_baseline,1023.0
18,1,54;17;21;23;11;8;5,0.00348826,0.348826,43.7798,s0_baseline,1024.0
18,1,54;17;19;14;3,0.996512,99.6512,35.2241,s0_baseline,1025.0
18,4,54;17;21;23;11,0.318877,31.8877,35.4763,s0_baseline,1026.0
18,4,54;17;19;15;11,0.681123,68.1123,34.4539,s0_baseline,1027.0
18,6,54;17;21;23;12,0.00348826,0.348826,43.2184,s0_baseline,1028.0
18,6,54;17;19,0.996512,99.6512,22.5199,s0_baseline,1029.0
18,7,54,1.0,200.0,2.06111,s0_baseline,1030.0
18,8,54;17,1.0,300.0,7.75356,s0_baseline,1031.0
18,9,54;17;21,0.980907,196.181,23.2095,s0_baseline,1032.0
18,9,55;48;26,0.0190934,3.81867,29.3308,s0_baseline,1033.0
18,10,56;63;67;43,0.00299747,2.09823,34.7131,s0_baseline,1034.0
18,10,54;17;21;25,0.0149085,10.4359,28.9748,s0_baseline,1035.0
18,10,55;49;51,0.00406006,2.84204,28.8757,s0_baseline,1036.0
18,10,56;61;57;43,0.00348826,2.44179,31.6085,s0_baseline,1037.0
18,10,55;48,0.974546,682.182,23.6039,s0_baseline,1038.0
18,11,56;61;57;44;40,0.0252411,5.04821,44.1942,s0_baseline,1039.0
18,11,55;49;51;27,0.00406006,0.812013,41.359,s0_baseline,1040.0
18,11,56;63;67;43;27,0.00299747,0.599494,47.1963,s0_baseline,1041.0
18,11,56;62;66;76;71;40,0.00284135,0.56827,50.9277,s0_baseline,1042.0
18,11,54;17;21;23;11;10,0.00348826,0.697653,42.9607,s0_baseline,1043.0
18,11,55;48;27,0.961372,192.274,36.0871,s0_baseline,1044.0
18,12,56;62;66;74;38,0.178011,35.6022,44.4801,s0_baseline,1045.0
18,12,54;17;19;14;3;2;7,0.151072,30.2145,43.2575,s0_baseline,1046.0
18,12,54;17;21;23;11;8;7,0.0859864,17.1973,43.7951,s0_baseline,1047.0
18,12,54;17;19;15;11;8;7,0.578271,115.654,42.7726,s0_baseline,1048.0
18,12,55;48;27;33,0.00665941,1.33188,49.886,s0_baseline,1049.0
18,13,56;63;70;73;74,0.0105458,1.05458,45.8232,s0_baseline,1050.0
18,13,56;62;66;74,0.989454,98.9454,41.4514,s0_baseline,1051.0
18,14,56;61;57;44,0.942998,94.2998,30.0334,s0_baseline,1052.0
18,14,56;62;66;76;71,0.00284135,0.284135,36.7669,s0_baseline,1053.0
18,14,56;63;70;71,0.0475014,4.75014,33.555,s0_baseline,1054.0
18,14,55;49;53;57;44,0.00665941,0.665941,36.3879,s0_baseline,1055.0
18,15,56;63;67,0.00705753,1.41151,20.9856,s0_baseline,1056.0
18,15,56;62;65;67,0.00284135,0.56827,25.6983,s0_baseline,1057.0
18,15,56;61;57,0.983442,196.688,17.881,s0_baseline,1058.0
18,15,55;49;53;57,0.00665941,1.33188,24.2355,s0_baseline,1059.0
18,16,55,1.0,500.0,3.1688,s0_baseline,1060.0
18,17,56;61;57;43;30,0.00348826,2.09296,48.2884,s0_baseline,1061.0
18,17,55;49,0.996512,597.907,12.4413,s0_baseline,1062.0
18,19,56;62;65;67;45,0.00284135,0.852405,30.0127,s0_baseline,1063.0
18,19,56;61,0.983442,295.033,13.5643,s0_baseline,1064.0
18,19,56;63;67;45,0.00299747,0.899241,25.3001,s0_baseline,1065.0
18,19,55;49;53,0.0107195,3.21584,19.9187,s0_baseline,1066.0
18,20,56,1.0,400.0,4.27004,s0_baseline,1067.0
18,21,56;63;69,0.00299747,0.299747,16.4125,s0_baseline,1068.0
18,21,56;62,0.997003,99.7003,12.5312,s0_baseline,1069.0
18,22,56;62;65,0.00284135,0.852405,16.83,s0_baseline,1070.0
18,22,56;63,0.997159,299.148,12.1173,s0_baseline,1071.0
18,23,56;62;66;76,0.0465972,4.65972,27.7007,s0_baseline,1072.0
18,23,56;63;70,0.953403,95.3403,24.4888,s0_baseline,1073.0
19,1,57;43;27;31;8;5,0.00406006,1.21802,46.3933,s0_baseline,1074.0
19,1,57;44;40;31;8;5,0.0496595,14.8978,46.4957,s0_baseline,1075.0
19,1,57;43;26;23;11;8;5,0.939621,281.886,44.3415,s0_baseline,1076.0
19,1,58;52;47;19;14;3,0.00665941,1.99782,54.7196,s0_baseline,1077.0
19,2,59;60;54;17;19;14,0.961789,96.1789,42.8827,s0_baseline,1078.0
19,2,57;44;40;31;8;5;1,0.0149085,1.49085,52.4966,s0_baseline,1079.0
19,2,57;43;26;23;11;8;5;1,0.0125828,1.25828,50.3424,s0_baseline,1080.0
19,2,57;43;27;31;8;5;1,0.00406006,0.406006,52.3942,s0_baseline,1081.0
19,2,58;52;47;19;14,0.00665941,0.665941,48.7187,s0_baseline,1082.0
19,4,57;43;27;31,0.00406006,0.812013,38.0898,s0_baseline,1083.0
19,4,57;44;40;31,0.0496595,9.9319,38.1923,s0_baseline,1084.0
19,4,57;43;26;23;11,0.939621,187.924,36.038,s0_baseline,1085.0
19,4,58;52;47;19;15;11,0.00665941,1.33188,53.9494,s0_baseline,1086.0
19,5,57;43;27;31;9,0.00406006,0.406006,40.4416,s0_baseline,1087.0
19,5,57;43;26;23,0.986439,98.6439,33.6988,s0_baseline,1088.0
19,5,57;44;40;31;9,0.00284135,0.284135,40.544,s0_baseline,1089.0
19,5,58;52;47;19;15,0.00665941,0.665941,51.6102,s0_baseline,1090.0
19,6,57;43;27;31;9;12,0.00406006,0.812013,50.5229,s0_baseline,1091.0
19,6,59;60;54;17;19,0.982951,196.59,36.1795,s0_baseline,1092.0
19,6,57;46;69;64;60;54;17;19,0.00284135,0.56827,52.5927,s0_baseline,1093.0
19,6,57;43;26;23;12,0.00348826,0.697653,43.7801,s0_baseline,1094.0
19,6,58;52;47;19,0.00665941,1.33188,42.0154,s0_baseline,1095.0
19,7,57;46;69;64;60;54,0.00284135,1.13654,32.1339,s0_baseline,1096.0
19,7,59;60;54,0.986439,394.576,15.7207,s0_baseline,1097.0
19,7,58;52;50;54,0.0107195,4.28779,21.9141,s0_baseline,1098.0
19,8,57;46;69;64;60;54;17,0.00284135,1.98895,37.8264,s0_baseline,1099.0
19,8,59;60;54;17,0.986439,690.507,21.4132,s0_baseline,1100.0
19,8,58;52;47,0.0107195,7.50363,27.2491,s0_baseline,1101.0
19,9,57;43;26,0.993341,397.336,23.7712,s0_baseline,1102.0
19,9,58;52;48;26,0.00665941,2.66377,42.8443,s0_baseline,1103.0
19,10,57;43,0.993341,1788.01,18.0442,s0_baseline,1104.0
19,10,58;52;48,0.00665941,11.9869,37.1174,s0_baseline,1105.0
19,11,57;43;27,0.606918,242.767,30.5275,s0_baseline,1106.0
19,11,57;44;40,0.393082,157.233,30.6299,s0_baseline,1107.0
19,12,57;46;69;66;74;38,0.00593929,1.78179,49.5462,s0_baseline,1108.0
19,12,57;44;42;73;74;38,0.0120671,3.62014,49.7319,s0_baseline,1109.0
19,12,57;43;27;33,0.536562,160.968,44.3263,s0_baseline,1110.0
19,12,57;43;26;23;11;8;7,0.0827904,24.8371,44.3567,s0_baseline,1111.0
19,12,57;44;40;33,0.362642,108.792,44.4287,s0_baseline,1112.0
19,13,57;46;70;73;74,0.169576,50.8727,47.008,s0_baseline,1113.0
19,13,59;62;66;74,0.0380947,11.4284,46.5682,s0_baseline,1114.0
19,13,57;44;40;33;37,0.0671581,20.1474,47.4564,s0_baseline,1115.0
19,13,57;44;42;73;74,0.0760794,22.8238,46.7033,s0_baseline,1116.0
19,13,57;43;27;33;37,0.137928,41.3783,47.354,s0_baseline,1117.0
19,13,57;43;26;23;11;8;7;37,0.0159222,4.77666,47.3844,s0_baseline,1118.0
19,13,57;46;69;66;74,0.495242,148.573,46.5176,s0_baseline,1119.0
19,14,59;63;70;71,0.00348826,1.04648,38.6718,s0_baseline,1120.0
19,14,57;44,0.996512,298.954,16.4691,s0_baseline,1121.0
19,15,57,1.0,800.0,4.31675,s0_baseline,1122.0
19,16,57;46;69;64;60;55,0.00284135,3.69376,33.2416,s0_baseline,1123.0
19,16,59;60;55,0.0689864,89.6823,16.8284,s0_baseline,1124.0
19,16,58;52,0.928172,1206.62,16.6823,s0_baseline,1125.0
19,17,57;43;30,0.00348826,5.93005,34.7241,s0_baseline,1126.0
19,17,58,0.996512,1694.07,7.37768,s0_baseline,1127.0
19,18,57;46;69;64;60,0.00284135,0.852405,30.0728,s0_baseline,1128.0
19,18,59;60,0.986439,295.932,13.6596,s0_baseline,1129.0
19,18,58;52;50,0.0107195,3.21584,19.853,s0_baseline,1130.0
19,20,57;46;69;64,0.00284135,3.40962,25.8,s0_baseline,1131.0
19,20,59,0.997159,1196.59,9.38677,s0_baseline,1132.0
19,21,59;62,0.21521,86.0841,17.6479,s0_baseline,1133.0
19,21,57;46;69,0.78479,313.916,17.5973,s0_baseline,1134.0
19,22,59;63,0.00348826,4.18592,17.2341,s0_baseline,1135.0
19,22,57;46,0.996512,1195.81,13.3021,s0_baseline,1136.0
19,23,57;44;42,0.327445,98.2336,25.3689,s0_baseline,1137.0
19,23,59;63;70,0.00348826,1.04648,29.6055,s0_baseline,1138.0
19,23,57;46;70,0.669066,200.72,25.6735,s0_baseline,1139.0
19,24,57;44;42;73,0.165536,16.5536,29.1925,s0_baseline,1140.0
19,24,59;62;66,0.0505286,5.05286,29.0574,s0_baseline,1141.0
19,24,57;46;70;73,0.248249,24.8249,29.4971,s0_baseline,1142.0
19,24,59;63;70;73,0.00348826,0.348826,33.4291,s0_baseline,1143.0
19,24,57;46;69;66,0.532198,53.2198,29.0067,s0_baseline,1144.0
20,1,61;57;43;26;23;11;8;5,0.00348826,1.04648,53.6357,s0_baseline,1145.0
20,1,60;54;17;19;14;3,0.996512,298.954,39.4969,s0_baseline,1146.0
20,2,61;57;43;26;23;11;8;5;1,0.00348826,0.348826,59.6366,s0_baseline,1147.0
20,2,60;54;17;19;14,0.996512,99.6512,33.4959,s0_baseline,1148.0
20,4,60;54;17;21;23;11,0.315388,94.6165,39.7492,s0_baseline,1149.0
20,4,61;57;43;26;23;11,0.00348826,1.04648,45.3323,s0_baseline,1150.0
20,4,60;54;17;19;15;11,0.681123,204.337,38.7267,s0_baseline,1151.0
20,5,60;54;17;21;23,0.315388,31.5388,37.4099,s0_baseline,1152.0
20,5,61;57;43;26;23,0.00348826,0.348826,42.993,s0_baseline,1153.0
20,5,60;54;17;19;15,0.681123,68.1123,36.3874,s0_baseline,1154.0
20,6,61;57;43;26;23;12,0.00348826,1.04648,53.0744,s0_baseline,1155.0
20,6,60;54;17;19,0.996512,298.954,26.7927,s0_baseline,1156.0
20,7,60;54,1.0,500.0,6.33394,s0_baseline,1157.0
20,8,60;54;17,1.0,900.0,12.0264,s0_baseline,1158.0
20,9,63;67;43;26,0.00299747,1.79848,36.17,s0_baseline,1159.0
20,9,60;54;17;21,0.974421,584.653,27.4823,s0_baseline,1160.0
20,9,61;57;43;26,0.00348826,2.09296,33.0654,s0_baseline,1161.0
20,9,60;55;48;26,0.0190934,11.456,33.6037,s0_baseline,1162.0
20,10,63;67;43,0.00705753,17.6438,30.4431,s0_baseline,1163.0
20,10,62;65;67;43,0.00284135,7.10338,35.1557,s0_baseline,1164.0
20,10,61;57;43,0.541439,1353.6,27.3385,s0_baseline,1165.0
20,10,60;55;48,0.448662,1121.65,27.8767,s0_baseline,1166.0
20,11,61;57;44;40,0.334483,200.69,39.9241,s0_baseline,1167.0
20,11,63;67;43;27,0.00705753,4.23452,42.9263,s0_baseline,1168.0
20,11,61;57;43;27,0.276606,165.963,39.8217,s0_baseline,1169.0
20,11,62;66;76;71;40,0.00284135,1.70481,46.6577,s0_baseline,1170.0
20,11,60;55;48;27,0.379012,227.407,40.36,s0_baseline,1171.0
20,12,63;70;73;74;38,0.0105458,5.2729,44.5818,s0_baseline,1172.0
20,12,62;66;74;38,0.989454,494.727,40.21,s0_baseline,1173.0
20,13,63;70;73;74,0.0105458,6.32748,41.5532,s0_baseline,1174.0
20,13,62;66;74,0.989454,593.673,37.1814,s0_baseline,1175.0
20,14,62;66;76;71,0.00284135,1.42068,32.4969,s0_baseline,1176.0
20,14,63;70;71,0.0475014,23.7507,29.285,s0_baseline,1177.0
20,14,61;57;44,0.949657,474.829,25.7634,s0_baseline,1178.0
20,15,63;67,0.00705753,7.76328,16.7156,s0_baseline,1179.0
20,15,62;65;67,0.00284135,3.12549,21.4282,s0_baseline,1180.0
20,15,61;57,0.990101,1089.11,13.611,s0_baseline,1181.0
20,16,60;55,1.0,1600.0,7.44163,s0_baseline,1182.0
20,17,60;55;49,0.899081,1528.44,16.7141,s0_baseline,1183.0
20,17,61;57;43;30,0.00348826,5.93005,44.0183,s0_baseline,1184.0
20,17,61;58,0.0974312,165.633,16.6719,s0_baseline,1185.0
20,18,60,1.0,400.0,4.27283,s0_baseline,1186.0
20,19,63;67;45,0.00299747,3.59696,21.03,s0_baseline,1187.0
20,19,62;65;67;45,0.00284135,3.40962,25.7427,s0_baseline,1188.0
20,19,61,0.994161,1192.99,9.29424,s0_baseline,1189.0
20,21,63;69,0.00299747,3.59696,12.1425,s0_baseline,1190.0
20,21,62,0.997003,1196.4,8.26112,s0_baseline,1191.0
20,22,62;65,0.00284135,6.81924,12.56,s0_baseline,1192.0
20,22,63,0.997159,2393.18,7.84729,s0_baseline,1193.0
20,23,62;66;76,0.0465972,32.618,23.4306,s0_baseline,1194.0
20,23,63;70,0.953403,667.382,20.2187,s0_baseline,1195.0
20,24,63;70;73,0.0105458,4.21832,24.0424,s0_baseline,1196.0
20,24,62;66,0.989454,395.782,19.6706,s0_baseline,1197.0
21,1,64;61;57;43;26;23;11;8;5,0.00348826,0.348826,61.8384,s0_baseline,1198.0
21,1,66;74;38;35;5,0.996512,99.6512,39.9821,s0_baseline,1199.0
21,4,65;67;43;27;31,0.00406006,0.812013,46.9402,s0_baseline,1200.0
21,4,64;61;57;43;26;23;11,0.00348826,0.697653,53.535,s0_baseline,1201.0
21,4,66;74;38;35;6,0.992452,198.49,40.2845,s0_baseline,1202.0
21,5,64;60;54;17;19;15,0.0131078,1.31078,44.5901,s0_baseline,1203.0
21,5,65;67;43;27;31;9,0.00406006,0.406006,49.2919,s0_baseline,1204.0
21,5,66;74;38;35;6;9,0.815116,81.5116,42.6362,s0_baseline,1205.0
21,5,64;61;57;43;26;23,0.00348826,0.348826,51.1957,s0_baseline,1206.0
21,5,65;67;43;26;23,0.164228,16.4228,42.5491,s0_baseline,1207.0
21,6,65;68;60;54;17;19,0.00299747,0.299747,38.8648,s0_baseline,1208.0
21,6,64;61;57;43;26;23;12,0.00348826,0.348826,61.2771,s0_baseline,1209.0
21,6,64;60;54;17;19,0.993514,99.3514,34.9954,s0_baseline,1210.0
21,7,65;68;60;54,0.00299747,0.599494,18.406,s0_baseline,1211.0
21,7,64;60;54,0.997003,199.401,14.5366,s0_baseline,1212.0
21,8,65;68;60;54;17,0.00299747,1.19899,24.0985,s0_baseline,1213.0
21,8,64;60;54;17,0.997003,398.801,20.2291,s0_baseline,1214.0
21,9,64;61;57;43;26,0.00348826,1.04648,41.2681,s0_baseline,1215.0
21,9,65;67;43;26,0.996512,298.954,32.6215,s0_baseline,1216.0
21,10,64;61;57;43,0.00348826,4.18592,35.5412,s0_baseline,1217.0
21,10,65;67;43,0.996512,1195.81,26.8946,s0_baseline,1218.0
21,11,65;67;44;40,0.0574201,22.968,39.4803,s0_baseline,1219.0
21,11,65;67;43;27,0.138113,55.2454,39.3778,s0_baseline,1220.0
21,11,64;61;57;43;27,0.00348826,1.39531,48.0244,s0_baseline,1221.0
21,11,66;76;71;40,0.800978,320.391,38.3965,s0_baseline,1222.0
21,12,64;63;70;73;74;38,0.00348826,1.04648,52.7845,s0_baseline,1223.0
21,12,66;74;38,0.996512,298.954,31.9489,s0_baseline,1224.0
21,13,64;63;70;73;74,0.00348826,2.09296,49.7559,s0_baseline,1225.0
21,13,66;74,0.996512,597.907,28.9203,s0_baseline,1226.0
21,14,65;67;44,0.0574201,22.968,25.3195,s0_baseline,1227.0
21,14,65;70;71,0.0434973,17.3989,25.7365,s0_baseline,1228.0
21,14,64;63;70;71,0.00348826,1.39531,37.4877,s0_baseline,1229.0
21,14,66;76;71,0.895594,358.238,24.2358,s0_baseline,1230.0
21,15,64;61;57,0.00348826,2.79061,21.8137,s0_baseline,1231.0
21,15,65;67,0.996512,797.209,13.1671,s0_baseline,1232.0
21,16,65;68;60;55,0.00299747,1.79848,19.5137,s0_baseline,1233.0
21,16,64;60;55,0.990343,594.206,15.6443,s0_baseline,1234.0
21,16,65;67;45;58;52,0.00665941,3.99565,34.1638,s0_baseline,1235.0
21,17,64;60;55;49,0.453757,272.254,24.9168,s0_baseline,1236.0
21,17,64;61;58,0.0507829,30.4697,24.8746,s0_baseline,1237.0
21,17,64;61;57;43;30,0.00348826,2.09296,52.221,s0_baseline,1238.0
21,17,65;67;45;58,0.491972,295.183,24.8592,s0_baseline,1239.0
21,18,65;68;60,0.00299747,0.299747,16.3449,s0_baseline,1240.0
21,18,64;60,0.997003,99.7003,12.4755,s0_baseline,1241.0
21,19,64;61,0.165617,66.2467,17.4969,s0_baseline,1242.0
21,19,65;67;45,0.834383,333.753,17.4816,s0_baseline,1243.0
21,20,65;68,0.00299747,3.59696,12.0721,s0_baseline,1244.0
21,20,64,0.997003,1196.4,8.2027,s0_baseline,1245.0
21,22,64;63,0.00348826,6.27888,16.05,s0_baseline,1246.0
21,22,65,0.996512,1793.72,4.29883,s0_baseline,1247.0
21,23,65;70,0.0434973,30.4481,16.6703,s0_baseline,1248.0
21,23,64;63;70,0.00348826,2.44179,28.4214,s0_baseline,1249.0
21,23,66;76,0.953014,667.11,15.1695,s0_baseline,1250.0
21,24,64;63;70;73,0.00348826,1.74413,32.245,s0_baseline,1251.0
21,24,66,0.996512,498.256,11.4095,s0_baseline,1252.0
22,1,70;73;74;38;35;5,0.354302,141.721,44.7677,s0_baseline,1253.0
22,1,69;66;74;38;35;5,0.645698,258.279,44.2773,s0_baseline,1254.0
22,2,69;66;74;38;35;5;1,0.0124339,1.24339,50.2782,s0_baseline,1255.0
22,2,69;64;60;54;17;19;14,0.00284135,0.284135,45.9938,s0_baseline,1256.0
22,2,70;73;74;38;35;5;1,0.0166429,1.66429,50.7686,s0_baseline,1257.0
22,2,68;60;54;17;19;14,0.968082,96.8082,41.2692,s0_baseline,1258.0
22,3,70;73;74;38;35,0.354302,35.4302,40.759,s0_baseline,1259.0
22,3,69;66;74;38;35,0.645698,64.5698,40.2686,s0_baseline,1260.0
22,4,70;71;40;31,0.0369556,14.7822,43.1608,s0_baseline,1261.0
22,4,67;43;26;23;11,0.877806,351.123,40.5896,s0_baseline,1262.0
22,4,67;43;27;31,0.00406006,1.62403,42.6414,s0_baseline,1263.0
22,4,69;66;74;38;35;6,0.0212146,8.48583,44.5797,s0_baseline,1264.0
22,4,70;73;74;38;35;6,0.00299747,1.19899,45.0701,s0_baseline,1265.0
22,4,68;61;57;43;26;23;11,0.00348826,1.39531,53.1055,s0_baseline,1266.0
22,4,67;44;40;31,0.0534776,21.391,42.7438,s0_baseline,1267.0
22,5,67;43;27;31;9,0.00406006,0.812013,44.9931,s0_baseline,1268.0
22,5,69;66;74;38;35;6;9,0.00284135,0.56827,46.9314,s0_baseline,1269.0
22,5,68;61;57;43;26;23,0.00348826,0.697653,50.7662,s0_baseline,1270.0
22,5,67;43;26;23,0.98961,197.922,38.2503,s0_baseline,1271.0
22,6,69;64;60;54;17;19,0.00284135,0.56827,39.2906,s0_baseline,1272.0
22,6,68;61;57;43;26;23;12,0.00348826,0.697653,60.8476,s0_baseline,1273.0
22,6,68;60;54;17;19,0.99367,198.734,34.5659,s0_baseline,1274.0
22,7,69;64;60;54,0.00284135,1.42068,18.8318,s0_baseline,1275.0
22,7,68;60;54,0.997159,498.579,14.1072,s0_baseline,1276.0
22,8,69;64;60;54;17,0.00284135,1.42068,24.5243,s0_baseline,1277.0
22,8,68;60;54;17,0.997159,498.579,19.7996,s0_baseline,1278.0
22,9,68;61;57;43;26,0.00348826,2.44179,40.8386,s0_baseline,1279.0
22,9,67;43;26,0.996512,697.558,28.3227,s0_baseline,1280.0
22,10,68;61;57;43,0.00348826,9.06949,35.1117,s0_baseline,1281.0
22,10,67;43,0.996512,2590.93,22.5958,s0_baseline,1282.0
22,11,70;71;40,0.22772,250.492,35.5985,s0_baseline,1283.0
22,11,68;61;57;43;27,0.00348826,3.83709,47.5949,s0_baseline,1284.0
22,11,67;43;27,0.506813,557.495,35.079,s0_baseline,1285.0
22,11,67;44;40,0.261979,288.177,35.1814,s0_baseline,1286.0
22,12,70;73;74;38,0.354302,248.011,36.7345,s0_baseline,1287.0
22,12,69;66;74;38,0.645698,451.989,36.2441,s0_baseline,1288.0
22,13,70;73;74,0.354302,460.592,33.7059,s0_baseline,1289.0
22,13,69;66;74,0.645698,839.408,33.2155,s0_baseline,1290.0
22,14,70;71,0.655485,786.581,21.4377,s0_baseline,1291.0
22,14,67;44,0.344515,413.419,21.0207,s0_baseline,1292.0
22,15,68;61;57,0.00348826,9.06949,21.3842,s0_baseline,1293.0
22,15,67,0.996512,2590.93,8.86828,s0_baseline,1294.0
22,16,69;64;60;55,0.00284135,3.40962,19.9395,s0_baseline,1295.0
22,16,68;60;55,0.990499,1188.6,15.2149,s0_baseline,1296.0
22,16,67;45;58;52,0.00665941,7.9913,29.865,s0_baseline,1297.0
22,17,68;61;57;43;30,0.00348826,5.93005,51.7915,s0_baseline,1298.0
22,17,67;45;58,0.996512,1694.07,20.5604,s0_baseline,1299.0
22,18,69;64;60,0.00284135,0.852405,16.7707,s0_baseline,1300.0
22,18,68;60,0.997159,299.148,12.0461,s0_baseline,1301.0
22,19,68;61,0.00348826,4.18592,17.0675,s0_baseline,1302.0
22,19,67;45,0.996512,1195.81,13.1827,s0_baseline,1303.0
22,20,69;64,0.00284135,6.81924,12.4979,s0_baseline,1304.0
22,20,68,0.997159,2393.18,7.77323,s0_baseline,1305.0
22,21,68;62,0.00348826,6.27888,16.0343,s0_baseline,1306.0
22,21,69,0.996512,1793.72,4.29519,s0_baseline,1307.0
22,23,69;66;76,0.00284135,5.96684,19.4647,s0_baseline,1308.0
22,23,70,0.997159,2094.03,12.3715,s0_baseline,1309.0
22,24,70;73,0.354302,389.732,16.1951,s0_baseline,1310.0
22,24,69;66,0.645698,710.268,15.7047,s0_baseline,1311.0
23,1,73;74;38;35;5,1.0,300.0,32.3963,s0_baseline,1312.0
23,3,73;74;38;35,1.0,100.0,28.3875,s0_baseline,1313.0
23,4,73;74;38;35;6,0.145213,72.6067,32.6986,s0_baseline,1314.0
23,4,71;40;31,0.854787,427.393,30.7894,s0_baseline,1315.0
23,5,73;74;38;35;6;9,0.145213,14.5213,35.0503,s0_baseline,1316.0
23,5,71;40;31;9,0.854787,85.4787,33.1411,s0_baseline,1317.0
23,6,73;74;38;35;6;9;12,0.081327,8.1327,45.1317,s0_baseline,1318.0
23,6,73;74;38;35;5;1;4,0.0638865,6.38865,44.9458,s0_baseline,1319.0
23,6,71;40;31;9;12,0.854787,85.4787,43.2225,s0_baseline,1320.0
23,7,73;75;64;60;54,0.11995,23.99,29.6442,s0_baseline,1321.0
23,7,72;68;60;54,0.88005,176.01,26.003,s0_baseline,1322.0
23,8,73;75;64;60;54;17,0.11995,35.985,35.3367,s0_baseline,1323.0
23,8,72;68;60;54;17,0.88005,264.015,31.6955,s0_baseline,1324.0
23,9,71;40;32;26,0.102404,51.202,41.1558,s0_baseline,1325.0
23,9,71;41;43;26,0.351947,175.973,40.7517,s0_baseline,1326.0
23,9,72;67;43;26,0.545649,272.825,40.2186,s0_baseline,1327.0
23,10,71;40;32,0.102404,184.327,35.4289,s0_baseline,1328.0
23,10,71;41;43,0.351947,633.504,35.0248,s0_baseline,1329.0
23,10,72;67;43,0.545649,982.169,34.4916,s0_baseline,1330.0
23,11,72;67;43;27,0.00406006,5.27808,46.9749,s0_baseline,1331.0
23,11,73;74;38;35;6;10,0.00348826,4.53474,40.183,s0_baseline,1332.0
23,11,73;74;38;36,0.00299747,3.89671,38.0038,s0_baseline,1333.0
23,11,71;40,0.989454,1286.29,23.227,s0_baseline,1334.0
23,12,73;74;38,1.0,700.0,24.3631,s0_baseline,1335.0
23,13,73;74,1.0,800.0,21.3344,s0_baseline,1336.0
23,14,71,1.0,1100.0,9.06626,s0_baseline,1337.0
23,15,71;41,0.451509,451.509,21.2973,s0_baseline,1338.0
23,15,72;67,0.548491,548.491,20.7641,s0_baseline,1339.0
23,16,73;75;64;60;55,0.11995,59.975,30.7519,s0_baseline,1340.0
23,16,72;68;60;55,0.873391,436.695,27.1107,s0_baseline,1341.0
23,16,72;67;45;58;52,0.00665941,3.32971,41.7609,s0_baseline,1342.0
23,17,71;41;45;58,0.448021,268.813,32.9894,s0_baseline,1343.0
23,17,71;40;32;30,0.00284135,1.70481,52.1087,s0_baseline,1344.0
23,17,71;41;43;30,0.00348826,2.09296,51.7046,s0_baseline,1345.0
23,17,72;67;45;58,0.545649,327.39,32.4563,s0_baseline,1346.0
23,18,73;75;64;60,0.11995,11.995,27.5831,s0_baseline,1347.0
23,18,72;68;60,0.88005,88.005,23.9419,s0_baseline,1348.0
23,19,71;41;45,0.451509,135.453,25.6117,s0_baseline,1349.0
23,19,72;67;45,0.548491,164.547,25.0786,s0_baseline,1350.0
23,20,73;75;64,0.11995,83.965,23.3103,s0_baseline,1351.0
23,20,72;68,0.88005,616.035,19.6691,s0_baseline,1352.0
23,21,72;69,0.0848414,59.389,16.1911,s0_baseline,1353.0
23,21,73;75,0.915159,640.611,15.1076,s0_baseline,1354.0
23,22,72,1.0,2100.0,11.8959,s0_baseline,1355.0
23,24,73,1.0,700.0,3.82361,s0_baseline,1356.0
24,1,74;38;35;5,1.0,100.0,28.5727,s0_baseline,1357.0
24,4,74;38;35;6,1.0,200.0,28.875,s0_baseline,1358.0
24,6,74;38;35;6;9;12,0.714558,71.4558,41.3081,s0_baseline,1359.0
24,6,74;38;35;5;1;4,0.275941,27.5941,41.1222,s0_baseline,1360.0
24,6,75;64;60;54;17;19,0.00950077,0.950077,46.2794,s0_baseline,1361.0
24,7,76;72;68;60;54,0.0357869,3.57869,29.7631,s0_baseline,1362.0
24,7,75;64;60;54,0.964213,96.4213,25.8206,s0_baseline,1363.0
24,8,76;72;68;60;54;17,0.0357869,7.15737,35.4555,s0_baseline,1364.0
24,8,75;64;60;54;17,0.964213,192.843,31.513,s0_baseline,1365.0
24,9,76;72;67;43;26,0.0293011,5.86023,43.9786,s0_baseline,1366.0
24,9,74;38;35;6;9;13,0.95771,191.542,41.1348,s0_baseline,1367.0
24,9,76;71;40;32;26,0.00284135,0.56827,44.9158,s0_baseline,1368.0
24,9,76;71;41;43;26,0.00348826,0.697653,44.5117,s0_baseline,1369.0
24,9,75;65;67;43;26,0.00665941,1.33188,43.9055,s0_baseline,1370.0
24,10,76;72;67;43,0.315475,252.38,38.2517,s0_baseline,1371.0
24,10,76;71;40;32,0.0461315,36.9052,39.1889,s0_baseline,1372.0
24,10,76;71;41;43,0.0393217,31.4574,38.7848,s0_baseline,1373.0
24,10,75;65;67;43,0.599072,479.258,38.1786,s0_baseline,1374.0
24,11,74;38;36,0.0282192,16.9315,34.1802,s0_baseline,1375.0
24,11,74;38;35;6;10,0.00348826,2.09296,36.3594,s0_baseline,1376.0
24,11,76;71;40,0.968293,580.976,26.9871,s0_baseline,1377.0
24,12,74;38,1.0,500.0,20.5395,s0_baseline,1378.0
24,13,74,1.0,700.0,17.5108,s0_baseline,1379.0
24,14,76;71,1.0,400.0,12.8263,s0_baseline,1380.0
24,15,76;72;67,0.315475,126.19,24.5242,s0_baseline,1381.0
24,15,76;71;41,0.0826118,33.0447,25.0573,s0_baseline,1382.0
24,15,75;65;67,0.601913,240.765,24.4511,s0_baseline,1383.0
24,16,75;64;60;55,0.957554,287.266,26.9283,s0_baseline,1384.0
24,16,76;72;68;60;55,0.0357869,10.7361,30.8708,s0_baseline,1385.0
24,16,75;65;67;45;58;52,0.00665941,1.99782,45.4478,s0_baseline,1386.0
24,17,75;64;60;55;49,0.284444,85.3331,36.2008,s0_baseline,1387.0
24,17,76;71;41;45;58,0.056398,16.9194,36.7494,s0_baseline,1388.0
24,17,76;72;67;45;58,0.28773,86.3191,36.2163,s0_baseline,1389.0
24,17,76;71;41;43;30,0.00348826,1.04648,55.4646,s0_baseline,1390.0
24,17,75;65;67;45;58,0.36794,110.382,36.1432,s0_baseline,1391.0
24,19,75;64;61,0.0284109,2.84109,28.7809,s0_baseline,1392.0
24,19,76;72;67;45,0.315475,31.5475,28.8386,s0_baseline,1393.0
24,19,76;71;41;45,0.0826118,8.26118,29.3718,s0_baseline,1394.0
24,19,75;65;67;45,0.573503,57.3503,28.7655,s0_baseline,1395.0
24,20,76;72;68,0.0357869,14.3147,23.4291,s0_baseline,1396.0
24,20,75;64,0.964213,385.685,19.4866,s0_baseline,1397.0
24,21,76;72;69,0.0120671,6.03357,19.9511,s0_baseline,1398.0
24,21,75,0.987933,493.966,11.2839,s0_baseline,1399.0
24,22,76;72,0.362927,399.22,15.6559,s0_baseline,1400.0
24,22,75;65,0.637073,700.78,15.5828,s0_baseline,1401.0
24,23,76,1.0,700.0,3.76004,s0_baseline,1402.0
1,15,2;7;36;32;28,0.0359275,13.1461,49.7239,odm0,1403.0
1,19,1;4;16;20;18;56;61,0.0359275,8.22533,59.1195,odm0,1404.0
2,17,4;15;13;25;30,0.0536517,10.4096,48.5559,odm0,1405.0
3,15,7;36;32;28,0.0359275,2.95773,45.7101,odm0,1406.0
4,11,8;7;36,0.0359275,47.8793,21.9993,odm0,1407.0
4,14,8;7;36;34,0.0359275,16.9562,39.6762,odm0,1408.0
4,18,9;13;24;22;50,0.053391,4.15706,40.7522,odm0,1409.0
4,20,9;13;24;22;50;56,0.053391,19.225,45.1592,odm0,1410.0
4,22,8;7;37;39;76;72,0.0536517,16.6342,47.9908,odm0,1411.0
5,11,11;8;7;36,0.0359275,18.7736,24.4366,odm0,1412.0
5,14,13;25;28;46;70;71,0.0486518,5.43964,66.4867,odm0,1413.0
5,20,13;24;22;50;56,0.053391,4.06473,42.7953,odm0,1414.0
5,22,11;8;7;37;39;76;72,0.0536517,9.07986,50.4281,odm0,1415.0
5,22,12;16;20;18;56;62;65,0.0359275,6.08026,58.6032,odm0,1416.0
5,23,13;25;28;46;70,0.0486518,5.8841,56.7272,odm0,1417.0
6,4,14;3;2;6,0.0486518,23.2723,21.9857,odm0,1418.0
6,11,14;3;2;7;36,0.0359275,14.6604,34.9664,odm0,1419.0
6,11,14;3;2;6;10,0.0486518,19.8526,30.5903,odm0,1420.0
6,14,16;20;18;56;61;57;44,0.0359275,3.968,70.0419,odm0,1421.0
7,3,18;56;62;66;74;38;35,0.0359275,4.3505,54.5508,odm0,1422.0
7,9,17;19;15;13,0.0536517,26.5007,40.3477,odm0,1423.0
7,9,18;56;61;57;43;26,0.0359275,17.746,44.342,odm0,1424.0
7,10,18;56;61;57;43,0.0359275,72.4806,37.5702,odm0,1425.0
7,10,18;55;49;51,0.06427,129.659,33.3259,odm0,1426.0
7,11,18;55;49;53;57;44;40,0.06427,41.0308,67.7945,odm0,1427.0
7,11,18;56;63;67;44;40,0.0536517,34.2519,69.2913,odm0,1428.0
7,11,18;56;61;57;43;27,0.0359275,22.9365,51.1612,odm0,1429.0
7,12,18;56;62;66;74;38,0.1644,106.366,50.4862,odm0,1430.0
7,14,18;56;63;67;44,0.107043,21.8788,47.8505,odm0,1431.0
7,17,18;56;61;58,0.0359275,40.1151,29.0008,odm0,1432.0
8,9,19;15;13,0.0895791,84.9174,34.0063,odm0,1433.0
8,10,19;15;13;25,0.0536517,107.987,40.1845,odm0,1434.0
8,10,20;18;56;61;57;43,0.0359275,72.313,45.2926,odm0,1435.0
8,11,19;14;3;2;7;36,0.0359275,36.0396,51.1941,odm0,1436.0
8,14,22;50;56;63;67;44,0.0536517,24.6782,58.5518,odm0,1437.0
8,17,20;18;56;61;58,0.0359275,43.5082,36.7231,odm0,1438.0
8,24,22;50;56;62;66,0.0536517,8.59372,39.0515,odm0,1439.0
9,1,25;27;31;8;5,0.0359275,21.1942,40.3874,odm0,1440.0
9,2,24;19;14,0.0359275,6.62471,39.3348,odm0,1441.0
9,3,25;27;31;8,0.0359275,4.51128,36.3688,odm0,1442.0
9,4,25;27;31,0.0359275,24.6212,31.7965,odm0,1443.0
9,6,24;19,0.0359275,15.6071,31.8118,odm0,1444.0
9,14,25;28;46;70;71,0.0486518,30.9417,56.499,odm0,1445.0
9,24,25;28;44;42;73,0.0893184,12.6481,55.6478,odm0,1446.0
10,1,27;33;35;5,0.053391,85.709,39.1426,odm0,1447.0
10,2,27;33;35;5;1,0.053391,39.5131,45.1447,odm0,1448.0
10,3,27;33;35,0.053391,15.2566,35.124,odm0,1449.0
10,11,26;23;11;10,0.0486518,158.378,29.9136,odm0,1450.0
10,14,28;46;70;71,0.0486518,132.706,50.3208,odm0,1451.0
10,20,26;24;20;18;56,0.0359275,110.745,36.6004,odm0,1452.0
11,14,31;8;7;37;39;76;71,0.0486518,80.8035,59.4884,odm0,1453.0
12,7,37;39;75;64;60;54,0.15625,103.173,49.0202,odm0,1454.0
12,14,35;6;10;34,0.117661,72.9328,34.7924,odm0,1455.0
12,15,37;39;76;72;67,0.0536517,28.7258,49.2632,odm0,1456.0
12,18,37;39;76;72;68;60,0.0536517,10.5201,54.5417,odm0,1457.0
12,19,37;39;76;72;67;45,0.0536517,16.4407,53.5942,odm0,1458.0
13,7,39;76;72;68;60;54,0.0536517,26.0872,53.5627,odm0,1459.0
13,14,38;35;6;10;34,0.053391,37.1809,37.84,odm0,1460.0
14,11,41;43;26;23;11;10,0.0486518,62.2114,55.7445,odm0,1461.0
14,12,40;31;8;7,0.06427,42.3279,42.1073,odm0,1462.0
14,13,40;31;8;7;37,0.06427,37.0685,45.1609,odm0,1463.0
15,2,44;40;33;35;5;1,0.053391,6.25434,72.7321,odm0,1464.0
15,6,44;40;31;9;12,0.117661,23.7145,65.475,odm0,1465.0
15,8,43;26;24,0.0359275,23.709,35.4365,odm0,1466.0
15,11,43;26;23;11;10,0.0486518,77.2893,42.9942,odm0,1467.0
15,12,44;40;31;8;7,0.06427,58.4383,61.8449,odm0,1468.0
15,13,44;40;31;8;7;37,0.06427,57.5491,64.8985,odm0,1469.0
15,14,46;70;71,0.0486518,74.1862,35.3794,odm0,1470.0
16,3,50;56;62;66;74;38;35,0.0359275,8.43323,55.9129,odm0,1471.0
16,4,50;56;62;66;74;38;35;6,0.0359275,37.2365,60.3592,odm0,1472.0
16,9,49;51;26,0.0536517,74.2224,34.4662,odm0,1473.0
16,9,50;56;61;57;43;26,0.0359275,49.7025,45.704,odm0,1474.0
16,10,47;21;25,0.053391,216.287,36.726,odm0,1475.0
16,11,49;53;57;44;40,0.06427,108.174,62.163,odm0,1476.0
16,11,50;56;63;67;44;40,0.0536517,90.3024,70.6534,odm0,1477.0
16,11,50;56;61;57;43;27,0.0359275,60.4704,52.5233,odm0,1478.0
16,13,47;19;15;11;8;7;37,0.053391,41.5712,48.3849,odm0,1479.0
16,13,50;54;17;21;23;11;8;7;37,0.0486518,37.8812,58.4349,odm0,1480.0
16,14,50;56;63;67;44,0.0536517,38.9491,49.2126,odm0,1481.0
16,17,50;56;61;58,0.0359275,118.298,30.3629,odm0,1482.0
16,17,50;54;17;21;25;30,0.0486518,160.195,56.0216,odm0,1483.0
17,1,51;27;33;35;5,0.053391,24.0709,56.8366,odm0,1484.0
17,2,51;27;31;8;5;1,0.0359275,8.26972,57.9052,odm0,1485.0
17,3,51;27;33;35,0.053391,6.93385,52.8181,odm0,1486.0
17,6,51;27;31;9;12,0.0359275,16.7319,55.5817,odm0,1487.0
17,11,53;57;44;40,0.06427,51.6161,52.1626,odm0,1488.0
17,11,51;26;23;11;10,0.0486518,39.0729,47.6076,odm0,1489.0
17,14,51;28;46;70;71,0.0486518,24.4109,68.0148,odm0,1490.0
17,21,51;28;46;69,0.0359275,25.9024,48.4106,odm0,1491.0
17,23,51;28;44;42,0.0359275,20.3526,61.8959,odm0,1492.0
17,24,51;28;44;42;73,0.0359275,12.8741,67.1636,odm0,1493.0
18,1,55;47;19;14;3,0.06427,7.46883,43.5057,odm0,1494.0
18,4,55;47;21;23;11,0.06427,7.60693,48.6013,odm0,1495.0
18,4,56;62;66;74;38;35;6,0.0359275,4.25233,56.882,odm0,1496.0
18,6,55;47;19,0.06427,5.18908,29.9801,odm0,1497.0
18,8,55;47,0.06427,24.7799,13.7525,odm0,1498.0
18,9,55;47;21,0.06427,14.6473,34.064,odm0,1499.0
18,9,56;63;67;43;26,0.0536517,12.2273,45.8501,odm0,1500.0
18,9,56;61;57;43;26,0.0359275,8.18795,42.2268,odm0,1501.0
18,11,55;49;53;57;44;40,0.06427,10.7639,65.6794,odm0,1502.0
18,11,54;17;19;15;11;10,0.053391,8.94189,43.4765,odm0,1503.0
18,11,56;63;67;44;40,0.0536517,8.98555,67.1761,odm0,1504.0
18,11,56;61;57;43;27,0.0359275,6.01711,49.0461,odm0,1505.0
18,13,54;17;19;15;11;8;7;37,0.053391,5.69328,46.5648,odm0,1506.0
18,13,54;17;21;23;11;8;7;37,0.204902,21.8495,54.9577,odm0,1507.0
18,13,54;17;19;14;3;2;7;37,0.247801,26.4239,49.3036,odm0,1508.0
18,14,56;63;67;44,0.107043,12.7523,45.7354,odm0,1509.0
18,17,56;61;58,0.0359275,17.5112,26.8856,odm0,1510.0
18,17,54;17;21;25;30,0.0486518,23.7131,52.5444,odm0,1511.0
19,1,57;44;40;33;35;5,0.053391,14.9242,70.8774,odm0,1512.0
19,2,57;44;40;33;35;5;1,0.053391,4.78578,76.8795,odm0,1513.0
19,8,57;43;26;24,0.0359275,18.5464,39.5839,odm0,1514.0
19,11,57;43;26;23;11;10,0.0486518,24.6814,47.1416,odm0,1515.0
19,12,57;44;40;31;8;7,0.06427,22.9503,65.9924,odm0,1516.0
19,13,57;44;40;31;8;7;37,0.06427,21.6375,69.0459,odm0,1517.0
20,1,62;66;74;38;35;5,0.22867,76.6394,52.0473,odm0,1518.0
20,1,60;54;17;21;23;11;8;5,0.0486518,16.3058,56.1817,odm0,1519.0
20,2,60;54;17;21;23;11;8;5;1,0.0486518,5.03676,62.1838,odm0,1520.0
20,2,60;55;47;19;14,0.06427,6.65367,41.8292,odm0,1521.0
20,4,60;55;47;21;23;11,0.06427,14.4063,52.9273,odm0,1522.0
20,4,62;66;74;38;35;6,0.1644,36.8505,52.475,odm0,1523.0
20,5,60;55;47;21;23,0.06427,7.41495,50.49,odm0,1524.0
20,5,62;66;74;38;35;6;9,0.0359275,4.14502,54.8389,odm0,1525.0
20,6,60;55;47;19,0.06427,16.7991,34.3061,odm0,1526.0
20,6,60;54;17;21;23;12,0.0486518,12.7167,55.059,odm0,1527.0
20,8,60;55;47,0.06427,61.9095,18.0785,odm0,1528.0
20,9,60;55;47;21,0.06427,36.5332,38.3901,odm0,1529.0
20,10,60;55;49;51,0.06427,203.868,35.5368,odm0,1530.0
20,11,63;67;44;40,0.107043,49.0633,62.7692,odm0,1531.0
20,11,60;54;17;21;23;11;10,0.0486518,22.2997,56.1954,odm0,1532.0
20,12,60;54;17;19;15;11;8;7,0.053391,30.7417,47.8373,odm0,1533.0
20,12,60;54;17;19;14;3;2;7,0.0536517,30.8918,50.5761,odm0,1534.0
20,12,60;54;17;21;23;11;8;7,0.0486518,28.0129,56.2302,odm0,1535.0
20,13,60;54;17;19;15;11;8;7;37,0.053391,38.1626,50.8908,odm0,1536.0
20,14,63;67;44,0.107043,48.1836,41.3284,odm0,1537.0
21,1,64;60;54;17;19;14;3,0.053391,6.40474,51.6189,odm0,1538.0
21,1,64;60;54;17;21;23;11;8;5,0.0486518,5.83623,65.3053,odm0,1539.0
21,4,64;60;54;17;19;15;11,0.053391,12.9362,48.3216,odm0,1540.0
21,4,64;60;54;17;21;23;11,0.0486518,11.788,56.7145,odm0,1541.0
21,5,64;60;54;17;21;23,0.0486518,4.99427,54.2771,odm0,1542.0
21,6,64;60;55;47;19,0.06427,4.82256,43.4298,odm0,1543.0
21,6,64;60;54;17;21;23;12,0.0486518,3.65063,64.1827,odm0,1544.0
21,8,64;60;55;47,0.06427,18.1698,27.2021,odm0,1545.0
21,9,64;60;54;17;21,0.102043,35.1561,42.1772,odm0,1546.0
21,9,64;60;55;47;21,0.06427,22.1425,47.5137,odm0,1547.0
21,11,66;74;38;36,0.128472,59.4181,46.4604,odm0,1548.0
21,11,64;60;54;17;21;23;11;10,0.0486518,22.5014,65.3191,odm0,1549.0
21,12,65;67;44;40;33,0.053391,18.6818,74.0558,odm0,1550.0
21,12,64;60;54;17;21;23;11;8;7,0.0486518,17.0236,65.3538,odm0,1551.0
21,13,65;67;44;40;33;37,0.053391,23.5496,77.1094,odm0,1552.0
21,17,65;67;43;30,0.0359275,22.5336,46.1282,odm0,1553.0
21,24,65;70;73,0.053391,19.0763,26.3711,odm0,1554.0
22,1,67;44;40;33;35;5,0.053391,18.8906,76.6418,odm0,1555.0
22,3,67;44;40;33;35,0.053391,4.56387,72.6232,odm0,1556.0
22,4,68;60;54;17;21;23;11,0.0486518,23.4745,58.4551,odm0,1557.0
22,5,68;60;54;17;19;15,0.053391,9.75709,47.6249,odm0,1558.0
22,5,67;44;40;31;9,0.06427,11.7452,65.4813,odm0,1559.0
22,5,68;60;54;17;21;23,0.0486518,8.89101,56.0178,odm0,1560.0
22,6,68;60;54;17;21;23;12,0.0486518,8.98126,65.9233,odm0,1561.0
22,6,68;60;55;47;19,0.06427,11.8644,45.1704,odm0,1562.0
22,8,68;60;55;47,0.06427,31.5256,28.9428,odm0,1563.0
22,9,68;60;54;17;21,0.0486518,43.0482,43.9179,odm0,1564.0
22,11,68;60;54;17;21;23;11;10,0.0486518,68.0054,67.0597,odm0,1565.0
22,12,67;44;40;33,0.053391,27.4833,68.5585,odm0,1566.0
22,13,67;44;40;33;37,0.053391,80.6885,71.612,odm0,1567.0
22,17,67;43;30,0.0359275,74.8327,40.6309,odm0,1568.0
23,1,71;40;33;35;5,0.053391,17.125,56.7519,odm0,1569.0
23,3,71;40;33;35,0.053391,3.9924,52.7334,odm0,1570.0
23,4,71;41;43;26;23;11,0.0486518,25.6486,56.8994,odm0,1571.0
23,5,71;41;43;26;23,0.0486518,4.59219,54.4621,odm0,1572.0
23,6,72;68;60;54;17;19,0.053391,6.21782,50.1231,odm0,1573.0
23,6,71;41;43;26;23;12,0.0486518,5.6659,64.3676,odm0,1574.0
23,8,72;68;60;55;47,0.06427,20.941,39.2319,odm0,1575.0
23,11,71;41;43;26;23;11;10,0.0486518,47.4783,65.504,odm0,1576.0
23,12,71;40;33,0.053391,37.7373,48.6687,odm0,1577.0
23,13,71;40;33;37,0.053391,46.2825,51.7222,odm0,1578.0
23,17,72;67;43;30,0.0359275,16.365,50.92,odm0,1579.0
24,4,76;71;40;31,0.053391,12.1309,48.6379,odm0,1580.0
24,8,75;64;60;55;47,0.06427,11.7768,37.0463,odm0,1581.0
24,17,75;64;61;58,0.194149,73.6999,41.4464,odm0,1582.0
24,17,75;65;67;43;30,0.0359275,13.6382,55.9723,odm0,1583.0
1,19,2;7;36;32;28;45,0.0252238,8.76995,48.0708,odm1,1584.0
1,21,2;6;9;13;24;20;18;56;62,0.0425652,4.18225,60.0456,odm1,1585.0
2,15,3;2;7;36;32;28,0.0252238,3.2513,49.7989,odm1,1586.0
2,15,3;2;6;10;34;41,0.0808565,10.4222,54.9431,odm1,1587.0
2,17,3;2;6;10;32;30,0.0808565,11.5367,51.3467,odm1,1588.0
2,19,3;2;6;10;34;41;45,0.0808565,8.37102,59.2162,odm1,1589.0
2,19,3;2;7;36;32;28;45,0.0252238,2.6114,54.072,odm1,1590.0
2,20,3;2;6;9;13;24;20;18;56,0.0425652,3.63214,56.8547,odm1,1591.0
4,14,9;13;25;28;44,0.0532389,18.7182,41.6283,odm1,1592.0
4,16,10;32;29,0.0808565,79.3575,40.6156,odm1,1593.0
4,20,8;7;37;39;75;64,0.0808565,23.4401,46.726,odm1,1594.0
4,21,9;13;24;20;18;56;62,0.0425652,6.32428,51.576,odm1,1595.0
5,14,11;8;7;37;39;76;71,0.0425652,4.53465,44.1416,odm1,1596.0
5,21,13;24;20;18;56;62,0.0425652,3.52629,49.1638,odm1,1597.0
6,14,15;13;25;28;44,0.0532389,6.63163,48.1433,odm1,1598.0
6,20,15;13;24;20;18;56,0.0425652,10.662,48.8988,odm1,1599.0
6,21,16;20;18;56;63;69,0.045201,3.8638,42.5209,odm1,1600.0
6,21,15;13;24;20;18;56;62,0.0425652,3.63848,58.0909,odm1,1601.0
7,9,18;56;62;65;67;43;26,0.0252238,18.8552,52.4756,odm1,1602.0
7,10,18;56;62;65;67;43,0.0252238,48.2296,46.0654,odm1,1603.0
7,13,18;56;63;70;73;74,0.09375,46.2432,50.8237,odm1,1604.0
7,14,18;56;62;65;67;44,0.0252238,4.69809,43.6765,odm1,1605.0
7,24,18;56;63;69;66,0.045201,5.08081,33.0199,odm1,1606.0
8,14,20;18;56;62;65;67;44,0.0252238,7.96557,49.6736,odm1,1607.0
8,14,22;50;56;61;57;44,0.0532389,16.8126,46.62,odm1,1608.0
8,15,22;50;56;61;57,0.0532389,32.9751,35.0487,odm1,1609.0
8,15,20;18;56;63;67,0.0808565,50.081,33.1381,odm1,1610.0
8,17,19;15;13;25;30,0.0252238,33.4824,56.8553,odm1,1611.0
8,19,22;50;56;61,0.0532389,41.5561,30.7326,odm1,1612.0
8,19,20;18;56;63;67;45,0.0808565,63.1133,37.4113,odm1,1613.0
8,21,20;18;56;63;69,0.045201,17.0434,28.1985,odm1,1614.0
8,22,22;50;56;62;65,0.0532389,23.0778,33.7678,odm1,1615.0
8,23,22;50;56;62;66;76,0.0532389,17.2623,43.1642,odm1,1616.0
8,24,20;18;56;63;69;66,0.045201,11.6836,39.017,odm1,1617.0
9,7,25;28;45;59;60;54,0.0252238,11.9289,39.6792,odm1,1618.0
9,8,23;12;16,0.0252238,22.5205,34.5708,odm1,1619.0
9,16,25;28;45;59;60;55,0.0252238,37.5614,40.9525,odm1,1620.0
9,18,25;28;45;59;60,0.0252238,3.56438,37.6237,odm1,1621.0
9,21,23;11;8;7;37;39;75,0.0808565,26.8853,51.0157,odm1,1622.0
9,23,23;11;8;7;37;39;76,0.0808565,38.1766,44.7403,odm1,1623.0
10,7,28;45;59;60;54,0.0252238,44.4892,33.589,odm1,1624.0
10,8,26;23;12;16,0.0252238,38.3493,40.981,odm1,1625.0
10,16,28;46;68;60;55,0.045201,176.347,38.4343,odm1,1626.0
11,7,32;26;24;20,0.09375,53.3837,39.8191,odm1,1627.0
11,7,32;28;45;59;60;54,0.0252238,14.3631,44.6764,odm1,1628.0
11,16,32;28;45;59;60;55,0.0252238,29.9183,45.9496,odm1,1629.0
11,18,32;28;45;59;60,0.0252238,2.79328,42.6208,odm1,1630.0
11,20,32;28;46;68,0.138951,82.6045,41.8059,odm1,1631.0
11,23,33;37;39;76,0.0532389,52.4171,37.692,odm1,1632.0
12,18,35;6;9;12;16;22;50,0.0532389,8.30918,49.4267,odm1,1633.0
12,20,35;6;9;12;16;22;50;56,0.0532389,25.555,53.7506,odm1,1634.0
12,20,35;6;9;13;24;20;18;56,0.0425652,20.4316,50.8918,odm1,1635.0
12,21,35;6;9;13;24;20;18;56;62,0.0425652,14.0682,60.0839,odm1,1636.0
13,16,38;35;6;9;12;16;22,0.13112,60.6473,49.214,odm1,1637.0
13,17,39;76;72;67;45;58,0.0778809,33.57,55.3314,odm1,1638.0
13,18,38;35;6;9;12;16;22;50,0.0532389,5.69016,52.4698,odm1,1639.0
13,18,38;35;6;9;12;16;20;18,0.0778809,8.32389,46.0894,odm1,1640.0
14,4,42;73;74;38;35;6,0.0808565,37.4675,43.6552,odm1,1641.0
14,7,41;46;68;60;54,0.09375,23.3265,39.8352,odm1,1642.0
14,8,40;31;9;12;16,0.13112,57.6995,51.7829,odm1,1643.0
14,8,40;32;26;24,0.09375,41.2548,49.5927,odm1,1644.0
14,9,40;31;9;13,0.0778809,41.5982,38.9801,odm1,1645.0
14,18,41;46;68;60,0.09375,10.1119,37.7797,odm1,1646.0
14,20,41;46;68,0.09375,35.5541,33.3927,odm1,1647.0
15,12,46;70;73;74;38,0.09375,77.809,46.8018,odm1,1648.0
16,9,50;56;62;65;67;43;26,0.0252238,41.3905,53.677,odm1,1649.0
16,10,50;56;62;65;67;43,0.0252238,116.772,47.2668,odm1,1650.0
16,11,50;56;61;57;44;40,0.045201,48.3529,51.2146,odm1,1651.0
16,11,50;56;62;65;67;43;27,0.0252238,26.9827,62.5174,odm1,1652.0
16,14,50;56;62;65;67;44,0.0252238,18.2749,44.8779,odm1,1653.0
16,24,50;56;63;69;66,0.045201,11.8828,34.2213,odm1,1654.0
17,7,51;28;45;59;60;54,0.0252238,28.6381,49.9908,odm1,1655.0
17,8,51;26;23;12;16,0.0252238,27.838,57.3829,odm1,1656.0
17,16,51;26;24;20;18;55,0.0425652,150.602,50.5168,odm1,1657.0
17,18,51;26;24;20;18,0.0425652,24.6707,47.188,odm1,1658.0
18,9,56;62;65;67;43;26,0.0252238,5.87965,50.4213,odm1,1659.0
18,10,56;62;65;67;43,0.0252238,19.7019,44.011,odm1,1660.0
18,11,56;62;65;67;43;27,0.0252238,3.82432,59.2616,odm1,1661.0
18,11,56;63;70;71;40,0.09375,14.2139,51.6865,odm1,1662.0
18,14,56;62;65;67;44,0.0252238,3.17991,41.6221,odm1,1663.0
19,7,57;46;68;60;54,0.045201,16.5738,31.1945,odm1,1664.0
19,8,57;46;68;60;54;17,0.045201,25.3914,37.2375,odm1,1665.0
19,12,57;46;70;73;74;38,0.09375,32.1037,51.1178,odm1,1666.0
19,16,57;46;68;60;55,0.045201,60.6561,32.4678,odm1,1667.0
19,18,57;46;68;60,0.045201,10.4195,29.139,odm1,1668.0
19,20,57;46;68,0.045201,61.8673,24.752,odm1,1669.0
20,9,62;65;67;43;26,0.0252238,19.4093,46.0974,odm1,1670.0
20,11,63;70;71;40,0.09375,45.0475,47.3626,odm1,1671.0
20,11,62;65;67;43;27,0.0252238,12.1202,54.9377,odm1,1672.0
20,12,61;57;44;40;33,0.0532389,20.6557,58.0073,odm1,1673.0
20,12,63;69;66;74;38,0.045201,17.5372,47.406,odm1,1674.0
20,13,63;69;66;74,0.045201,33.6923,44.3629,odm1,1675.0
20,14,62;65;67;44,0.0252238,15.6049,37.2983,odm1,1676.0
20,17,62;65;67;43;30,0.0252238,48.7462,56.0453,odm1,1677.0
20,24,63;69;66,0.045201,15.4012,26.6416,odm1,1678.0
21,4,66;76;71;40;31,0.0532389,13.2235,50.4095,odm1,1679.0
21,5,66;76;71;40;31;9,0.0532389,5.24413,52.8217,odm1,1680.0
21,11,65;70;71;40,0.09375,46.4121,43.1346,odm1,1681.0
22,5,70;71;40;31;9,0.09375,22.5861,49.2521,odm1,1682.0
23,21,72;68;62,0.0425652,24.8405,32.2213,odm1,1683.0
24,6,76;71;40;31;9;12,0.0532389,5.56811,51.7556,odm1,1684.0
24,10,74;38;36;32,0.0808565,78.3518,46.197,odm1,1685.0
1,2,2;7;37;39;75;64;60;54;17;19;14,,,40.0,ksp,
1,2,2;7;36;32;29;47;19;14,,,35.0,ksp,
1,2,2;7;37;39;75;65;67;45;58;52;47;19;14,,,42.0,ksp,
1,2,2;6;9;12;14,,,19.0,ksp,
1,2,2;7;36;32;26;24;19;14,,,39.0,ksp,
1,2,2;7;37;39;76;72;68;60;54;17;19;14,,,42.0,ksp,
1,3,1;4;16;22;48;27;33;35,,,37.0,ksp,
1,3,1;4;15;11;8,,,21.0,ksp,
1,3,1;4;16;21;25;27;33;35,,,41.0,ksp,
1,3,1;4;16;20;18;56;63;70;73;74;38;35,,,44.0,ksp,
1,3,1;4;16;20;18;56;62;66;74;38;35,,,42.0,ksp,
1,4,1;4;16;20;18;55;48;26;23;11,,,35.0,ksp,
1,4,1;4;16;21;23;11,,,30.0,ksp,
1,4,2;7;37;39;76;71;40;31,,,31.0,ksp,
1,4,2;7;36;31,,,20.0,ksp,
1,4,1;4;15;11,,,17.0,ksp,
1,4,1;4;16;22;48;27;31,,,33.0,ksp,
1,5,2;7;36;32;26;23,,,27.0,ksp,
1,5,2;7;37;39;75;65;67;43;26;23,,,37.0,ksp,
1,5,1;4;16;22;48;26;23,,,30.0,ksp,
1,5,2;7;36;31;9,,,22.0,ksp,
1,5,2;7;37;39;76;72;67;43;26;23,,,38.0,ksp,
1,5,1;4;15,,,15.0,ksp,
1,5,1;4;16;21;23,,,28.0,ksp,
1,6,2;7;36;34;41;45;58;52;50;54;17;19,,,40.0,ksp,
1,6,2;7;37;39;76;72;68;60;54;17;19,,,37.0,ksp,
1,6,2;7;37;39;75;64;60;54;17;19,,,35.0,ksp,
1,6,2;7;37;39;75;65;67;45;58;52;47;19,,,37.0,ksp,
1,6,2;7;36;32;29;47;19,,,30.0,ksp,
1,6,2;7;36;32;26;24;19,,,34.0,ksp,
1,6,2;6;9;12,,,14.0,ksp,
1,7,2;7;36;34;42;72;68;60;54,,,37.0,ksp,
1,7,2;6;9;13;25;29;50;54,,,27.0,ksp,
1,7,2;6;10;32;30;52;50;54,,,34.0,ksp,
1,7,2;7;37;39;75;65;67;45;58;52;50;54,,,35.0,ksp,
1,7,2;6;10;32;29;50;54,,,28.0,ksp,
1,7,2;7;37;39;76;72;68;60;54,,,32.0,ksp,
1,7,1;4;15;13;24;20,,,33.0,ksp,
1,7,2;7;36;34;41;45;59;60;54,,,36.0,ksp,
1,7,2;7;37;39;75;64;60;54,,,30.0,ksp,
1,7,1;4;16;22;50;54,,,23.0,ksp,
1,7,2;6;9;12;16;20,,,19.0,ksp,
1,7,2;6;10;34;41;45;59;60;54,,,36.0,ksp,
1,7,2;7;36;32;29;50;54,,,28.0,ksp,
1,8,2;7;36;32;29;50;54;17,,,31.0,ksp,
1,8,2;6;9;12;16,,,16.0,ksp,
1,8,2;6;10;34;41;45;58;52;47,,,35.0,ksp,
1,8,2;7;36;32;29;47,,,28.0,ksp,
1,8,2;6;10;32;29;47,,,28.0,ksp,
1,8,2;7;37;39;76;72;68;60;54;17,,,35.0,ksp,
1,8,1;4;15;13;24,,,30.0,ksp,
1,8,2;7;37;39;75;65;68;60;54;17,,,34.0,ksp,
1,8,2;7;37;39;75;64;60;54;17,,,33.0,ksp,
1,9,1;4;15;13,,,20.0,ksp,
1,9,2;7;37;39;75;65;67;43;26,,,32.0,ksp,
1,9,2;7;37;39;76;72;67;43;26,,,33.0,ksp,
1,9,2;7;36;32;26,,,22.0,ksp,
1,9,2;7;36;34;41;43;26,,,32.0,ksp,
1,9,2;7;37;39;75;64;60;55;48;26,,,38.0,ksp,
1,9,2;6;10;32;26,,,22.0,ksp,
1,9,1;4;16;22;48;26,,,25.0,ksp,
1,9,1;4;16;21,,,23.0,ksp,
1,10,2;6;10;34;41;45;58;51,,,36.0,ksp,
1,10,1;4;15;13;25,,,23.0,ksp,
1,10,1;4;16;22;48,,,22.0,ksp,
1,10,1;4;16;21;25,,,26.0,ksp,
1,10,1;4;15;11;10;34;41;43,,,38.0,ksp,
1,10,2;7;37;39;75;65;67;43,,,29.0,ksp,
1,10,2;7;37;39;76;72;67;43,,,30.0,ksp,
1,10,1;4;16;20;18;55;48,,,25.0,ksp,
1,10,1;4;16;22;49;51,,,28.0,ksp,
1,11,1;4;16;20;18;55;49;53;57;44;40,,,37.0,ksp,
1,11,1;4;16;21;25;27,,,31.0,ksp,
1,11,1;4;15;13;25;28;44;40,,,38.0,ksp,
1,11,1;4;16;22;48;27,,,27.0,ksp,
1,11,1;4;16;22;49;53;57;44;40,,,34.0,ksp,
1,11,1;4;16;20;18;56;63;70;71;40,,,39.0,ksp,
1,11,1;4;16;20;18;56;62;66;76;71;40,,,41.0,ksp,
1,11,2;7;37;39;76;71;40,,,25.0,ksp,
1,11,1;4;15;11;10,,,23.0,ksp,
1,11,1;4;15;13;25;27,,,28.0,ksp,
1,12,1;4;16;22;49;53;57;46;70;73;74;38,,,41.0,ksp,
1,12,1;4;16;21;25;27;33,,,37.0,ksp,
1,12,1;4;15;13;25;28;44;42;73;74;38,,,47.0,ksp,
1,12,1;4;16;22;48;27;33,,,33.0,ksp,
1,12,2;6;9;13;25;27;33,,,29.0,ksp,
1,12,1;4;15;11;10;33,,,29.0,ksp,
1,12,2;6;10;33,,,20.0,ksp,
1,12,1;4;16;22;49;53;57;46;69;66;74;38,,,40.0,ksp,
1,12,1;4;16;20;18;56;63;69;66;74;38,,,39.0,ksp,
1,12,1;4;16;20;18;56;62;66;74;38,,,38.0,ksp,
1,12,1;4;15;13;25;28;46;70;73;74;38,,,45.0,ksp,
1,13,1;4;15;13;25;28;46;69;66;74,,,41.0,ksp,
1,13,1;4;15;13;25;27;33;37,,,37.0,ksp,
1,13,1;4;15;11;10;33;37,,,32.0,ksp,
1,13,2;6;9;13;25;28;46;70;73;74,,,37.0,ksp,
1,13,1;4;16;20;18;56;62;66;74,,,35.0,ksp,
1,13,1;4;16;22;49;53;59;63;69;66;74,,,40.0,ksp,
1,13,1;4;16;20;18;56;63;70;73;74,,,37.0,ksp,
1,13,1;4;16;22;49;53;57;46;70;73;74,,,38.0,ksp,
1,13,1;4;16;22;48;27;33;37,,,36.0,ksp,
1,13,1;4;16;22;49;53;57;46;69;66;74,,,37.0,ksp,
1,13,2;6;9;13;25;28;44;42;73;74,,,39.0,ksp,
1,13,2;6;10;34;42;73;74,,,28.0,ksp,
1,14,2;6;9;13;25;27;34,,,27.0,ksp,
1,14,2;6;9;13;25;28;44,,,29.0,ksp,
1,14,1;4;16;22;48;27;34,,,31.0,ksp,
1,14,1;4;16;20;18;55;49;53;57;44,,,33.0,ksp,
1,14,1;4;16;22;49;53;57;44,,,30.0,ksp,
1,14,1;4;15;11;10;34,,,27.0,ksp,
1,14,2;7;36;32;28;46;70;71,,,36.0,ksp,
1,14,1;4;15;13;25;28;44,,,34.0,ksp,
1,14,1;4;16;20;18;56;62;65;67;44,,,38.0,ksp,
1,14,1;4;16;20;18;56;63;70;71,,,35.0,ksp,
1,15,1;4;16;22;49;53;57,,,25.0,ksp,
1,15,2;7;37;39;76;72;67,,,24.0,ksp,
1,15,1;4;15;11;10;34;41,,,32.0,ksp,
1,15,1;4;15;13;25;28,,,29.0,ksp,
1,15,2;6;10;32;30;53;57,,,32.0,ksp,
1,15,1;4;16;20;18;56;63;67,,,30.0,ksp,
1,15,1;4;16;20;18;56;61;57,,,29.0,ksp,
1,16,2;7;37;39;76;72;68;61;58;52,,,34.0,ksp,
1,16,1;4;15;13;25;30;52,,,33.0,ksp,
1,16,1;4;15;13;25;29,,,27.0,ksp,
1,16,2;7;36;32;29,,,23.0,ksp,
1,16,2;7;36;34;41;45;58;52,,,30.0,ksp,
1,16,2;7;37;39;75;64;60;55,,,31.0,ksp,
1,16,2;6;9;12;16;20;18;55,,,24.0,ksp,
1,16,2;6;10;32;30;52,,,29.0,ksp,
1,16,2;6;10;32;29,,,23.0,ksp,
1,16,2;7;37;39;75;65;67;45;58;52,,,30.0,ksp,
1,16,1;4;15;13;24;22,,,35.0,ksp,
1,16,2;6;10;34;41;45;58;52,,,30.0,ksp,
1,17,2;7;37;39;75;65;67;45;58,,,28.0,ksp,
1,17,2;7;37;39;75;64;61;58,,,30.0,ksp,
1,17,2;7;37;39;76;72;67;45;58,,,29.0,ksp,
1,17,2;7;37;39;76;72;68;61;58,,,32.0,ksp,
1,17,1;4;16;20;18;55;49,,,23.0,ksp,
1,17,2;6;10;34;41;45;58,,,28.0,ksp,
1,17,1;4;16;20;18;56;61;58,,,28.0,ksp,
1,17,1;4;15;13;25;29;49,,,29.0,ksp,
1,17,1;4;15;11;10;32;30,,,36.0,ksp,
1,17,1;4;15;13;25;30,,,31.0,ksp,
1,17,2;6;10;32;29;49,,,25.0,ksp,
1,18,2;7;37;39;75;64;60,,,28.0,ksp,
1,18,1;4;15;13;25;28;46;68;60,,,41.0,ksp,
1,18,2;7;37;39;76;72;68;60,,,30.0,ksp,
1,18,2;7;36;34;41;45;59;60,,,34.0,ksp,
1,18,2;6;9;12;16;20;18,,,21.0,ksp,
1,18,2;7;36;32;29;50,,,26.0,ksp,
1,18,1;4;15;13;25;30;52;50,,,36.0,ksp,
1,18,2;6;10;32;29;50,,,26.0,ksp,
1,18,2;6;10;34;42;72;68;60,,,35.0,ksp,
1,18,2;6;9;13;25;29;50,,,25.0,ksp,
1,19,2;6;9;13;25;30;53,,,28.0,ksp,
1,19,1;4;15;13;25;28;45,,,32.0,ksp,
1,19,2;6;9;13;25;29;49;53,,,26.0,ksp,
1,19,2;7;37;39;76;72;67;45,,,27.0,ksp,
1,19,2;6;10;34;42;72;68;61,,,35.0,ksp,
1,19,2;6;10;32;30;53,,,29.0,ksp,
1,19,2;7;37;39;75;64;61,,,28.0,ksp,
1,19,1;4;15;13;25;30;53,,,33.0,ksp,
1,19,1;4;15;13;25;29;49;53,,,31.0,ksp,
1,20,2;7;37;39;76;72;68,,,26.0,ksp,
1,20,2;6;10;34;41;45;59,,,30.0,ksp,
1,20,2;6;10;32;28;46;68,,,33.0,ksp,
1,20,2;6;9;13;25;30;53;59,,,32.0,ksp,
1,20,2;7;36;34;42;72;69;64,,,34.0,ksp,
1,20,2;7;37;39;75;64,,,24.0,ksp,
1,20,2;6;9;13;25;29;50;56,,,29.0,ksp,
1,20,1;4;15;13;25;29;49;53;59,,,35.0,ksp,
1,20,1;4;16;22;49;53;59,,,26.0,ksp,
1,20,1;4;15;13;25;29;50;56,,,34.0,ksp,
1,20,2;7;36;34;42;72;68,,,31.0,ksp,
1,20,1;4;15;13;25;28;46;68,,,37.0,ksp,
1,20,2;6;10;34;41;46;68,,,31.0,ksp,
1,21,1;4;16;22;49;53;59;62,,,32.0,ksp,
1,21,1;4;15;13;25;29;50;56;62,,,40.0,ksp,
1,21,1;4;15;13;25;30;53;59;63;69,,,44.0,ksp,
1,21,2;7;36;34;42;73;75,,,27.0,ksp,
1,21,1;4;16;22;49;53;59;63;69,,,33.0,ksp,
1,21,2;7;36;34;42;72;69,,,28.0,ksp,
1,21,2;6;10;34;42;73;75,,,27.0,ksp,
1,21,1;4;16;20;18;56;62,,,28.0,ksp,
1,21,1;4;15;11;10;34;42;73;75,,,36.0,ksp,
1,21,1;4;16;22;49;53;57;46;69,,,30.0,ksp,
1,21,2;6;9;13;25;28;46;69,,,29.0,ksp,
1,21,2;6;10;32;28;46;69,,,30.0,ksp,
1,21,1;4;15;11;10;34;41;46;69,,,37.0,ksp,
1,22,1;4;16;20;18;56;63,,,27.0,ksp,
1,22,2;7;36;32;30;53;59;62;65,,,41.0,ksp,
1,22,1;4;16;22;49;53;59;62;65,,,34.0,ksp,
1,22,2;6;10;32;29;50;56;63,,,35.0,ksp,
1,22,2;6;10;34;41;46,,,26.0,ksp,
1,22,1;4;15;11;10;34;42;72,,,35.0,ksp,
1,22,1;4;16;22;49;53;57;46,,,28.0,ksp,
1,22,1;4;15;13;25;28;46,,,32.0,ksp,
1,23,1;4;16;22;49;53;57;44;42,,,34.0,ksp,
1,23,1;4;16;22;49;53;59;62;66;76,,,37.0,ksp,
1,23,1;4;15;13;25;28;46;70,,,36.0,ksp,
1,23,1;4;15;13;25;28;44;42,,,38.0,ksp,
1,23,1;4;16;22;49;53;57;46;70,,,32.0,ksp,
1,23,1;4;16;20;18;56;62;66;76,,,33.0,ksp,
1,23,2;6;9;13;25;28;46;70,,,31.0,ksp,
1,23,1;4;15;13;25;29;50;56;63;69;66;76,,,46.0,ksp,
1,23,2;6;10;32;30;53;59;63;70,,,42.0,ksp,
1,23,1;4;16;20;18;56;63;70,,,31.0,ksp,
1,24,1;4;16;20;18;56;63;70;73,,,33.0,ksp,
1,24,1;4;16;22;49;53;59;62;66,,,35.0,ksp,
1,24,1;4;16;22;49;53;57;46;69;66,,,33.0,ksp,
1,24,1;4;15;11;10;34;42;73,,,33.0,ksp,
1,24,1;4;15;13;25;29;50;56;62;66,,,43.0,ksp,
1,24,2;6;9;13;25;28;46;69;66,,,32.0,ksp,
1,24,1;4;16;20;18;56;62;66,,,31.0,ksp,
1,24,1;4;16;20;18;56;63;69;66,,,32.0,ksp,
1,24,1;4;16;22;49;53;57;44;42;73,,,36.0,ksp,
1,24,1;4;15;13;25;28;46;70;73,,,38.0,ksp,
1,24,2;6;9;13;25;28;46;70;73,,,33.0,ksp,
1,24,1;4;15;13;25;28;46;69;66,,,37.0,ksp,
1,24,2;6;10;34;42;73,,,24.0,ksp,
2,1,4;16;20;18;56;63;70;73;74;38;35;5,,,42.0,ksp,
2,1,4;16;22;49;53;57;46;69;66;74;38;35;5,,,42.0,ksp,
2,1,4;15;11;8;5,,,19.0,ksp,
2,1,4;16;22;48;27;33;35;5,,,35.0,ksp,
2,1,4;16;21;25;27;33;35;5,,,39.0,ksp,
2,1,4;16;20;18;56;62;66;74;38;35;5,,,40.0,ksp,
2,3,4;16;20;18;56;63;70;73;74;38;35,,,38.0,ksp,
2,3,4;16;22;49;53;57;46;69;66;74;38;35,,,38.0,ksp,
2,3,4;16;21;25;27;33;35,,,35.0,ksp,
2,3,4;16;20;18;56;62;66;74;38;35,,,36.0,ksp,
2,3,4;15;11;8,,,15.0,ksp,
2,3,4;16;20;18;55;49;53;57;44;40;33;35,,,41.0,ksp,
2,3,4;16;22;48;27;33;35,,,31.0,ksp,
2,4,4;16;21;23;11,,,24.0,ksp,
2,4,4;16;22;48;27;31,,,27.0,ksp,
2,4,3;2;7;36;31,,,26.0,ksp,
2,4,4;16;20;18;55;49;53;57;44;40;31,,,37.0,ksp,
2,5,4;16;21;23,,,22.0,ksp,
2,5,3;2;7;37;39;75;65;67;43;26;23,,,43.0,ksp,
2,5,3;2;7;36;32;26;23,,,33.0,ksp,
2,5,4;16;22;48;26;23,,,24.0,ksp,
2,5,3;2;7;36;31;9,,,28.0,ksp,
2,6,3;2;7;37;39;76;72;68;60;54;17;19,,,43.0,ksp,
2,6,3;2;6;9;12,,,20.0,ksp,
2,6,3;2;7;37;39;75;64;60;54;17;19,,,41.0,ksp,
2,6,3;2;7;36;32;26;24;19,,,40.0,ksp,
2,6,3;2;7;37;39;75;65;67;45;58;52;47;19,,,43.0,ksp,
2,6,3;2;7;36;32;29;47;19,,,36.0,ksp,
2,7,3;2;6;9;13;25;29;50;54,,,33.0,ksp,
2,7,4;15;11;10;34;42;72;68;60;54,,,40.0,ksp,
2,7,3;2;6;10;32;29;50;54,,,34.0,ksp,
2,7,4;16;22;50;54,,,17.0,ksp,
2,7,3;2;7;36;32;29;50;54,,,34.0,ksp,
2,7,3;2;6;10;32;30;52;47;20,,,43.0,ksp,
2,7,3;2;6;10;34;41;45;59;60;54,,,42.0,ksp,
2,7,4;15;13;24;20,,,27.0,ksp,
2,7,3;2;7;37;39;75;64;60;54,,,36.0,ksp,
2,7,3;2;7;36;34;41;45;58;52;47;20,,,44.0,ksp,
2,7,4;15;13;25;30;52;50;54,,,32.0,ksp,
2,7,4;15;13;25;28;45;59;60;54,,,36.0,ksp,
2,7,3;2;7;37;39;76;72;68;60;54,,,38.0,ksp,
2,8,3;2;7;37;39;76;72;68;60;54;17,,,41.0,ksp,
2,8,4;15;13;25;29;47,,,26.0,ksp,
2,8,3;2;6;9;12;16,,,22.0,ksp,
2,8,3;2;7;36;32;29;47,,,34.0,ksp,
2,8,4;15;11;10;32;29;50;54;17,,,34.0,ksp,
2,8,3;2;6;10;32;30;52;47,,,40.0,ksp,
2,8,3;2;6;10;34;41;45;58;52;50;54;17,,,44.0,ksp,
2,8,4;15;13;24,,,24.0,ksp,
2,8,3;2;7;36;34;41;45;58;52;47,,,41.0,ksp,
2,8,3;2;7;37;39;75;64;60;54;17,,,39.0,ksp,
2,9,4;16;21,,,17.0,ksp,
2,9,4;16;22;48;26,,,19.0,ksp,
2,9,3;2;7;37;39;75;65;67;43;26,,,38.0,ksp,
2,9,3;2;7;36;32;26,,,28.0,ksp,
2,9,3;2;6;10;34;41;43;26,,,38.0,ksp,
2,9,3;2;6;10;32;26,,,28.0,ksp,
2,9,3;2;7;37;39;76;72;67;43;26,,,39.0,ksp,
2,10,4;16;22;49;51,,,22.0,ksp,
2,10,4;16;20;18;55;48,,,19.0,ksp,
2,10,3;2;7;37;39;75;65;67;43,,,35.0,ksp,
2,10,3;2;7;36;34;41;43,,,35.0,ksp,
2,10,3;2;7;37;39;76;72;67;43,,,36.0,ksp,
2,10,3;2;6;10;34;41;43,,,35.0,ksp,
2,10,4;16;21;25,,,20.0,ksp,
2,11,4;16;21;25;27,,,25.0,ksp,
2,11,4;16;20;18;56;62;66;76;71;40,,,35.0,ksp,
2,11,4;16;22;49;53;57;44;40,,,28.0,ksp,
2,11,4;16;20;18;56;63;70;71;40,,,33.0,ksp,
2,11,4;15;13;25;27,,,22.0,ksp,
2,11,3;2;7;37;39;76;71;40,,,31.0,ksp,
2,11,4;16;22;48;27,,,21.0,ksp,
2,11,4;16;20;18;55;49;53;57;44;40,,,31.0,ksp,
2,12,4;15;11;10;33,,,23.0,ksp,
2,12,4;15;13;25;28;46;70;73;74;38,,,39.0,ksp,
2,12,4;16;21;25;27;33,,,31.0,ksp,
2,12,4;15;13;25;28;44;42;73;74;38,,,41.0,ksp,
2,12,4;16;22;48;27;33,,,27.0,ksp,
2,12,4;16;20;18;56;63;69;66;74;38,,,33.0,ksp,
2,12,4;16;22;49;53;57;46;70;73;74;38,,,35.0,ksp,
2,12,3;2;6;10;33,,,26.0,ksp,
2,12,4;16;22;49;53;57;46;69;66;74;38,,,34.0,ksp,
2,12,4;15;11;8;7,,,19.0,ksp,
2,12,4;16;20;18;56;62;66;74;38,,,32.0,ksp,
2,13,4;16;20;18;56;63;69;66;74,,,30.0,ksp,
2,13,4;16;22;49;53;59;62;66;74,,,33.0,ksp,
2,13,4;16;22;49;53;57;46;69;66;74,,,31.0,ksp,
2,13,4;16;20;18;56;62;66;74,,,29.0,ksp,
2,13,3;2;6;10;33;37,,,29.0,ksp,
2,13,4;16;22;48;27;33;37,,,30.0,ksp,
2,13,4;15;13;25;28;46;69;66;74,,,35.0,ksp,
2,13,4;15;11;8;7;37,,,22.0,ksp,
2,13,4;15;11;10;34;42;73;74,,,31.0,ksp,
2,13,4;16;20;18;56;63;70;73;74,,,31.0,ksp,
2,13,3;2;6;10;34;42;73;74,,,34.0,ksp,
2,13,4;15;11;10;33;37,,,26.0,ksp,
2,13,3;2;6;9;13;25;28;46;70;73;74,,,43.0,ksp,
2,13,4;15;13;25;27;33;37,,,31.0,ksp,
2,13,4;16;21;25;27;33;37,,,34.0,ksp,
2,13,4;16;22;49;53;57;46;70;73;74,,,32.0,ksp,
2,14,4;16;20;18;56;63;70;71,,,29.0,ksp,
2,14,4;15;13;25;28;44,,,28.0,ksp,
2,14,4;16;22;48;28;44,,,27.0,ksp,
2,14,4;16;21;25;27;34,,,29.0,ksp,
2,14,4;16;20;18;55;49;53;57;44,,,27.0,ksp,
2,14,3;2;6;9;13;25;27;34,,,33.0,ksp,
2,14,4;16;20;18;56;62;65;70;71,,,32.0,ksp,
2,14,4;16;22;49;53;57;44,,,24.0,ksp,
2,15,3;2;7;37;39;75;65;67,,,29.0,ksp,
2,15,3;2;6;10;32;30;53;57,,,38.0,ksp,
2,15,4;16;20;18;56;63;67,,,24.0,ksp,
2,15,3;2;7;37;39;76;72;67,,,30.0,ksp,
2,16,3;2;7;37;39;75;64;60;55,,,37.0,ksp,
2,16,3;2;7;37;39;75;65;67;45;58;52,,,36.0,ksp,
2,16,4;15;13;25;30;52,,,27.0,ksp,
2,16,3;2;6;10;34;41;45;58;52,,,36.0,ksp,
2,16,3;2;7;36;32;29,,,29.0,ksp,
2,16,3;2;7;36;34;41;45;58;52,,,36.0,ksp,
2,16,3;2;7;37;39;76;72;68;60;55,,,39.0,ksp,
2,16,4;15;13;25;29,,,21.0,ksp,
2,16,3;2;6;9;13;25;29,,,28.0,ksp,
2,16,3;2;6;10;32;29,,,29.0,ksp,
2,17,3;2;7;37;39;75;65;67;45;58,,,34.0,ksp,
2,17,3;2;6;10;32;29;49,,,31.0,ksp,
2,17,4;15;13;25;28;45;58,,,28.0,ksp,
2,17,3;2;7;37;39;75;64;61;58,,,36.0,ksp,
2,17,3;2;6;10;34;42;72;68;61;58,,,43.0,ksp,
2,17,3;2;6;10;34;41;45;58,,,34.0,ksp,
2,17,4;15;13;25;29;49,,,23.0,ksp,
2,17,3;2;7;37;39;76;72;67;45;58,,,35.0,ksp,
2,17,3;2;7;36;34;41;45;58,,,34.0,ksp,
2,17,4;16;20;18;56;61;58,,,22.0,ksp,
2,19,3;2;6;10;32;30;53,,,35.0,ksp,
2,19,3;2;7;36;34;42;72;68;61,,,41.0,ksp,
2,19,3;2;7;37;39;76;72;68;61,,,36.0,ksp,
2,19,3;2;7;37;39;75;64;61,,,34.0,ksp,
2,19,4;15;13;25;29;49;53,,,25.0,ksp,
2,19,3;2;7;37;39;75;65;67;45,,,32.0,ksp,
2,19,4;15;11;10;32;30;53,,,32.0,ksp,
2,19,3;2;7;36;34;41;45,,,32.0,ksp,
2,19,3;2;7;37;39;76;72;67;45,,,33.0,ksp,
2,20,3;2;7;37;39;75;64,,,30.0,ksp,
2,20,3;2;6;10;34;41;46;68,,,37.0,ksp,
2,20,4;16;22;49;53;59,,,20.0,ksp,
2,20,4;15;13;25;28;45;59,,,30.0,ksp,
2,20,3;2;6;10;34;41;45;59,,,36.0,ksp,
2,20,3;2;6;10;34;42;72;69;64,,,40.0,ksp,
2,20,3;2;6;10;34;42;72;68,,,37.0,ksp,
2,20,4;15;13;25;28;46;68,,,31.0,ksp,
2,20,4;15;13;25;29;49;53;59,,,29.0,ksp,
2,20,3;2;7;36;32;29;50;56,,,36.0,ksp,
2,20,3;2;6;10;32;30;53;59,,,39.0,ksp,
2,20,3;2;7;37;39;76;72;68,,,32.0,ksp,
2,22,3;2;6;10;32;28;46,,,34.0,ksp,
2,22,3;2;7;36;34;42;72,,,32.0,ksp,
2,22,4;15;11;10;34;42;72,,,29.0,ksp,
2,22,4;16;22;49;53;57;46,,,22.0,ksp,
2,22,4;16;22;49;53;59;62;65,,,28.0,ksp,
2,22,3;2;6;10;34;41;46,,,32.0,ksp,
2,22,4;15;13;25;28;46,,,26.0,ksp,
2,22,4;15;13;25;30;53;59;62;65,,,39.0,ksp,
3,1,7;37;39;76;72;68;60;54;17;19;14;3,,,44.0,ksp,
3,1,7;36;32;26;24;19;14;3,,,41.0,ksp,
3,1,7;36;32;29;47;19;14;3,,,37.0,ksp,
3,1,7;37;39;75;64;60;54;17;19;14;3,,,42.0,ksp,
3,1,6;9;12;14;3,,,21.0,ksp,
3,2,7;36;34;41;45;58;52;50;54;17;19;14,,,41.0,ksp,
3,2,6;9;12;14,,,15.0,ksp,
3,2,7;37;39;75;64;60;54;17;19;14,,,36.0,ksp,
3,2,7;37;39;75;65;67;45;58;52;47;19;14,,,38.0,ksp,
3,2,7;37;39;76;72;68;60;54;17;19;14,,,38.0,ksp,
3,2,7;36;32;26;24;19;14,,,35.0,ksp,
3,2,7;36;32;29;47;19;14,,,31.0,ksp,
3,4,7;37;39;76;71;40;31,,,27.0,ksp,
3,4,7;37;39;75;65;67;43;26;23;11,,,35.0,ksp,
3,4,7;36;31,,,16.0,ksp,
3,4,5;1;4;15;11,,,21.0,ksp,
3,4,7;36;32;26;23;11,,,25.0,ksp,
3,5,7;36;32;26;23,,,23.0,ksp,
3,5,7;36;31;9,,,18.0,ksp,
3,5,5;1;4;15,,,19.0,ksp,
3,5,7;37;39;76;71;41;45;58;52;47;19;15,,,40.0,ksp,
3,5,7;37;39;75;65;67;43;26;23,,,33.0,ksp,
3,5,5;1;4;16;21;23,,,32.0,ksp,
3,5,7;37;39;76;72;67;43;26;23,,,34.0,ksp,
3,5,7;37;39;75;64;60;54;17;19;15,,,35.0,ksp,
3,6,7;36;32;26;24;19,,,30.0,ksp,
3,6,7;37;39;75;65;67;45;58;52;47;19,,,33.0,ksp,
3,6,7;37;39;75;64;60;54;17;19,,,31.0,ksp,
3,6,7;37;39;76;72;68;60;54;17;19,,,33.0,ksp,
3,6,7;36;32;29;47;19,,,26.0,ksp,
3,6,7;36;34;41;45;58;52;47;19,,,33.0,ksp,
3,6,7;36;34;41;45;58;52;50;54;17;19,,,36.0,ksp,
3,6,6;10;32;26;24;19,,,30.0,ksp,
3,7,6;9;13;25;29;50;54,,,23.0,ksp,
3,7,6;10;34;41;45;58;52;50;54,,,31.0,ksp,
3,7,7;37;39;76;72;68;60;54,,,28.0,ksp,
3,7,7;36;32;29;50;54,,,24.0,ksp,
3,7,7;36;32;29;47;20,,,27.0,ksp,
3,7,5;1;4;16;22;50;54,,,27.0,ksp,
3,7,7;37;39;75;64;60;54,,,26.0,ksp,
3,7,6;10;34;41;45;59;60;54,,,32.0,ksp,
3,7,7;36;32;30;52;50;54,,,30.0,ksp,
3,7,7;37;39;75;65;68;60;54,,,27.0,ksp,
3,8,7;37;39;75;65;67;45;58;52;47,,,31.0,ksp,
3,8,7;36;34;41;43;26;24,,,38.0,ksp,
3,8,6;10;32;30;52;50;54;17,,,33.0,ksp,
3,8,6;10;32;29;50;54;17,,,27.0,ksp,
3,8,7;36;32;29;47,,,24.0,ksp,
3,8,6;10;32;29;47,,,24.0,ksp,
3,8,7;37;39;75;64;60;54;17,,,29.0,ksp,
3,8,7;37;39;76;72;68;60;54;17,,,31.0,ksp,
3,8,7;36;34;41;45;58;52;47,,,31.0,ksp,
3,9,7;37;39;75;64;60;55;48;26,,,34.0,ksp,
3,9,7;37;39;76;71;41;43;26,,,31.0,ksp,
3,9,7;37;39;76;72;67;43;26,,,29.0,ksp,
3,9,7;36;34;41;45;58;52;48;26,,,33.0,ksp,
3,9,7;37;39;75;65;67;43;26,,,28.0,ksp,
3,9,5;1;4;16;21,,,27.0,ksp,
3,9,6;10;32;26,,,18.0,ksp,
3,9,7;36;32;26,,,18.0,ksp,
3,10,5;1;4;16;22;48,,,26.0,ksp,
3,10,6;10;34;41;43,,,25.0,ksp,
3,10,7;37;39;76;72;67;43,,,26.0,ksp,
3,10,5;1;4;16;22;49;51,,,32.0,ksp,
3,10,7;37;39;75;64;61;58;51,,,34.0,ksp,
3,10,6;9;12;16;21;25,,,25.0,ksp,
3,10,7;37;39;75;65;67;43,,,25.0,ksp,
3,10,5;1;4;16;20;18;55;48,,,29.0,ksp,
3,10,7;37;39;76;71;41;43,,,28.0,ksp,
3,10,7;36;34;41;45;58;51,,,32.0,ksp,
3,11,5;1;4;16;22;48;27,,,31.0,ksp,
3,11,6;9;13;25;27,,,19.0,ksp,
3,11,6;9;13;25;28;44;40,,,29.0,ksp,
3,11,7;37;39;76;71;40,,,21.0,ksp,
3,11,5;1;4;16;20;18;55;49;53;57;44;40,,,41.0,ksp,
3,11,5;1;4;16;20;18;56;63;67;44;40,,,43.0,ksp,
3,11,5;1;4;15;13;25;27,,,32.0,ksp,
3,12,6;9;13;25;28;46;69;66;74;38,,,35.0,ksp,
3,12,5;1;4;16;22;49;53;57;46;70;73;74;38,,,45.0,ksp,
3,12,5;1;4;16;20;18;56;62;66;74;38,,,42.0,ksp,
3,12,5;1;4;16;20;18;56;63;70;73;74;38,,,44.0,ksp,
3,12,6;10;33,,,16.0,ksp,
3,12,5;1;4;16;22;49;53;57;44;42;73;74;38,,,47.0,ksp,
3,12,6;9;13;25;27;33,,,25.0,ksp,
3,13,6;10;34;42;73;74,,,24.0,ksp,
3,13,6;9;13;25;28;46;69;66;74,,,32.0,ksp,
3,13,6;9;12;16;22;49;53;59;63;70;73;74,,,40.0,ksp,
3,13,5;1;4;15;13;25;27;34;42;73;74,,,46.0,ksp,
3,13,6;10;33;37,,,19.0,ksp,
3,13,5;1;4;16;22;49;53;59;62;66;74,,,43.0,ksp,
3,13,5;1;4;16;20;18;56;62;66;74,,,39.0,ksp,
3,13,5;1;4;16;20;18;56;63;69;66;74,,,40.0,ksp,
3,13,5;1;4;16;22;49;53;57;46;70;73;74,,,42.0,ksp,
3,14,5;1;4;16;20;18;56;63;70;71,,,39.0,ksp,
3,14,5;1;4;16;20;18;56;62;65;67;44,,,42.0,ksp,
3,14,6;9;13;25;28;44,,,25.0,ksp,
3,14,6;9;12;16;22;49;53;57;44,,,29.0,ksp,
3,14,5;1;4;15;13;25;28;44,,,38.0,ksp,
3,14,5;1;4;16;22;49;53;57;44,,,34.0,ksp,
3,15,6;9;12;16;22;49;53;57,,,24.0,ksp,
3,15,5;1;4;16;20;18;56;63;67,,,34.0,ksp,
3,15,6;9;13;25;29;49;53;57,,,25.0,ksp,
3,15,5;1;4;16;20;18;56;61;57,,,33.0,ksp,
3,15,5;1;4;16;22;49;53;57,,,29.0,ksp,
3,15,7;37;39;76;72;67,,,20.0,ksp,
3,16,7;37;39;75;64;60;55,,,27.0,ksp,
3,16,7;37;39;75;65;67;45;58;52,,,26.0,ksp,
3,16,7;36;32;29,,,19.0,ksp,
3,16,6;10;34;41;45;58;52,,,26.0,ksp,
3,16,7;37;39;76;72;68;61;58;52,,,30.0,ksp,
3,16,7;36;34;41;45;58;52,,,26.0,ksp,
3,16,7;36;32;30;52,,,25.0,ksp,
3,16,7;37;39;76;72;68;60;55,,,29.0,ksp,
3,16,6;10;32;29,,,19.0,ksp,
3,17,7;37;39;76;72;68;61;58,,,28.0,ksp,
3,17,5;1;4;16;20;18;56;61;58,,,32.0,ksp,
3,17,7;36;34;41;45;58,,,24.0,ksp,
3,17,5;1;4;16;20;18;55;49,,,27.0,ksp,
3,17,7;37;39;75;65;67;45;58,,,24.0,ksp,
3,17,6;10;34;41;45;58,,,24.0,ksp,
3,17,7;37;39;75;64;61;58,,,26.0,ksp,
3,17,7;37;39;76;72;67;45;58,,,25.0,ksp,
3,17,7;36;32;29;49,,,21.0,ksp,
3,22,5;1;4;16;22;49;53;57;46,,,32.0,ksp,
3,22,6;10;32;28;46,,,24.0,ksp,
3,22,6;10;34;41;46,,,22.0,ksp,
3,22,7;36;34;41;46,,,22.0,ksp,
3,22,5;1;4;16;22;49;53;59;63,,,35.0,ksp,
3,22,5;1;4;16;22;49;53;59;62;65,,,38.0,ksp,
3,22,7;36;32;28;46,,,24.0,ksp,
3,22,6;9;13;25;29;50;56;62;65,,,33.0,ksp,
3,22,6;10;32;30;53;59;62;65,,,37.0,ksp,
3,22,6;9;13;25;29;50;56;63,,,30.0,ksp,
3,22,6;9;12;16;20;18;56;63,,,26.0,ksp,
3,22,5;1;4;16;20;18;56;63,,,31.0,ksp,
3,23,5;1;4;16;20;18;56;62;66;76,,,37.0,ksp,
3,23,6;9;12;16;22;49;53;57;46;70,,,31.0,ksp,
3,23,5;1;4;16;20;18;56;63;70,,,35.0,ksp,
3,23,5;1;4;16;22;50;56;63;70,,,38.0,ksp,
3,23,6;9;13;25;28;44;42,,,29.0,ksp,
3,23,6;10;32;29;49;53;57;46;70,,,33.0,ksp,
3,23,6;10;32;30;53;59;62;66;76,,,40.0,ksp,
3,23,5;1;4;16;22;49;53;59;63;70,,,39.0,ksp,
3,23,6;9;13;25;28;46;69;66;76,,,30.0,ksp,
3,23,6;9;13;25;28;46;70,,,27.0,ksp,
4,1,9;12;14;3,,,17.0,ksp,
4,1,9;13;24;19;14;3,,,30.0,ksp,
4,1,10;34;42;73;74;38;35;5,,,31.0,ksp,
4,1,9;13;25;29;50;54;17;19;14;3,,,35.0,ksp,
4,1,10;33;35;5,,,20.0,ksp,
4,1,10;32;29;47;19;14;3,,,33.0,ksp,
4,2,9;13;24;19;14,,,24.0,ksp,
4,2,10;34;41;45;58;52;50;54;17;19;14,,,37.0,ksp,
4,2,10;32;29;47;19;14,,,27.0,ksp,
4,2,10;33;35;5;1,,,26.0,ksp,
4,3,10;34;42;73;74;38;35,,,27.0,ksp,
4,3,9;12;14;3;2,,,21.0,ksp,
4,3,9;13;25;27;33;35,,,25.0,ksp,
4,3,9;13;25;28;46;69;66;74;38;35,,,35.0,ksp,
4,3,10;33;35,,,16.0,ksp,
4,5,10;32;26;23,,,19.0,ksp,
4,5,8;7;36;32;26;23,,,27.0,ksp,
4,5,8;5;1;4;15,,,23.0,ksp,
4,5,10;34;41;45;58;52;47;19;15,,,33.0,ksp,
4,5,10;34;41;43;26;23,,,29.0,ksp,
4,5,8;7;37;39;76;72;68;60;54;17;19;15,,,41.0,ksp,
4,5,8;7;37;39;75;64;60;54;17;19;15,,,39.0,ksp,
4,6,10;34;41;45;58;52;47;19,,,29.0,ksp,
4,6,10;34;42;72;68;60;54;17;19,,,34.0,ksp,
4,6,10;34;41;45;58;52;50;54;17;19,,,32.0,ksp,
4,6,10;32;26;24;19,,,26.0,ksp,
4,6,10;32;29;47;19,,,22.0,ksp,
4,6,9;13;24;19,,,19.0,ksp,
4,6,8;7;37;39;75;64;60;54;17;19,,,35.0,ksp,
4,6,8;5;1;4,,,19.0,ksp,
4,7,8;7;37;39;76;72;68;60;54,,,32.0,ksp,
4,7,9;13;25;30;52;47;20,,,28.0,ksp,
4,7,10;32;30;52;50;54,,,26.0,ksp,
4,7,10;32;29;50;54,,,20.0,ksp,
4,7,10;34;42;72;68;60;54,,,29.0,ksp,
4,7,8;7;37;39;75;64;60;54,,,30.0,ksp,
4,7,9;13;25;29;50;54,,,19.0,ksp,
4,7,10;34;41;45;58;52;50;54,,,27.0,ksp,
4,7,8;5;1;4;16;20,,,24.0,ksp,
4,7,10;34;41;45;59;60;54,,,28.0,ksp,
4,7,8;7;36;32;29;50;54,,,28.0,ksp,
4,8,8;5;1;4;16,,,21.0,ksp,
4,8,10;34;41;45;58;52;47,,,27.0,ksp,
4,8,10;32;29;50;54;17,,,23.0,ksp,
4,8,8;7;36;34;41;45;58;52;47,,,35.0,ksp,
4,8,8;7;37;39;75;64;60;54;17,,,33.0,ksp,
4,8,10;32;29;47,,,20.0,ksp,
4,8,8;7;37;39;76;72;68;60;54;17,,,35.0,ksp,
4,8,10;32;30;52;47,,,26.0,ksp,
4,9,9;12;16;21,,,18.0,ksp,
4,9,8;7;37;39;75;64;60;55;48;26,,,38.0,ksp,
4,9,8;7;37;39;76;72;68;60;54;17;21,,,45.0,ksp,
4,9,10;32;26,,,14.0,ksp,
4,9,10;34;41;43;26,,,24.0,ksp,
4,9,8;7;37;39;75;65;67;43;26,,,32.0,ksp,
4,9,10;34;41;45;58;52;47;21,,,37.0,ksp,
4,9,8;5;1;4;16;21,,,31.0,ksp,
4,9,8;7;36;32;26,,,22.0,ksp,
4,10,8;7;37;39;75;65;67;43,,,29.0,ksp,
4,10,9;12;16;22;48,,,17.0,ksp,
4,10,9;12;16;20;18;55;48,,,20.0,ksp,
4,10,8;5;1;4;16;21;25,,,34.0,ksp,
4,10,8;7;37;39;76;72;67;43,,,30.0,ksp,
4,10,8;5;1;4;16;20;18;55;48,,,33.0,ksp,
4,10,8;7;36;32,,,19.0,ksp,
4,10,8;7;36;34;41;45;58;51,,,36.0,ksp,
4,10,8;7;37;39;75;64;61;58;51,,,38.0,ksp,
4,10,10;34;41;43,,,21.0,ksp,
4,10,8;5;1;4;16;22;48,,,30.0,ksp,
4,10,9;12;16;22;49;51,,,23.0,ksp,
4,11,9;12;16;22;49;53;57;44;40,,,29.0,ksp,
4,11,8;7;37;39;76;71;40,,,25.0,ksp,
4,11,9;12;16;20;18;55;48;28;44;40,,,35.0,ksp,
4,11,9;12;16;22;48;27,,,22.0,ksp,
4,11,9;13;25;27,,,15.0,ksp,
4,11,9;12;16;20;18;56;63;70;71;40,,,34.0,ksp,
4,12,9;12;14;3;2;7,,,25.0,ksp,
4,12,10;33,,,12.0,ksp,
4,12,10;34;42;73;74;38,,,23.0,ksp,
4,12,9;12;16;20;18;56;63;69;66;74;38,,,34.0,ksp,
4,12,9;12;16;22;49;53;59;62;66;74;38,,,37.0,ksp,
4,12,9;13;25;28;46;69;66;74;38,,,31.0,ksp,
4,12,9;13;25;27;33,,,21.0,ksp,
4,12,9;12;16;22;49;53;57;46;70;73;74;38,,,36.0,ksp,
4,12,9;12;16;20;18;56;62;66;74;38,,,33.0,ksp,
4,13,9;13;25;28;46;69;66;74,,,28.0,ksp,
4,13,9;12;16;22;49;53;57;46;70;73;74,,,33.0,ksp,
4,13,10;33;37,,,15.0,ksp,
4,13,9;13;25;28;46;70;73;74,,,29.0,ksp,
4,13,9;13;25;29;49;53;59;63;70;73;74,,,37.0,ksp,
4,13,10;34;42;73;74,,,20.0,ksp,
4,13,9;12;16;22;49;53;59;62;66;74,,,34.0,ksp,
4,13,9;12;16;20;18;56;63;69;66;74,,,31.0,ksp,
4,13,9;13;25;27;34;42;73;74,,,29.0,ksp,
4,13,9;12;16;20;18;56;62;66;74,,,30.0,ksp,
4,14,8;5;1;4;16;22;49;53;57;44,,,38.0,ksp,
4,14,9;13;25;30;53;57;44,,,28.0,ksp,
4,14,9;12;16;20;18;56;62;65;70;71,,,33.0,ksp,
4,14,9;12;16;22;49;53;57;44,,,25.0,ksp,
4,14,9;12;16;20;18;56;63;70;71,,,30.0,ksp,
4,15,9;12;16;22;49;53;57,,,20.0,ksp,
4,15,8;7;36;32;29;49;53;57,,,30.0,ksp,
4,15,8;5;1;4;16;22;49;53;57,,,33.0,ksp,
4,15,9;12;16;20;18;56;61;57,,,24.0,ksp,
4,15,9;12;16;20;18;56;63;67,,,25.0,ksp,
4,15,9;13;25;30;53;57,,,23.0,ksp,
4,15,8;7;37;39;75;65;67,,,23.0,ksp,
4,15,8;7;37;39;76;72;67,,,24.0,ksp,
4,15,8;5;1;4;16;20;18;56;63;67,,,38.0,ksp,
4,16,8;7;37;39;76;72;68;60;55,,,33.0,ksp,
4,16,8;7;37;39;75;65;68;61;58;52,,,33.0,ksp,
4,16,8;7;37;39;75;64;60;55,,,31.0,ksp,
4,16,8;5;1;4;16;22,,,26.0,ksp,
4,16,8;7;36;34;41;45;58;52,,,30.0,ksp,
4,16,10;32;30;52,,,21.0,ksp,
4,16,10;34;41;45;58;52,,,22.0,ksp,
4,16,9;13;25;30;52,,,20.0,ksp,
4,17,8;7;37;39;75;65;67;45;58,,,28.0,ksp,
4,17,10;34;41;45;58,,,20.0,ksp,
4,17,8;7;36;34;41;45;58,,,28.0,ksp,
4,17,8;7;37;39;75;64;61;58,,,30.0,ksp,
4,17,8;5;1;4;16;20;18;56;61;58,,,36.0,ksp,
4,17,8;5;1;4;16;22;49,,,28.0,ksp,
4,17,10;32;28;45;58,,,22.0,ksp,
4,17,9;12;16;20;18;55;49,,,18.0,ksp,
4,17,10;32;29;49,,,17.0,ksp,
4,17,8;7;37;39;76;72;68;61;58,,,32.0,ksp,
4,18,10;34;42;72;68;60,,,27.0,ksp,
4,18,10;32;28;45;59;60,,,28.0,ksp,
4,18,8;5;1;4;16;20;18,,,26.0,ksp,
4,18,8;7;37;39;75;64;60,,,28.0,ksp,
4,18,10;32;29;50,,,18.0,ksp,
4,18,8;7;36;32;29;50,,,26.0,ksp,
4,18,10;34;41;45;59;60,,,26.0,ksp,
4,18,8;7;37;39;76;72;68;60,,,30.0,ksp,
4,18,10;34;41;46;68;60,,,27.0,ksp,
4,18,9;13;25;30;52;50,,,23.0,ksp,
4,19,10;32;30;53,,,21.0,ksp,
4,19,9;12;16;20;18;56;61,,,21.0,ksp,
4,19,8;5;1;4;16;22;49;53,,,30.0,ksp,
4,19,8;7;37;39;75;65;67;45,,,26.0,ksp,
4,19,8;7;37;39;75;64;61,,,28.0,ksp,
4,19,8;7;37;39;76;72;68;61,,,30.0,ksp,
4,19,9;13;25;30;53,,,20.0,ksp,
4,19,8;5;1;4;16;20;18;56;61,,,34.0,ksp,
4,19,8;7;36;34;41;45,,,26.0,ksp,
4,19,10;32;29;49;53,,,19.0,ksp,
4,19,9;13;25;29;49;53,,,18.0,ksp,
4,19,10;34;42;72;68;61,,,27.0,ksp,
4,20,8;7;36;32;28;46;68,,,33.0,ksp,
4,20,10;32;29;50;56,,,22.0,ksp,
4,20,8;7;37;39;76;72;68,,,26.0,ksp,
4,20,10;34;41;45;59,,,22.0,ksp,
4,20,9;12;16;22;49;53;59,,,21.0,ksp,
4,20,10;34;42;73;75;64,,,25.0,ksp,
4,20,10;34;42;72;68,,,23.0,ksp,
4,20,10;32;28;46;68,,,25.0,ksp,
4,20,10;34;41;46;68,,,23.0,ksp,
4,20,10;34;42;72;69;64,,,26.0,ksp,
4,20,8;5;1;4;16;20;18;56,,,30.0,ksp,
4,20,9;13;25;30;53;59,,,24.0,ksp,
4,21,9;12;16;22;49;53;59;62,,,27.0,ksp,
4,21,10;32;30;53;59;62,,,31.0,ksp,
4,21,9;12;16;22;49;53;59;63;69,,,28.0,ksp,
4,21,9;13;25;28;46;69,,,21.0,ksp,
4,21,10;34;41;46;69,,,20.0,ksp,
4,21,9;13;25;29;50;56;63;69,,,28.0,ksp,
4,21,8;5;1;4;16;20;18;56;62,,,36.0,ksp,
4,21,10;34;42;73;75,,,19.0,ksp,
4,21,10;32;29;50;56;62,,,28.0,ksp,
4,21,9;12;16;22;49;53;57;46;69,,,25.0,ksp,
4,21,8;7;36;34;42;73;75,,,27.0,ksp,
4,21,9;12;16;20;18;56;62,,,23.0,ksp,
4,22,8;5;1;4;16;20;18;56;63,,,35.0,ksp,
4,22,9;12;16;20;18;56;62;65,,,25.0,ksp,
4,22,9;13;25;30;53;59;62;65,,,32.0,ksp,
4,22,8;7;36;32;29;50;56;63,,,35.0,ksp,
4,22,9;12;16;20;18;56;63,,,22.0,ksp,
4,22,10;32;30;53;59;63,,,30.0,ksp,
4,22,9;12;16;22;49;53;57;46,,,23.0,ksp,
4,22,10;32;29;49;53;59;63,,,28.0,ksp,
4,22,10;34;41;46,,,18.0,ksp,
4,22,8;5;1;4;16;22;50;56;62;65,,,41.0,ksp,
4,23,9;12;16;22;49;53;57;46;70,,,27.0,ksp,
4,23,8;5;1;4;16;22;49;53;59;62;66;76,,,45.0,ksp,
4,23,9;12;16;20;18;56;62;66;76,,,28.0,ksp,
4,23,9;12;16;20;18;56;63;70,,,26.0,ksp,
4,23,9;13;25;30;53;59;63;70,,,33.0,ksp,
4,23,9;12;16;22;49;53;57;44;42,,,29.0,ksp,
4,23,9;13;25;28;46;70,,,23.0,ksp,
4,23,10;32;29;50;56;62;66;76,,,33.0,ksp,
4,24,9;13;25;29;50;56;62;66,,,30.0,ksp,
4,24,10;33;37;39,,,19.0,ksp,
4,24,9;12;16;22;49;53;59;62;66,,,30.0,ksp,
4,24,9;13;25;28;46;70;73,,,25.0,ksp,
4,24,9;13;25;28;46;69;66,,,24.0,ksp,
4,24,9;12;16;22;49;53;57;46;70;73,,,29.0,ksp,
4,24,10;32;30;53;59;63;69;66,,,35.0,ksp,
4,24,8;5;1;4;16;22;49;53;57;46;69;66,,,41.0,ksp,
4,24,9;12;16;20;18;56;63;70;73,,,28.0,ksp,
4,24,9;12;16;20;18;56;62;66,,,26.0,ksp,
5,1,13;24;19;14;3,,,28.0,ksp,
5,1,13;25;27;33;35;5,,,27.0,ksp,
5,1,12;14;3,,,15.0,ksp,
5,1,13;25;28;46;69;66;74;38;35;5,,,37.0,ksp,
5,1,13;25;28;46;70;73;74;38;35;5,,,38.0,ksp,
5,1,11;10;33;35;5,,,22.0,ksp,
5,1,13;25;29;47;19;14;3,,,30.0,ksp,
5,2,13;25;28;46;69;66;74;38;35;5;1,,,43.0,ksp,
5,2,11;10;33;35;5;1,,,28.0,ksp,
5,2,13;25;27;33;35;5;1,,,33.0,ksp,
5,2,13;25;29;47;19;14,,,24.0,ksp,
5,2,13;24;19;14,,,22.0,ksp,
5,3,13;25;27;33;35,,,23.0,ksp,
5,3,12;16;20;18;56;62;66;74;38;35,,,35.0,ksp,
5,3,13;24;19;14;3;2,,,32.0,ksp,
5,3,12;14;3;2,,,19.0,ksp,
5,3,13;25;28;46;69;66;74;38;35,,,33.0,ksp,
5,3,12;16;22;49;53;57;44;42;73;74;38;35,,,40.0,ksp,
5,3,11;10;33;35,,,18.0,ksp,
5,3,13;25;28;46;70;73;74;38;35,,,34.0,ksp,
5,4,12;16;22;49;53;57;44;40;31,,,33.0,ksp,
5,4,13;25;28;44;40;31,,,29.0,ksp,
5,4,13;25;27;31,,,19.0,ksp,
5,4,12;14;3;2;6,,,23.0,ksp,
5,4,13;25;27;33;35;6,,,27.0,ksp,
5,4,12;16;20;18;56;63;70;73;74;38;35;6,,,41.0,ksp,
5,4,12;16;20;18;56;62;66;74;38;35;6,,,39.0,ksp,
5,6,13;24;19,,,17.0,ksp,
5,6,11;10;32;29;50;54;17;19,,,27.0,ksp,
5,6,11;10;34;41;45;59;60;54;17;19,,,35.0,ksp,
5,6,11;10;32;29;47;19,,,24.0,ksp,
5,6,13;25;29;47;19,,,19.0,ksp,
5,6,11;8;5;1;4,,,21.0,ksp,
5,6,13;25;30;52;47;19,,,25.0,ksp,
5,7,11;10;32;29;50;54,,,22.0,ksp,
5,7,11;8;7;36;32;29;50;54,,,30.0,ksp,
5,7,11;10;34;42;72;68;60;54,,,31.0,ksp,
5,7,13;25;30;52;50;54,,,23.0,ksp,
5,7,11;8;7;37;39;76;72;68;60;54,,,34.0,ksp,
5,7,13;25;29;50;54,,,17.0,ksp,
5,7,11;8;7;37;39;75;64;60;54,,,32.0,ksp,
5,7,11;10;34;41;45;59;60;54,,,30.0,ksp,
5,8,13;25;29;47,,,17.0,ksp,
5,8,11;8;7;37;39;76;72;68;60;54;17,,,37.0,ksp,
5,8,11;8;5;1;4;16,,,23.0,ksp,
5,8,13;25;29;50;54;17,,,20.0,ksp,
5,8,11;8;7;37;39;75;64;60;54;17,,,35.0,ksp,
5,8,11;10;34;41;45;58;52;47,,,29.0,ksp,
5,8,11;10;32;29;47,,,22.0,ksp,
5,8,11;10;32;29;50;54;17,,,25.0,ksp,
5,8,13;25;30;52;47,,,23.0,ksp,
5,9,11;10;34;41;43;26,,,26.0,ksp,
5,9,11;8;7;36;32;26,,,24.0,ksp,
5,9,12;16;22;48;26,,,18.0,ksp,
5,9,11;10;32;26,,,16.0,ksp,
5,9,11;8;7;37;39;75;65;67;43;26,,,34.0,ksp,
5,9,12;16;21,,,16.0,ksp,
5,9,11;8;7;37;39;76;72;67;43;26,,,35.0,ksp,
5,10,11;8;7;37;39;76;72;67;43,,,32.0,ksp,
5,10,12;16;20;18;55;48,,,18.0,ksp,
5,10,11;8;7;37;39;75;65;67;43,,,31.0,ksp,
5,10,12;16;22;49;51,,,21.0,ksp,
5,10,11;8;7;36;32,,,21.0,ksp,
5,10,12;16;22;48,,,15.0,ksp,
5,10,11;10;34;41;43,,,23.0,ksp,
5,11,13;25;28;44;40,,,23.0,ksp,
5,11,12;16;22;49;53;57;44;40,,,27.0,ksp,
5,11,12;14;3;2;7;36,,,29.0,ksp,
5,11,12;16;20;18;56;62;66;76;71;40,,,34.0,ksp,
5,11,12;16;22;48;27,,,20.0,ksp,
5,11,12;16;20;18;56;63;70;71;40,,,32.0,ksp,
5,11,13;25;27,,,13.0,ksp,
5,12,12;16;22;49;53;57;44;42;73;74;38,,,36.0,ksp,
5,12,12;16;22;49;53;57;46;70;73;74;38,,,34.0,ksp,
5,12,13;25;27;33,,,19.0,ksp,
5,12,11;10;33,,,14.0,ksp,
5,12,12;16;20;18;56;62;66;74;38,,,31.0,ksp,
5,12,13;25;28;44;42;73;74;38,,,32.0,ksp,
5,12,12;16;22;48;27;33,,,26.0,ksp,
5,12,12;14;3;2;7,,,23.0,ksp,
5,12,13;24;20;18;56;62;66;74;38,,,40.0,ksp,
5,12,13;25;28;46;70;73;74;38,,,30.0,ksp,
5,12,13;25;28;46;69;66;74;38,,,29.0,ksp,
5,12,12;16;20;18;56;63;69;66;74;38,,,32.0,ksp,
5,13,13;25;28;46;69;66;74,,,26.0,ksp,
5,13,13;25;28;46;70;73;74,,,27.0,ksp,
5,13,11;10;33;37,,,17.0,ksp,
5,13,13;25;27;34;42;73;74,,,27.0,ksp,
5,13,12;16;22;49;53;59;62;66;74,,,32.0,ksp,
5,13,11;10;34;42;73;74,,,22.0,ksp,
5,13,12;16;20;18;56;62;66;74,,,28.0,ksp,
5,13,13;24;20;18;56;63;69;66;74,,,38.0,ksp,
5,13,13;24;20;18;56;62;66;74,,,37.0,ksp,
5,13,13;25;27;33;37,,,22.0,ksp,
5,13,12;16;22;49;53;57;46;70;73;74,,,31.0,ksp,
5,13,12;14;3;2;7;37,,,26.0,ksp,
5,13,12;16;20;18;56;63;69;66;74,,,29.0,ksp,
5,13,13;25;28;44;42;73;74,,,29.0,ksp,
5,14,12;16;22;49;53;57;44,,,23.0,ksp,
5,14,13;24;22;49;53;57;44,,,32.0,ksp,
5,14,12;16;20;18;56;63;70;71,,,28.0,ksp,
5,14,12;16;20;18;56;62;66;76;71,,,30.0,ksp,
5,14,12;14;3;2;7;36;34,,,33.0,ksp,
5,14,13;25;27;34,,,17.0,ksp,
5,15,11;8;7;37;39;76;72;67,,,26.0,ksp,
5,15,12;14;3;2;7;36;32;28,,,40.0,ksp,
5,15,12;16;20;18;56;61;57,,,22.0,ksp,
5,15,12;16;20;18;56;63;67,,,23.0,ksp,
5,15,13;25;30;53;57,,,21.0,ksp,
5,15,13;24;22;49;53;57,,,27.0,ksp,
5,15,12;16;22;49;53;57,,,18.0,ksp,
5,15,11;8;7;37;39;75;65;67,,,25.0,ksp,
5,16,11;8;7;37;39;75;65;68;60;55,,,34.0,ksp,
5,16,13;25;30;52,,,18.0,ksp,
5,16,11;10;34;41;45;58;52,,,24.0,ksp,
5,16,11;8;7;36;32;29,,,25.0,ksp,
5,16,11;8;7;37;39;75;64;60;55,,,33.0,ksp,
5,16,11;10;32;29,,,17.0,ksp,
5,16,11;10;32;30;52,,,23.0,ksp,
5,16,11;8;7;37;39;76;72;67;45;58;52,,,33.0,ksp,
5,17,12;16;20;18;56;61;58,,,21.0,ksp,
5,17,11;8;7;37;39;75;65;68;61;58,,,33.0,ksp,
5,17,11;10;32;29;49,,,19.0,ksp,
5,17,13;25;28;45;58,,,19.0,ksp,
5,17,11;8;7;37;39;76;72;67;45;58,,,31.0,ksp,
5,17,11;10;34;41;45;58,,,22.0,ksp,
5,17,11;8;7;36;32;30,,,29.0,ksp,
5,17,11;8;7;37;39;75;64;61;58,,,32.0,ksp,
5,17,13;24;20;18;55;49,,,25.0,ksp,
5,17,11;10;32;28;45;58,,,24.0,ksp,
5,17,12;16;20;18;55;49,,,16.0,ksp,
5,19,12;16;20;18;56;61,,,19.0,ksp,
5,19,13;24;22;49;53,,,24.0,ksp,
5,19,13;25;29;49;53,,,16.0,ksp,
5,19,11;8;7;37;39;75;64;61,,,30.0,ksp,
5,19,11;8;7;36;34;41;45,,,28.0,ksp,
5,19,11;10;32;29;49;53,,,21.0,ksp,
5,19,11;10;34;42;72;68;61,,,29.0,ksp,
5,19,11;10;32;30;53,,,23.0,ksp,
5,19,13;25;30;53,,,18.0,ksp,
5,19,11;8;7;37;39;76;72;67;45,,,29.0,ksp,
5,19,11;8;7;37;39;75;65;67;45,,,28.0,ksp,
5,20,11;8;7;37;39;75;64,,,26.0,ksp,
5,20,13;25;28;46;68,,,22.0,ksp,
5,20,11;10;34;41;46;68,,,25.0,ksp,
5,20,12;16;22;49;53;59,,,19.0,ksp,
5,20,11;10;34;42;72;68,,,25.0,ksp,
5,20,11;10;32;29;49;53;59,,,25.0,ksp,
5,20,13;25;30;53;59,,,22.0,ksp,
5,20,13;25;29;49;53;59,,,20.0,ksp,
5,20,13;24;22;49;53;59,,,28.0,ksp,
5,20,11;10;34;41;46;69;64,,,28.0,ksp,
5,21,12;14;3;2;7;37;39;75,,,33.0,ksp,
5,21,11;10;34;42;73;75,,,21.0,ksp,
5,21,12;16;22;49;53;59;62,,,25.0,ksp,
5,21,11;10;33;37;39;75,,,24.0,ksp,
5,21,12;16;22;49;53;57;46;69,,,23.0,ksp,
5,21,13;25;29;49;53;59;62,,,26.0,ksp,
5,21,12;16;20;18;56;63;69,,,22.0,ksp,
5,21,13;24;22;50;56;62,,,33.0,ksp,
5,21,13;25;30;53;57;46;69,,,26.0,ksp,
5,21,13;25;29;50;56;63;69,,,26.0,ksp,
5,22,13;25;30;53;59;62;65,,,30.0,ksp,
5,22,11;10;34;41;46,,,20.0,ksp,
5,22,12;16;20;18;56;63,,,20.0,ksp,
5,22,12;16;22;49;53;57;46,,,21.0,ksp,
5,22,13;24;22;49;53;59;62;65,,,36.0,ksp,
5,22,13;25;29;50;56;62;65,,,27.0,ksp,
5,22,12;16;22;49;53;59;63,,,24.0,ksp,
5,23,13;25;27;34;42,,,21.0,ksp,
5,23,13;24;22;49;53;57;46;69;66;76,,,37.0,ksp,
5,23,13;25;30;53;59;63;70,,,31.0,ksp,
5,23,13;25;28;44;42,,,23.0,ksp,
5,23,12;16;20;18;56;63;70,,,24.0,ksp,
5,23,12;16;22;49;53;57;44;42,,,27.0,ksp,
5,23,11;10;33;37;39;76,,,23.0,ksp,
5,23,13;25;29;49;53;57;46;70,,,26.0,ksp,
5,23,12;14;3;2;7;37;39;76,,,32.0,ksp,
5,23,12;16;22;49;53;59;62;66;76,,,30.0,ksp,
5,23,12;16;22;50;56;62;66;76,,,29.0,ksp,
5,23,12;16;20;18;56;62;66;76,,,26.0,ksp,
6,1,16;22;49;53;57;46;69;66;74;38;35;5,,,37.0,ksp,
6,1,16;20;18;56;62;66;74;38;35;5,,,35.0,ksp,
6,1,16;21;25;27;33;35;5,,,34.0,ksp,
6,1,16;22;48;27;33;35;5,,,30.0,ksp,
6,1,16;20;18;55;49;53;57;44;40;33;35;5,,,40.0,ksp,
6,1,15;11;8;5,,,14.0,ksp,
6,1,16;20;18;56;63;70;73;74;38;35;5,,,37.0,ksp,
6,2,16;22;49;53;57;46;69;66;74;38;35;5;1,,,43.0,ksp,
6,2,15;11;8;5;1,,,20.0,ksp,
6,2,16;20;18;56;63;70;73;74;38;35;5;1,,,43.0,ksp,
6,2,16;22;48;27;33;35;5;1,,,36.0,ksp,
6,2,16;21;25;27;33;35;5;1,,,40.0,ksp,
6,2,16;20;18;56;62;66;74;38;35;5;1,,,41.0,ksp,
6,3,16;22;48;27;33;35,,,26.0,ksp,
6,3,16;21;25;27;33;35,,,30.0,ksp,
6,3,16;20;18;55;49;53;57;44;40;33;35,,,36.0,ksp,
6,3,16;22;49;53;57;44;40;33;35,,,33.0,ksp,
6,3,16;20;18;56;63;70;73;74;38;35,,,33.0,ksp,
6,3,16;20;18;56;62;66;74;38;35,,,31.0,ksp,
6,3,16;22;49;53;57;46;69;66;74;38;35,,,33.0,ksp,
6,3,16;21;25;27;31;8,,,30.0,ksp,
6,4,16;20;18;56;62;66;74;38;35;6,,,35.0,ksp,
6,4,16;22;48;27;31,,,22.0,ksp,
6,4,16;20;18;55;49;53;57;44;40;31,,,32.0,ksp,
6,4,16;21;23;11,,,19.0,ksp,
6,4,16;20;18;56;63;70;71;40;31,,,34.0,ksp,
6,4,16;22;49;53;57;44;40;31,,,29.0,ksp,
6,4,16;21;25;27;31,,,26.0,ksp,
6,5,16;22;48;27;31;9,,,24.0,ksp,
6,5,16;22;48;26;23,,,19.0,ksp,
6,5,16;21;23,,,17.0,ksp,
6,5,16;20;18;56;61;57;44;40;31;9,,,35.0,ksp,
6,5,16;22;49;51;26;23,,,25.0,ksp,
6,5,16;20;18;55;48;27;31;9,,,27.0,ksp,
6,5,14;3;2;6;9,,,21.0,ksp,
6,7,14;3;2;7;37;39;75;64;60;54,,,41.0,ksp,
6,7,15;13;24;22;50;54,,,29.0,ksp,
6,7,14;3;2;6;10;32;29;50;54,,,39.0,ksp,
6,7,14;3;2;7;37;39;76;72;68;60;54,,,43.0,ksp,
6,7,15;11;10;34;41;45;59;60;54,,,34.0,ksp,
6,7,15;11;10;34;42;72;68;60;54,,,35.0,ksp,
6,7,15;13;25;29;50;54,,,21.0,ksp,
6,7,15;11;10;32;28;45;59;60;54,,,36.0,ksp,
6,7,14;3;2;7;36;32;30;52;50;54,,,45.0,ksp,
6,7,16;22;50;54,,,12.0,ksp,
6,8,15;11;10;32;29;47,,,26.0,ksp,
6,8,14;3;2;7;36;34;41;45;58;52;47,,,46.0,ksp,
6,8,14;3;2;7;37;39;75;64;60;54;17,,,44.0,ksp,
6,8,14;3;2;7;37;39;76;72;68;60;54;17,,,46.0,ksp,
6,8,14;3;2;7;36;32;29;47,,,39.0,ksp,
6,8,15;13;25;29;47,,,21.0,ksp,
6,8,15;11;10;34;41;45;58;52;50;54;17,,,36.0,ksp,
6,8,14;3;2;6;10;32;30;52;47,,,45.0,ksp,
6,8,15;13;25;29;50;54;17,,,24.0,ksp,
6,9,16;22;49;51;26,,,20.0,ksp,
6,9,15;11;10;32;26,,,20.0,ksp,
6,9,14;3;2;7;37;39;75;65;67;43;26,,,43.0,ksp,
6,9,14;3;2;6;10;32;26,,,33.0,ksp,
6,9,16;21,,,12.0,ksp,
6,9,16;22;48;26,,,14.0,ksp,
6,9,14;3;2;7;36;32;26,,,33.0,ksp,
6,9,14;3;2;6;9;13,,,26.0,ksp,
6,9,16;20;18;55;48;26,,,17.0,ksp,
6,10,16;20;18;55;49;51,,,20.0,ksp,
6,10,14;3;2;7;36;32,,,30.0,ksp,
6,10,16;20;18;55;48,,,14.0,ksp,
6,10,16;21;25,,,15.0,ksp,
6,10,16;20;18;56;61;57;43,,,24.0,ksp,
6,10,14;3;2;7;37;39;75;65;67;43,,,40.0,ksp,
6,10,16;22;49;51,,,17.0,ksp,
6,10,14;3;2;6;10;34;41;43,,,40.0,ksp,
6,10,14;3;2;7;37;39;76;72;67;43,,,41.0,ksp,
6,11,16;22;48;27,,,16.0,ksp,
6,11,16;20;18;56;63;70;71;40,,,28.0,ksp,
6,11,16;20;18;55;48;27,,,19.0,ksp,
6,11,16;20;18;55;49;53;57;44;40,,,26.0,ksp,
6,11,16;21;25;27,,,20.0,ksp,
6,11,15;13;25;27,,,17.0,ksp,
6,11,16;20;18;56;62;66;76;71;40,,,30.0,ksp,
6,11,16;22;49;53;57;44;40,,,23.0,ksp,
6,12,15;13;25;27;33,,,23.0,ksp,
6,12,16;22;49;53;57;44;42;73;74;38,,,32.0,ksp,
6,12,15;13;25;28;44;42;73;74;38,,,36.0,ksp,
6,12,16;21;25;27;33,,,26.0,ksp,
6,12,16;20;18;56;63;70;73;74;38,,,29.0,ksp,
6,12,16;20;18;56;63;69;66;74;38,,,28.0,ksp,
6,12,16;22;48;27;33,,,22.0,ksp,
6,12,15;11;10;33,,,18.0,ksp,
6,12,16;20;18;56;62;66;74;38,,,27.0,ksp,
6,12,16;22;49;53;57;46;70;73;74;38,,,30.0,ksp,
6,12,16;22;49;53;57;46;69;66;74;38,,,29.0,ksp,
6,13,16;22;49;53;57;44;42;73;74,,,29.0,ksp,
6,13,16;20;18;56;63;69;66;74,,,25.0,ksp,
6,13,16;20;18;56;63;70;73;74,,,26.0,ksp,
6,13,15;13;25;28;46;70;73;74,,,31.0,ksp,
6,13,16;21;25;28;46;69;66;74,,,33.0,ksp,
6,13,16;22;48;27;33;37,,,25.0,ksp,
6,13,15;11;10;33;37,,,21.0,ksp,
6,13,15;13;25;28;46;69;66;74,,,30.0,ksp,
6,13,15;11;10;34;42;73;74,,,26.0,ksp,
6,13,16;20;18;56;62;66;74,,,24.0,ksp,
6,13,16;21;25;27;33;37,,,29.0,ksp,
6,13,16;22;49;53;57;46;70;73;74,,,27.0,ksp,
6,13,16;22;49;53;59;62;66;74,,,28.0,ksp,
6,13,15;13;25;27;33;37,,,26.0,ksp,
6,14,16;20;18;56;62;65;70;71,,,27.0,ksp,
6,14,15;11;8;7;37;39;76;71,,,27.0,ksp,
6,14,16;22;49;53;57;44,,,19.0,ksp,
6,14,16;22;48;28;44,,,22.0,ksp,
6,14,14;3;2;7;36;34,,,29.0,ksp,
6,14,15;13;25;27;34,,,21.0,ksp,
6,14,16;21;25;28;44,,,26.0,ksp,
6,14,16;20;18;56;63;70;71,,,24.0,ksp,
6,15,16;20;18;55;49;53;57,,,17.0,ksp,
6,15,14;3;2;7;36;34;41,,,34.0,ksp,
6,15,16;21;25;28,,,21.0,ksp,
6,15,14;3;2;7;37;39;76;72;67,,,35.0,ksp,
6,15,15;13;25;30;53;57,,,25.0,ksp,
6,15,14;3;2;6;10;34;41,,,34.0,ksp,
6,15,16;20;18;56;63;67,,,19.0,ksp,
6,15,14;3;2;7;37;39;75;65;67,,,34.0,ksp,
6,15,15;11;10;34;41,,,21.0,ksp,
6,15,16;22;48;28,,,17.0,ksp,
6,16,14;3;2;7;37;39;75;65;67;45;58;52,,,41.0,ksp,
6,16,15;13;25;30;52,,,22.0,ksp,
6,16,15;11;10;32;29,,,21.0,ksp,
6,16,15;11;10;32;30;52,,,27.0,ksp,
6,16,14;3;2;7;36;34;41;45;58;52,,,41.0,ksp,
6,16,14;3;2;7;37;39;76;72;68;60;55,,,44.0,ksp,
6,16,14;3;2;7;37;39;75;64;61;58;52,,,43.0,ksp,
6,16,15;13;25;29,,,16.0,ksp,
6,17,15;13;25;28;45;58,,,23.0,ksp,
6,17,15;11;10;34;41;45;58,,,26.0,ksp,
6,17,14;3;2;7;37;39;75;65;67;45;58,,,39.0,ksp,
6,17,16;21;25;30,,,23.0,ksp,
6,17,16;20;18;56;61;58,,,17.0,ksp,
6,17,14;3;2;7;37;39;76;72;68;61;58,,,43.0,ksp,
6,17,14;3;2;7;37;39;75;64;61;58,,,41.0,ksp,
6,17,15;11;10;32;30,,,25.0,ksp,
6,17,14;3;2;7;36;32;29;49,,,36.0,ksp,
6,18,15;11;10;32;30;52;50,,,30.0,ksp,
6,18,15;11;10;32;29;50,,,24.0,ksp,
6,18,15;11;10;34;42;72;68;60,,,33.0,ksp,
6,18,14;3;2;7;37;39;76;72;68;60,,,41.0,ksp,
6,18,14;3;2;7;37;39;75;64;60,,,39.0,ksp,
6,18,14;3;2;6;10;34;41;45;59;60,,,45.0,ksp,
6,18,15;13;25;29;50,,,19.0,ksp,
6,18,15;13;25;28;46;68;60,,,30.0,ksp,
6,18,14;3;2;7;36;32;30;53;59;60,,,48.0,ksp,
6,18,15;11;10;34;41;45;59;60,,,32.0,ksp,
6,19,14;3;2;7;37;39;76;72;68;61,,,41.0,ksp,
6,19,14;3;2;7;37;39;75;64;61,,,39.0,ksp,
6,19,15;13;25;29;49;53,,,20.0,ksp,
6,19,14;3;2;7;37;39;75;65;67;45,,,37.0,ksp,
6,19,16;21;25;28;45,,,24.0,ksp,
6,19,15;11;10;34;41;45,,,24.0,ksp,
6,19,16;20;18;55;49;53,,,14.0,ksp,
6,19,15;13;25;30;53,,,22.0,ksp,
6,19,14;3;2;7;36;34;41;45,,,37.0,ksp,
6,19,15;11;10;32;30;53,,,27.0,ksp,
6,20,16;22;49;53;59,,,15.0,ksp,
6,20,14;3;2;6;10;34;42;72;68,,,42.0,ksp,
6,20,15;11;8;7;37;39;75;64,,,30.0,ksp,
6,20,15;11;10;34;41;46;68,,,29.0,ksp,
6,20,14;3;2;7;37;39;75;64,,,35.0,ksp,
6,20,15;13;25;30;53;59,,,26.0,ksp,
6,20,14;3;2;7;36;34;41;46;69;64,,,45.0,ksp,
6,20,14;3;2;7;37;39;75;65;68,,,36.0,ksp,
6,20,15;13;25;28;46;69;64,,,29.0,ksp,
6,20,15;11;10;34;42;72;68,,,29.0,ksp,
6,20,15;13;25;28;46;68,,,26.0,ksp,
6,20,14;3;2;7;37;39;76;72;68,,,37.0,ksp,
6,20,15;11;10;32;29;49;53;59,,,29.0,ksp,
6,21,15;11;8;7;37;39;75,,,24.0,ksp,
6,21,16;22;49;53;57;46;69,,,19.0,ksp,
6,21,16;22;49;53;59;62,,,21.0,ksp,
6,21,15;11;10;34;42;73;75,,,25.0,ksp,
6,21,16;21;25;30;53;59;62,,,35.0,ksp,
6,21,14;3;2;6;10;34;42;73;75,,,38.0,ksp,
6,21,15;11;10;34;42;72;69,,,26.0,ksp,
6,21,15;13;25;28;46;69,,,23.0,ksp,
6,21,16;22;49;53;59;63;69,,,22.0,ksp,
6,21,14;3;2;7;37;39;75,,,29.0,ksp,
6,22,16;22;50;56;62;65,,,22.0,ksp,
6,22,15;13;25;30;53;57;46,,,28.0,ksp,
6,22,14;3;2;7;37;39;76;72,,,32.0,ksp,
6,22,14;3;2;6;10;34;42;72,,,37.0,ksp,
6,22,15;11;10;34;41;46,,,24.0,ksp,
6,22,16;22;49;53;57;46,,,17.0,ksp,
6,22,16;22;49;53;59;62;65,,,23.0,ksp,
6,22,15;11;8;7;37;39;75;65,,,26.0,ksp,
6,22,14;3;2;7;37;39;75;65,,,31.0,ksp,
6,22,16;22;49;53;59;63,,,20.0,ksp,
6,22,16;21;25;28;46,,,24.0,ksp,
6,23,16;22;48;27;34;42,,,24.0,ksp,
6,23,16;22;49;53;59;62;66;76,,,26.0,ksp,
6,23,15;13;25;28;44;42,,,27.0,ksp,
6,23,16;21;25;27;34;42,,,28.0,ksp,
6,23,16;22;49;53;57;44;42,,,23.0,ksp,
6,23,15;13;25;28;46;70,,,25.0,ksp,
6,23,16;20;18;56;63;70,,,20.0,ksp,
6,23,16;22;49;53;57;46;70,,,21.0,ksp,
6,23,15;13;25;30;53;59;63;70,,,35.0,ksp,
6,23,14;3;2;6;10;34;42,,,33.0,ksp,
6,23,15;13;25;28;46;69;66;76,,,28.0,ksp,
6,24,16;22;48;27;34;42;73,,,26.0,ksp,
6,24,15;13;25;28;46;69;66,,,26.0,ksp,
6,24,15;13;25;28;44;42;73,,,29.0,ksp,
6,24,16;20;18;56;63;70;73,,,22.0,ksp,
6,24,16;22;49;53;57;46;70;73,,,23.0,ksp,
6,24,15;11;10;33;37;39,,,25.0,ksp,
6,24,16;20;18;56;63;69;66,,,21.0,ksp,
6,24,15;13;25;30;53;59;62;66,,,35.0,ksp,
6,24,16;21;25;28;46;69;66,,,29.0,ksp,
6,24,16;22;49;53;59;62;66,,,24.0,ksp,
6,24,14;3;2;6;10;34;42;73,,,35.0,ksp,
7,1,18;56;61;57;44;40;31;8;5,,,36.0,ksp,
7,1,18;55;48;27;33;35;5,,,28.0,ksp,
7,1,18;55;49;53;57;46;69;66;74;38;35;5,,,35.0,ksp,
7,1,18;55;48;26;23;11;8;5,,,27.0,ksp,
7,1,17;21;23;12;14;3,,,33.0,ksp,
7,1,18;55;48;27;31;8;5,,,28.0,ksp,
7,1,18;56;63;70;73;74;38;35;5,,,32.0,ksp,
7,1,18;55;47;19;14;3,,,23.0,ksp,
7,1,18;56;61;57;44;40;33;35;5,,,36.0,ksp,
7,1,18;56;63;70;71;40;33;35;5,,,37.0,ksp,
7,1,17;19;15;11;8;5,,,19.0,ksp,
7,1,18;55;49;51;27;31;8;5,,,34.0,ksp,
7,1,18;56;62;66;74;38;35;5,,,30.0,ksp,
7,2,18;55;48;26;23;11;8;5;1,,,33.0,ksp,
7,2,18;56;61;57;44;40;31;8;5;1,,,42.0,ksp,
7,2,17;22;49;53;57;44;40;33;35;5;1,,,44.0,ksp,
7,2,18;55;48;27;33;35;5;1,,,34.0,ksp,
7,2,18;55;47;19;14,,,17.0,ksp,
7,2,17;21;23;12;14,,,27.0,ksp,
7,2,18;55;48;27;31;8;5;1,,,34.0,ksp,
7,2,18;56;62;66;74;38;35;5;1,,,36.0,ksp,
7,2,18;55;49;51;26;23;12;14,,,32.0,ksp,
7,2,18;56;63;70;71;40;31;9;12;14,,,40.0,ksp,
7,2,18;56;61;57;43;26;23;12;14,,,36.0,ksp,
7,2,17;22;49;51;27;31;8;5;1,,,43.0,ksp,
7,2,18;56;63;70;73;74;38;35;5;1,,,38.0,ksp,
7,3,18;55;49;53;57;44;40;31;8,,,31.0,ksp,
7,3,18;55;48;26;23;11;8,,,23.0,ksp,
7,3,18;55;48;27;33;35,,,24.0,ksp,
7,3,18;56;61;57;44;40;31;8,,,32.0,ksp,
7,3,18;56;63;70;73;74;38;35,,,28.0,ksp,
7,3,18;55;49;51;27;33;35,,,30.0,ksp,
7,3,17;22;48;27;33;35,,,27.0,ksp,
7,3,18;56;63;69;66;74;38;35,,,27.0,ksp,
7,3,18;55;47;19;14;3;2,,,27.0,ksp,
7,4,18;56;63;70;73;74;38;35;6,,,32.0,ksp,
7,4,18;55;49;51;27;31,,,26.0,ksp,
7,4,18;55;48;26;23;11,,,19.0,ksp,
7,4,17;22;49;51;26;23;11,,,28.0,ksp,
7,4,18;56;62;66;74;38;35;6,,,30.0,ksp,
7,4,18;55;49;53;57;44;40;31,,,27.0,ksp,
7,4,18;55;48;27;31,,,20.0,ksp,
7,4,18;56;63;70;71;40;31,,,29.0,ksp,
7,4,17;19;14;3;2;6,,,24.0,ksp,
7,4,18;55;48;27;33;35;6,,,28.0,ksp,
7,4,18;56;61;57;44;40;31,,,28.0,ksp,
7,5,18;56;63;70;71;40;31;9,,,31.0,ksp,
7,5,18;56;61;57;44;40;31;9,,,30.0,ksp,
7,5,18;55;48;27;31;9,,,22.0,ksp,
7,5,18;55;49;51;26;23,,,23.0,ksp,
7,5,18;55;48;26;23,,,17.0,ksp,
7,5,18;56;63;70;73;74;38;35;6;9,,,34.0,ksp,
7,5,18;56;62;66;74;38;35;6;9,,,32.0,ksp,
7,5,18;55;48;27;33;35;6;9,,,30.0,ksp,
7,6,18;56;63;70;73;74;38;35;5;1;4,,,43.0,ksp,
7,6,18;55;48;27;31;8;5;1;4,,,39.0,ksp,
7,6,18;56;61;57;43;27;31;9;12,,,36.0,ksp,
7,6,18;56;62;66;74;38;35;5;1;4,,,41.0,ksp,
7,6,18;55;47;19,,,12.0,ksp,
7,6,18;55;49;51;27;33;35;5;1;4,,,45.0,ksp,
7,6,18;55;48;26;23;12,,,21.0,ksp,
7,6,18;55;47;21;23;12,,,29.0,ksp,
7,6,18;56;63;70;71;40;31;9;12,,,35.0,ksp,
7,6,18;56;61;57;44;40;31;9;12,,,34.0,ksp,
7,8,18;55;47,,,10.0,ksp,
7,8,18;56;62;66;74;38;35;6;9;12;16,,,38.0,ksp,
7,8,18;55;48;26;24,,,22.0,ksp,
7,8,18;56;63;67;43;26;23;12;16,,,34.0,ksp,
7,8,18;56;61;58;52;47,,,19.0,ksp,
7,8,18;56;61;58;51;26;24,,,33.0,ksp,
7,8,18;56;61;57;44;40;31;9;12;16,,,36.0,ksp,
7,9,18;56;61;58;51;26,,,23.0,ksp,
7,9,18;56;63;67;43;26,,,23.0,ksp,
7,9,18;56;62;66;74;38;35;6;9;13,,,37.0,ksp,
7,9,18;55;49;51;26,,,18.0,ksp,
7,9,18;56;63;70;71;40;31;9;13,,,36.0,ksp,
7,9,18;55;49;53;57;44;40;31;9;13,,,34.0,ksp,
7,10,17;19;14;3;2;7;36;32,,,35.0,ksp,
7,10,17;19;15;11;10;32,,,22.0,ksp,
7,10,17;22;49;51,,,18.0,ksp,
7,10,18;56;63;70;71;40;32,,,28.0,ksp,
7,10,17;19;15;13;25,,,17.0,ksp,
7,10,17;22;48,,,12.0,ksp,
7,11,17;22;48;27,,,17.0,ksp,
7,11,18;56;61;57;44;40,,,22.0,ksp,
7,11,17;19;14;3;2;7;36,,,30.0,ksp,
7,11,18;55;49;51;27,,,20.0,ksp,
7,11,17;22;49;53;57;44;40,,,24.0,ksp,
7,11,18;56;62;66;74;38;36,,,28.0,ksp,
7,11,18;56;63;70;71;40,,,23.0,ksp,
7,12,18;55;48;27;33,,,20.0,ksp,
7,12,18;55;49;53;57;46;70;73;74;38,,,28.0,ksp,
7,12,17;22;49;53;57;44;40;33,,,30.0,ksp,
7,12,17;21;23;11;10;33,,,32.0,ksp,
7,12,18;56;63;69;66;74;38,,,23.0,ksp,
7,12,18;56;61;57;44;40;33,,,28.0,ksp,
7,12,18;55;49;51;27;33,,,26.0,ksp,
7,12,18;56;63;70;73;74;38,,,24.0,ksp,
7,12,18;55;48;26;23;11;8;7,,,27.0,ksp,
7,12,17;21;25;28;46;69;66;74;38,,,37.0,ksp,
7,13,17;21;23;11;10;33;37,,,35.0,ksp,
7,13,17;21;25;28;44;42;73;74,,,37.0,ksp,
7,13,17;22;48;27;33;37,,,26.0,ksp,
7,13,18;55;49;53;57;46;69;66;74,,,24.0,ksp,
7,13,18;55;49;53;57;44;42;73;74,,,27.0,ksp,
7,13,17;22;49;53;57;46;69;66;74,,,27.0,ksp,
7,13,18;55;48;28;44;42;73;74,,,30.0,ksp,
7,13,18;55;49;53;57;46;70;73;74,,,25.0,ksp,
7,13,17;21;25;27;33;37,,,30.0,ksp,
7,13,18;56;63;69;66;74,,,20.0,ksp,
7,13,18;55;48;27;33;37,,,23.0,ksp,
7,14,17;19;15;11;8;7;37;39;76;71,,,32.0,ksp,
7,14,18;55;48;28;44,,,20.0,ksp,
7,14,17;19;14;3;2;7;37;39;76;71,,,37.0,ksp,
7,14,17;19;14;3;2;7;36;34,,,34.0,ksp,
7,14,17;19;15;11;10;34,,,21.0,ksp,
7,14,17;21;25;27;34,,,25.0,ksp,
7,14,17;22;49;53;57;44,,,20.0,ksp,
7,14,18;55;48;27;34,,,18.0,ksp,
7,14,18;55;49;53;59;62;66;76;71,,,28.0,ksp,
7,15,17;21;25;28,,,22.0,ksp,
7,15,17;19;15;11;8;7;37;39;76;71;41,,,37.0,ksp,
7,15,17;19;15;13;25;28,,,23.0,ksp,
7,15,18;55;48;28,,,15.0,ksp,
7,15,17;19;14;3;2;7;37;39;76;72;67,,,40.0,ksp,
7,15,18;55;48;27;34;41,,,23.0,ksp,
7,15,17;19;15;11;10;34;41,,,26.0,ksp,
7,15,17;21;25;27;34;41,,,30.0,ksp,
7,15,17;22;49;53;57,,,15.0,ksp,
7,15,17;22;48;28,,,18.0,ksp,
7,16,17;19;15;13;25;29,,,21.0,ksp,
7,16,18;56;61;58;52,,,14.0,ksp,
7,16,17;19;15;11;10;32;29,,,26.0,ksp,
7,16,18;56;63;67;45;58;52,,,21.0,ksp,
7,16,17;22,,,8.0,ksp,
7,16,17;21;25;29,,,20.0,ksp,
7,17,18;56;63;67;45;58,,,19.0,ksp,
7,17,17;21;25;28;45;58,,,27.0,ksp,
7,17,17;19;15;11;10;34;41;45;58,,,31.0,ksp,
7,17,17;22;48;28;45;58,,,23.0,ksp,
7,17,17;22;49,,,10.0,ksp,
7,17,17;19;15;13;25;30,,,25.0,ksp,
7,17,18;55;48;30,,,17.0,ksp,
7,18,17;21;25;29;50,,,23.0,ksp,
7,18,17;22;50,,,11.0,ksp,
7,18,17;19;15;11;8;7;37;39;75;64;60,,,39.0,ksp,
7,18,17;19;15;13;25;28;46;68;60,,,35.0,ksp,
7,18,17;19;15;11;10;34;41;45;59;60,,,37.0,ksp,
7,18,17;22;49;53;59;60,,,20.0,ksp,
7,18,17;21;25;30;53;59;60,,,34.0,ksp,
7,19,17;21;25;27;34;41;45,,,33.0,ksp,
7,19,17;22;49;53,,,12.0,ksp,
7,19,17;21;25;30;53,,,26.0,ksp,
7,19,17;19;14;3;2;7;37;39;75;65;67;45,,,42.0,ksp,
7,19,17;21;25;28;45,,,25.0,ksp,
7,19,17;22;48;28;45,,,21.0,ksp,
7,19,17;19;15;11;10;34;41;45,,,29.0,ksp,
7,19,17;19;15;13;25;28;45,,,26.0,ksp,
7,19,18;55;48;28;45,,,18.0,ksp,
7,19,17;22;48;30;53,,,22.0,ksp,
7,20,18;55;48;28;46;68,,,23.0,ksp,
7,20,17;21;25;30;53;59,,,30.0,ksp,
7,20,17;22;49;53;59,,,16.0,ksp,
7,20,18;55;48;27;34;42;72;68,,,31.0,ksp,
7,20,17;19;14;3;2;7;37;39;75;64,,,40.0,ksp,
7,20,17;19;15;11;10;34;42;72;68,,,34.0,ksp,
7,20,17;21;25;28;46;69;64,,,33.0,ksp,
7,20,18;55;49;53;59,,,13.0,ksp,
7,20,17;19;15;11;8;7;37;39;75;64,,,35.0,ksp,
7,20,17;19;15;11;10;34;42;73;75;64,,,36.0,ksp,
7,20,17;21;25;28;46;68,,,30.0,ksp,
7,20,18;55;48;27;33;37;39;75;64,,,36.0,ksp,
7,21,17;22;48;28;46;69,,,23.0,ksp,
7,21,17;19;15;11;10;33;37;39;75,,,33.0,ksp,
7,21,17;19;15;11;8;7;37;39;75,,,29.0,ksp,
7,21,18;55;49;53;59;62,,,19.0,ksp,
7,21,17;22;49;53;57;46;69,,,20.0,ksp,
7,21,18;55;49;53;57;46;69,,,17.0,ksp,
7,21,17;19;14;3;2;7;37;39;75,,,34.0,ksp,
7,21,18;55;48;27;34;42;73;75,,,27.0,ksp,
7,21,17;21;25;28;46;69,,,27.0,ksp,
7,21,17;22;49;53;57;44;42;73;75,,,29.0,ksp,
7,21,17;19;15;11;10;34;42;73;75,,,30.0,ksp,
7,21,17;21;25;27;34;42;73;75,,,34.0,ksp,
7,21,17;22;49;53;59;62,,,22.0,ksp,
7,21,18;55;48;28;46;69,,,20.0,ksp,
7,21,18;55;49;53;59;63;69,,,20.0,ksp,
7,22,17;19;14;3;2;7;37;39;75;65,,,36.0,ksp,
7,22,17;22;49;53;57;46,,,18.0,ksp,
7,22,17;19;15;11;8;7;37;39;75;65,,,31.0,ksp,
7,22,17;21;25;28;46,,,25.0,ksp,
7,22,17;22;49;53;59;62;65,,,24.0,ksp,
7,22,17;22;48;28;46,,,21.0,ksp,
7,22,18;55;48;28;46,,,18.0,ksp,
7,22,18;55;49;53;59;63,,,18.0,ksp,
7,22,17;19;15;11;8;7;37;39;76;72,,,32.0,ksp,
7,22,18;55;49;53;57;46,,,15.0,ksp,
7,22,17;22;48;27;34;42;72,,,29.0,ksp,
7,22,18;55;48;27;34;42;72,,,26.0,ksp,
7,22,17;19;15;11;10;34;42;72,,,29.0,ksp,
7,23,17;19;14;3;2;7;37;39;76,,,33.0,ksp,
7,23,17;21;25;27;34;42,,,29.0,ksp,
7,23,17;22;48;27;34;42,,,25.0,ksp,
7,23,17;21;25;27;33;37;39;76,,,36.0,ksp,
7,23,18;56;63;69;66;76,,,18.0,ksp,
7,23,17;19;15;11;10;34;42,,,25.0,ksp,
7,23,18;55;48;28;46;70,,,22.0,ksp,
7,23,17;19;15;11;8;7;37;39;76,,,28.0,ksp,
7,23,18;55;49;53;57;46;70,,,19.0,ksp,
7,23,17;22;49;53;57;44;42,,,24.0,ksp,
7,23,17;22;48;28;44;42,,,27.0,ksp,
7,23,18;55;49;53;59;62;66;76,,,24.0,ksp,
7,24,18;55;49;53;57;46;70;73,,,21.0,ksp,
7,24,18;55;48;28;44;42;73,,,26.0,ksp,
7,24,17;22;49;53;57;46;69;66,,,23.0,ksp,
7,24,17;22;48;27;34;42;73,,,27.0,ksp,
7,24,18;55;49;53;57;46;69;66,,,20.0,ksp,
7,24,17;19;15;11;8;7;37;39,,,26.0,ksp,
7,24,18;55;49;53;59;62;66,,,22.0,ksp,
7,24,17;19;15;11;10;34;42;73,,,27.0,ksp,
7,24,17;21;25;27;33;37;39,,,34.0,ksp,
7,24,17;19;14;3;2;7;37;39,,,31.0,ksp,
7,24,17;22;48;28;44;42;73,,,29.0,ksp,
7,24,18;55;48;28;46;70;73,,,24.0,ksp,
8,1,20;18;56;62;66;74;38;35;5,,,33.0,ksp,
8,1,22;48;27;33;35;5,,,28.0,ksp,
8,1,20;18;55;48;27;33;35;5,,,31.0,ksp,
8,1,20;18;56;63;69;66;74;38;35;5,,,34.0,ksp,
8,1,20;18;56;63;70;73;74;38;35;5,,,35.0,ksp,
8,1,21;23;12;14;3,,,30.0,ksp,
8,1,19;15;11;8;5,,,16.0,ksp,
8,1,22;49;53;57;44;40;31;8;5,,,35.0,ksp,
8,1,22;48;27;31;8;5,,,28.0,ksp,
8,2,20;18;56;63;70;73;74;38;35;5;1,,,41.0,ksp,
8,2,22;49;53;57;44;40;33;35;5;1,,,41.0,ksp,
8,2,20;18;56;62;66;74;38;35;5;1,,,39.0,ksp,
8,2,22;49;51;27;31;8;5;1,,,40.0,ksp,
8,2,20;18;55;48;27;31;9;12;14,,,34.0,ksp,
8,2,22;48;27;33;35;5;1,,,34.0,ksp,
8,2,20;18;55;49;53;57;44;40;31;8;5;1,,,44.0,ksp,
8,2,21;23;12;14,,,24.0,ksp,
8,2,19;15;11;8;5;1,,,22.0,ksp,
8,2,22;48;26;23;12;14,,,26.0,ksp,
8,3,22;49;53;57;44;40;33;35,,,31.0,ksp,
8,3,20;18;56;63;70;73;74;38;35,,,31.0,ksp,
8,3,20;18;55;48;27;31;8,,,27.0,ksp,
8,3,22;49;53;57;46;69;66;74;38;35,,,31.0,ksp,
8,3,20;18;55;49;51;27;31;8,,,33.0,ksp,
8,3,22;48;27;31;8,,,24.0,ksp,
8,3,22;48;27;33;35,,,24.0,ksp,
8,3,21;25;28;44;40;33;35,,,38.0,ksp,
8,3,20;18;56;62;66;74;38;35,,,29.0,ksp,
8,4,22;49;53;57;44;40;31,,,27.0,ksp,
8,4,20;18;56;63;70;73;74;38;35;6,,,35.0,ksp,
8,4,19;14;3;2;6,,,21.0,ksp,
8,4,22;49;51;27;31,,,26.0,ksp,
8,4,22;49;53;57;44;40;33;35;6,,,35.0,ksp,
8,4,20;18;55;48;27;31,,,23.0,ksp,
8,4,20;18;56;62;66;74;38;35;6,,,33.0,ksp,
8,4,22;48;27;31,,,20.0,ksp,
8,5,20;18;56;62;66;74;38;35;6;9,,,35.0,ksp,
8,5,20;18;56;63;70;73;74;38;35;6;9,,,37.0,ksp,
8,5,22;49;51;26;23,,,23.0,ksp,
8,5,20;18;55;48;26;23,,,20.0,ksp,
8,5,22;49;53;57;44;40;31;9,,,29.0,ksp,
8,5,22;48;26;23,,,17.0,ksp,
8,5,20;18;55;48;27;31;9,,,25.0,ksp,
8,5,19;14;3;2;6;9,,,23.0,ksp,
8,5,22;48;27;31;9,,,22.0,ksp,
8,6,20;18;55;48;26;23;12,,,24.0,ksp,
8,6,20;18;56;62;66;74;38;35;5;1;4,,,44.0,ksp,
8,6,22;49;53;57;44;40;33;35;5;1;4,,,46.0,ksp,
8,6,22;48;27;31;9;12,,,26.0,ksp,
8,6,20;18;55;49;53;57;44;40;31;9;12,,,36.0,ksp,
8,6,20;18;56;63;70;73;74;38;35;5;1;4,,,46.0,ksp,
8,6,22;49;51;27;31;8;5;1;4,,,45.0,ksp,
8,6,22;48;26;23;12,,,21.0,ksp,
8,6,22;48;27;33;35;5;1;4,,,39.0,ksp,
8,7,21;25;30;53;59;60;54,,,33.0,ksp,
8,7,22;49;53;59;60;54,,,19.0,ksp,
8,7,19;15;11;8;7;37;39;75;64;60;54,,,38.0,ksp,
8,7,22;50;54,,,10.0,ksp,
8,7,19;15;13;25;28;46;68;60;54,,,34.0,ksp,
8,7,21;25;29;50;54,,,22.0,ksp,
8,7,19;15;11;10;34;41;45;59;60;54,,,36.0,ksp,
8,9,20;18;56;61;57;43;26,,,25.0,ksp,
8,9,22;48;26,,,12.0,ksp,
8,9,19;14;3;2;6;9;13,,,28.0,ksp,
8,9,20;18;56;63;67;43;26,,,26.0,ksp,
8,9,22;49;51;26,,,18.0,ksp,
8,9,20;18;55;48;26,,,15.0,ksp,
8,9,20;18;55;49;51;26,,,21.0,ksp,
8,10,19;15;11;10;32,,,19.0,ksp,
8,10,20;18;56;63;67;43,,,23.0,ksp,
8,10,20;18;55;48,,,12.0,ksp,
8,10,22;49;51,,,15.0,ksp,
8,10,20;18;55;49;51,,,18.0,ksp,
8,10,19;14;3;2;7;36;32,,,32.0,ksp,
8,11,22;49;53;57;44;40,,,21.0,ksp,
8,11,20;18;56;63;70;71;40,,,26.0,ksp,
8,11,22;49;53;57;46;70;71;40,,,27.0,ksp,
8,11,20;18;55;49;51;27,,,23.0,ksp,
8,11,20;18;55;49;53;57;44;40,,,24.0,ksp,
8,11,20;18;56;62;66;74;38;36,,,31.0,ksp,
8,11,22;48;28;44;40,,,24.0,ksp,
8,11,22;48;27,,,14.0,ksp,
8,12,20;18;55;48;27;33,,,23.0,ksp,
8,12,21;25;27;33,,,24.0,ksp,
8,12,20;18;55;49;53;57;44;40;33,,,30.0,ksp,
8,12,21;23;11;10;33,,,29.0,ksp,
8,12,22;48;27;33,,,20.0,ksp,
8,12,20;18;56;63;70;73;74;38,,,27.0,ksp,
8,12,22;49;53;57;44;40;33,,,27.0,ksp,
8,12,22;49;53;57;44;42;73;74;38,,,30.0,ksp,
8,12,21;25;28;46;70;73;74;38,,,35.0,ksp,
8,12,22;48;28;46;69;66;74;38,,,30.0,ksp,
8,12,20;18;56;62;66;74;38,,,25.0,ksp,
8,12,19;15;11;10;33,,,20.0,ksp,
8,12,22;49;53;57;46;69;66;74;38,,,27.0,ksp,
8,13,22;48;27;33;37,,,23.0,ksp,
8,13,21;25;27;33;37,,,27.0,ksp,
8,13,20;18;56;63;69;66;74,,,23.0,ksp,
8,13,22;49;53;57;46;70;73;74,,,25.0,ksp,
8,13,20;18;56;62;66;74,,,22.0,ksp,
8,13,22;49;53;57;44;42;73;74,,,27.0,ksp,
8,13,19;15;11;10;34;42;73;74,,,28.0,ksp,
8,13,22;48;28;44;42;73;74,,,30.0,ksp,
8,13,22;48;28;46;70;73;74,,,28.0,ksp,
8,13,20;18;56;63;70;73;74,,,24.0,ksp,
8,13,20;18;55;49;53;59;62;66;74,,,29.0,ksp,
8,13,19;15;11;10;33;37,,,23.0,ksp,
8,13,21;25;28;46;70;73;74,,,32.0,ksp,
8,13,22;49;53;57;46;69;66;74,,,24.0,ksp,
8,14,22;48;27;34,,,18.0,ksp,
8,14,19;14;3;2;7;37;39;76;71,,,34.0,ksp,
8,14,20;18;55;48;28;44,,,23.0,ksp,
8,14,19;15;11;10;34,,,18.0,ksp,
8,14,21;25;28;44,,,24.0,ksp,
8,14,22;48;28;44,,,20.0,ksp,
8,14,21;25;28;46;70;71,,,30.0,ksp,
8,14,19;15;11;8;7;36;34,,,26.0,ksp,
8,15,20;18;55;48;27;34;41,,,26.0,ksp,
8,15,21;25;28,,,19.0,ksp,
8,15,19;14;3;2;7;37;39;75;65;67,,,36.0,ksp,
8,15,22;48;28,,,15.0,ksp,
8,15,19;15;13;25;28,,,20.0,ksp,
8,15,19;14;3;2;7;37;39;76;72;67,,,37.0,ksp,
8,15,19;15;11;10;34;41,,,23.0,ksp,
8,16,20;18;56;61;58;52,,,17.0,ksp,
8,16,19;15;13;25;29,,,18.0,ksp,
8,16,19;15;11;10;34;41;45;58;52,,,30.0,ksp,
8,16,21;25;30;52,,,23.0,ksp,
8,16,19;14;3;2;7;37;39;75;65;67;45;58;52,,,43.0,ksp,
8,16,19;15;11;10;32;30;52,,,29.0,ksp,
8,16,19;14;3;2;7;36;32;29,,,36.0,ksp,
8,16,21;25;29,,,17.0,ksp,
8,17,19;15;13;25;28;45;58,,,25.0,ksp,
8,17,19;14;3;2;7;37;39;75;65;67;45;58,,,41.0,ksp,
8,17,19;15;11;10;34;41;45;58,,,28.0,ksp,
8,17,19;15;11;10;32;30,,,27.0,ksp,
8,17,19;14;3;2;7;36;32;30,,,40.0,ksp,
8,17,22;48;28;45;58,,,20.0,ksp,
8,18,19;15;11;8;7;37;39;75;64;60,,,36.0,ksp,
8,18,19;14;3;2;7;37;39;75;64;60,,,41.0,ksp,
8,18,22;49;53;59;60,,,17.0,ksp,
8,18,19;15;11;10;34;41;45;59;60,,,34.0,ksp,
8,18,19;15;13;25;28;46;68;60,,,32.0,ksp,
8,18,21;25;30;53;59;60,,,31.0,ksp,
8,18,21;25;29;50,,,20.0,ksp,
8,18,19;15;11;10;34;42;72;68;60,,,35.0,ksp,
8,19,19;15;11;10;34;41;45,,,26.0,ksp,
8,19,20;18;55;49;53,,,12.0,ksp,
8,19,19;15;13;25;28;45,,,23.0,ksp,
8,19,22;48;28;45,,,18.0,ksp,
8,19,21;25;28;45,,,22.0,ksp,
8,19,19;14;3;2;7;37;39;75;65;67;45,,,39.0,ksp,
8,19,19;14;3;2;7;37;39;76;72;68;61,,,43.0,ksp,
8,19,19;15;11;8;7;37;39;75;64;61,,,36.0,ksp,
8,19,21;25;30;53,,,23.0,ksp,
8,20,21;25;28;46;68,,,27.0,ksp,
8,20,21;25;28;45;59,,,26.0,ksp,
8,20,19;14;3;2;7;37;39;75;64,,,37.0,ksp,
8,20,19;15;11;10;34;41;46;68,,,31.0,ksp,
8,20,19;15;11;10;34;42;72;68,,,31.0,ksp,
8,20,19;15;11;8;7;37;39;75;64,,,32.0,ksp,
8,20,22;49;53;59,,,13.0,ksp,
8,20,19;15;13;25;28;46;68,,,28.0,ksp,
8,20,19;15;11;10;34;42;73;75;64,,,33.0,ksp,
8,20,21;25;27;34;42;72;69;64,,,38.0,ksp,
8,21,22;48;27;34;42;73;75,,,27.0,ksp,
8,21,19;14;3;2;7;37;39;75,,,31.0,ksp,
8,21,19;15;11;10;34;42;73;75,,,27.0,ksp,
8,21,21;25;27;33;37;39;75,,,34.0,ksp,
8,21,21;25;28;46;69,,,24.0,ksp,
8,21,22;49;53;59;62,,,19.0,ksp,
8,21,22;49;53;59;63;69,,,20.0,ksp,
8,21,22;49;53;57;46;69,,,17.0,ksp,
8,21,19;15;11;8;7;37;39;75,,,26.0,ksp,
8,22,19;14;3;2;7;37;39;75;65,,,33.0,ksp,
8,22,19;15;11;10;34;42;72,,,26.0,ksp,
8,22,19;14;3;2;7;37;39;76;72,,,34.0,ksp,
8,22,19;15;11;8;7;37;39;75;65,,,28.0,ksp,
8,22,22;49;53;59;62;65,,,21.0,ksp,
8,22,22;49;53;59;63,,,18.0,ksp,
8,22,22;49;53;57;46,,,15.0,ksp,
8,22,21;25;27;34;42;72,,,30.0,ksp,
8,22,19;15;13;25;28;46,,,23.0,ksp,
8,22,21;25;28;46,,,22.0,ksp,
8,22,22;48;28;46,,,18.0,ksp,
8,23,21;25;30;53;59;62;66;76,,,38.0,ksp,
8,23,22;49;53;57;44;42,,,21.0,ksp,
8,23,22;48;28;46;69;66;76,,,25.0,ksp,
8,23,21;25;28;46;70,,,26.0,ksp,
8,23,21;25;28;44;42,,,28.0,ksp,
8,23,20;18;55;48;28;46;70,,,25.0,ksp,
8,23,22;49;53;57;46;70,,,19.0,ksp,
8,23,19;15;11;8;7;37;39;76,,,25.0,ksp,
8,23,21;25;27;34;42,,,26.0,ksp,
8,23,19;15;11;10;33;37;39;76,,,29.0,ksp,
8,23,22;49;53;59;62;66;76,,,24.0,ksp,
8,23,19;15;11;10;34;42,,,22.0,ksp,
8,23,19;14;3;2;7;37;39;76,,,30.0,ksp,
8,23,22;48;27;34;42,,,22.0,ksp,
8,24,19;15;11;8;7;37;39,,,23.0,ksp,
8,24,22;49;53;57;44;42;73,,,23.0,ksp,
8,24,22;49;53;57;46;70;73,,,21.0,ksp,
8,24,21;25;27;33;37;39,,,31.0,ksp,
8,24,20;18;55;48;28;46;70;73,,,27.0,ksp,
8,24,22;49;53;59;62;66,,,22.0,ksp,
8,24,22;48;27;33;37;39,,,27.0,ksp,
8,24,22;49;53;59;63;69;66,,,23.0,ksp,
8,24,19;14;3;2;7;37;39,,,28.0,ksp,
8,24,22;48;27;34;42;73,,,24.0,ksp,
8,24,19;15;11;10;34;42;73,,,24.0,ksp,
8,24,21;25;28;46;69;66,,,27.0,ksp,
9,1,23;12;14;3,,,20.0,ksp,
9,1,25;28;46;69;66;74;38;35;5,,,32.0,ksp,
9,1,25;27;33;35;5,,,22.0,ksp,
9,1,25;28;46;70;73;74;38;35;5,,,33.0,ksp,
9,1,25;29;50;56;62;66;74;38;35;5,,,38.0,ksp,
9,1,24;19;14;3,,,23.0,ksp,
9,1,25;28;44;40;33;35;5,,,32.0,ksp,
9,1,25;29;47;19;14;3,,,25.0,ksp,
9,2,25;29;47;19;14,,,19.0,ksp,
9,2,25;27;33;35;5;1,,,28.0,ksp,
9,2,25;28;46;70;73;74;38;35;5;1,,,39.0,ksp,
9,2,25;28;44;40;31;8;5;1,,,38.0,ksp,
9,2,25;28;46;69;66;74;38;35;5;1,,,38.0,ksp,
9,2,25;27;31;8;5;1,,,28.0,ksp,
9,3,24;19;14;3;2,,,27.0,ksp,
9,3,25;28;44;42;73;74;38;35,,,31.0,ksp,
9,3,25;28;46;69;66;74;38;35,,,28.0,ksp,
9,3,25;28;46;70;73;74;38;35,,,29.0,ksp,
9,3,25;27;33;35,,,18.0,ksp,
9,3,25;29;50;56;62;66;74;38;35,,,34.0,ksp,
9,3,25;29;49;53;57;44;40;33;35,,,33.0,ksp,
9,4,25;28;44;40;31,,,24.0,ksp,
9,4,24;19;14;3;2;6,,,31.0,ksp,
9,4,25;29;50;56;62;66;74;38;35;6,,,38.0,ksp,
9,4,24;22;49;53;57;44;40;31,,,37.0,ksp,
9,4,25;28;46;69;66;74;38;35;6,,,32.0,ksp,
9,4,25;27;33;35;6,,,22.0,ksp,
9,4,24;19;15;11,,,18.0,ksp,
9,4,24;20;18;56;63;70;73;74;38;35;6,,,45.0,ksp,
9,5,24;19;15,,,16.0,ksp,
9,5,25;28;44;40;31;9,,,26.0,ksp,
9,5,25;27;31;9,,,16.0,ksp,
9,5,25;28;46;70;73;74;38;35;6;9,,,35.0,ksp,
9,5,25;28;46;69;66;74;38;35;6;9,,,34.0,ksp,
9,5,25;27;33;35;6;9,,,24.0,ksp,
9,5,25;29;47;19;15,,,18.0,ksp,
9,6,25;27;31;8;5;1;4,,,33.0,ksp,
9,6,25;29;47;19,,,14.0,ksp,
9,6,25;27;31;9;12,,,20.0,ksp,
9,6,23;11;8;5;1;4,,,26.0,ksp,
9,6,25;30;52;47;19,,,20.0,ksp,
9,6,25;29;50;54;17;19,,,17.0,ksp,
9,6,25;27;33;35;5;1;4,,,33.0,ksp,
9,6,25;28;46;69;66;74;38;35;5;1;4,,,43.0,ksp,
9,7,25;30;52;50;54,,,18.0,ksp,
9,7,25;28;46;68;60;54,,,23.0,ksp,
9,7,23;11;10;34;41;45;58;52;50;54,,,34.0,ksp,
9,7,23;12;16;20,,,14.0,ksp,
9,7,25;30;53;59;60;54,,,23.0,ksp,
9,7,23;11;10;34;42;72;68;60;54,,,36.0,ksp,
9,7,23;11;8;7;37;39;75;64;60;54,,,37.0,ksp,
9,8,23;11;8;5;1;4;16,,,28.0,ksp,
9,8,25;29;50;54;17,,,15.0,ksp,
9,8,25;28;46;68;60;54;17,,,26.0,ksp,
9,8,25;29;47,,,12.0,ksp,
9,8,25;30;52;47,,,18.0,ksp,
9,8,25;30;52;50;54;17,,,21.0,ksp,
9,8,25;28;45;59;60;54;17,,,25.0,ksp,
9,10,23;11;10;34;41;43,,,28.0,ksp,
9,10,24;20;18;55;49;51,,,28.0,ksp,
9,10,24;22;48,,,19.0,ksp,
9,10,23;11;10;32,,,18.0,ksp,
9,10,23;11;8;7;37;39;75;65;67;43,,,36.0,ksp,
9,10,23;11;8;7;36;32,,,26.0,ksp,
9,10,24;22;49;51,,,25.0,ksp,
9,10,23;12;16;20;18;55;48,,,23.0,ksp,
9,10,24;20;18;55;48,,,22.0,ksp,
9,10,23;12;16;20;18;56;61;57;43,,,33.0,ksp,
9,11,25;28;44;40,,,18.0,ksp,
9,11,24;20;18;56;62;66;76;71;40,,,38.0,ksp,
9,11,23;11;8;7;36,,,21.0,ksp,
9,11,24;19;14;3;2;7;36,,,37.0,ksp,
9,11,24;20;18;56;63;70;71;40,,,36.0,ksp,
9,11,24;22;49;53;57;44;40,,,31.0,ksp,
9,11,24;20;18;56;62;66;74;38;36,,,41.0,ksp,
9,11,25;28;46;70;71;40,,,24.0,ksp,
9,12,23;11;10;33,,,19.0,ksp,
9,12,25;28;46;69;66;74;38,,,24.0,ksp,
9,12,24;22;49;53;57;44;42;73;74;38,,,40.0,ksp,
9,12,25;30;53;59;62;66;74;38,,,33.0,ksp,
9,12,25;28;46;70;73;74;38,,,25.0,ksp,
9,12,24;20;18;56;63;70;73;74;38,,,37.0,ksp,
9,12,23;12;14;3;2;7,,,28.0,ksp,
9,12,24;22;49;53;57;44;40;33,,,37.0,ksp,
9,12,24;20;18;56;62;66;74;38,,,35.0,ksp,
9,12,25;29;50;56;63;69;66;74;38,,,31.0,ksp,
9,12,24;19;14;3;2;7,,,31.0,ksp,
9,13,25;27;34;42;73;74,,,22.0,ksp,
9,13,25;28;46;70;73;74,,,22.0,ksp,
9,13,24;19;14;3;2;7;37,,,34.0,ksp,
9,13,24;22;49;53;57;46;70;73;74,,,35.0,ksp,
9,13,25;29;50;56;63;69;66;74,,,28.0,ksp,
9,13,23;12;16;20;18;56;62;66;74,,,33.0,ksp,
9,13,25;29;49;53;57;44;42;73;74,,,29.0,ksp,
9,13,24;20;18;56;62;66;74,,,32.0,ksp,
9,13,25;28;44;42;73;74,,,24.0,ksp,
9,13,23;11;10;33;37,,,22.0,ksp,
9,13,25;28;46;69;66;74,,,21.0,ksp,
9,13,24;20;18;56;63;69;66;74,,,33.0,ksp,
9,13,24;22;49;53;59;62;66;74,,,36.0,ksp,
9,14,23;12;14;3;2;7;37;39;76;71,,,41.0,ksp,
9,14,24;20;18;56;62;66;76;71,,,34.0,ksp,
9,14,23;12;16;22;49;53;57;44,,,28.0,ksp,
9,14,24;20;18;56;63;70;71,,,32.0,ksp,
9,14,24;22;49;53;57;44,,,27.0,ksp,
9,14,23;11;10;34,,,17.0,ksp,
9,14,24;22;50;56;63;70;71,,,35.0,ksp,
9,14,25;29;49;53;57;44,,,19.0,ksp,
9,14,23;11;8;7;37;39;76;71,,,28.0,ksp,
9,15,23;12;16;20;18;56;62;65;67,,,31.0,ksp,
9,15,23;11;8;7;37;39;76;72;67,,,31.0,ksp,
9,15,24;20;18;56;63;67,,,27.0,ksp,
9,15,23;11;8;7;37;39;75;65;67,,,30.0,ksp,
9,15,25;27;34;41,,,17.0,ksp,
9,15,25;30;53;57,,,16.0,ksp,
9,15,23;12;16;20;18;56;63;67,,,28.0,ksp,
9,15,23;11;10;34;41,,,22.0,ksp,
9,15,25;29;49;53;57,,,14.0,ksp,
9,15,24;22;49;53;57,,,22.0,ksp,
9,15,24;20;18;56;61;57,,,26.0,ksp,
9,16,25;28;45;58;52,,,16.0,ksp,
9,16,25;30;52,,,13.0,ksp,
9,16,23;11;10;34;41;45;58;52,,,29.0,ksp,
9,16,23;11;8;7;37;39;75;64;60;55,,,38.0,ksp,
9,16,23;11;10;32;29,,,22.0,ksp,
9,16,23;12;16;20;18;55,,,19.0,ksp,
9,16,23;12;16;22,,,16.0,ksp,
9,17,23;11;8;7;37;39;75;65;67;45;58,,,35.0,ksp,
9,17,24;20;18;56;61;58,,,25.0,ksp,
9,17,25;28;45;58,,,14.0,ksp,
9,17,24;20;18;55;49,,,20.0,ksp,
9,17,23;11;10;32;30,,,26.0,ksp,
9,17,23;12;16;22;49,,,18.0,ksp,
9,17,23;12;16;20;18;56;61;58,,,26.0,ksp,
9,17,23;11;10;34;41;45;58,,,27.0,ksp,
9,18,23;11;10;34;42;72;68;60,,,34.0,ksp,
9,18,23;12;16;20;18,,,16.0,ksp,
9,18,23;12;16;22;50,,,19.0,ksp,
9,18,25;30;53;59;60,,,21.0,ksp,
9,18,23;11;10;34;41;46;68;60,,,34.0,ksp,
9,18,25;28;46;68;60,,,21.0,ksp,
9,18,23;11;8;7;37;39;75;64;60,,,35.0,ksp,
9,18,25;30;52;50,,,16.0,ksp,
9,19,24;22;49;53,,,19.0,ksp,
9,19,23;11;8;7;37;39;76;72;68;61,,,37.0,ksp,
9,19,24;20;18;56;61,,,23.0,ksp,
9,19,23;12;16;20;18;56;61,,,24.0,ksp,
9,19,23;11;10;34;41;45,,,25.0,ksp,
9,19,24;22;50;56;61,,,26.0,ksp,
9,19,23;11;8;7;37;39;75;64;61,,,35.0,ksp,
9,19,25;30;53,,,13.0,ksp,
9,19,23;12;16;22;49;53,,,20.0,ksp,
9,20,25;27;34;42;73;75;64,,,27.0,ksp,
9,20,23;11;8;7;37;39;75;64,,,31.0,ksp,
9,20,23;12;16;20;18;56,,,20.0,ksp,
9,20,25;30;53;59,,,17.0,ksp,
9,20,23;11;10;34;42;72;68,,,30.0,ksp,
9,20,23;11;10;34;42;72;69;64,,,33.0,ksp,
9,20,23;11;10;34;41;46;68,,,30.0,ksp,
9,20,24;22;49;53;59,,,23.0,ksp,
9,20,25;29;49;53;59,,,15.0,ksp,
9,20,25;27;34;41;46;68,,,25.0,ksp,
9,20,23;12;16;22;50;56,,,23.0,ksp,
9,21,23;12;16;20;18;56;62,,,26.0,ksp,
9,21,24;22;49;53;57;46;69,,,27.0,ksp,
9,21,25;27;33;37;39;75,,,24.0,ksp,
9,21,24;22;49;53;59;62,,,29.0,ksp,
9,21,25;30;53;59;63;69,,,24.0,ksp,
9,21,25;30;53;57;46;69,,,21.0,ksp,
9,21,25;29;50;56;62,,,20.0,ksp,
9,21,23;11;10;33;37;39;75,,,29.0,ksp,
9,21,24;22;49;53;59;63;69,,,30.0,ksp,
9,21,25;27;34;42;73;75,,,21.0,ksp,
9,21,24;19;14;3;2;7;37;39;75,,,41.0,ksp,
9,21,25;29;49;53;59;62,,,21.0,ksp,
9,21,23;11;10;34;42;73;75,,,26.0,ksp,
9,21,23;12;16;22;50;56;62,,,29.0,ksp,
9,21,24;20;18;56;63;69,,,26.0,ksp,
9,21,25;27;34;42;72;69,,,22.0,ksp,
9,22,25;29;50;56;63,,,19.0,ksp,
9,22,24;22;50;56;62;65,,,30.0,ksp,
9,22,23;11;8;7;37;39;75;65,,,27.0,ksp,
9,22,24;19;14;3;2;7;37;39;75;65,,,43.0,ksp,
9,22,25;29;49;53;57;46,,,17.0,ksp,
9,22,25;27;34;42;72,,,20.0,ksp,
9,22,23;12;16;22;49;53;59;62;65,,,32.0,ksp,
9,22,24;22;49;53;59;62;65,,,31.0,ksp,
9,22,25;30;53;59;63,,,22.0,ksp,
9,22,24;20;18;56;63,,,24.0,ksp,
9,22,23;12;16;20;18;56;63,,,25.0,ksp,
9,22,23;11;8;7;37;39;76;72,,,28.0,ksp,
9,22,23;11;10;34;42;72,,,25.0,ksp,
9,22,23;11;10;33;37;39;75;65,,,31.0,ksp,
9,22,25;30;53;57;46,,,19.0,ksp,
9,22,24;22;49;53;57;46,,,25.0,ksp,
9,22,23;11;10;34;41;46,,,25.0,ksp,
9,23,23;11;10;34;42,,,21.0,ksp,
9,23,24;20;18;56;63;70,,,28.0,ksp,
9,23,24;22;50;56;63;70,,,31.0,ksp,
9,23,25;30;53;57;46;70,,,23.0,ksp,
9,23,23;12;16;20;18;56;62;66;76,,,31.0,ksp,
9,23,24;19;14;3;2;7;37;39;76,,,40.0,ksp,
9,23,24;22;49;53;59;62;66;76,,,34.0,ksp,
9,23,25;27;33;37;39;76,,,23.0,ksp,
9,23,23;12;16;20;18;56;63;70,,,29.0,ksp,
9,23,25;29;49;53;57;46;70,,,21.0,ksp,
9,23,24;22;49;53;57;46;69;66;76,,,32.0,ksp,
9,23,24;22;49;53;59;63;70,,,32.0,ksp,
9,23,24;20;18;56;62;66;76,,,30.0,ksp,
9,24,24;22;49;53;57;46;69;66,,,30.0,ksp,
9,24,24;22;49;53;59;62;66,,,32.0,ksp,
9,24,25;29;49;53;57;46;69;66,,,22.0,ksp,
9,24,23;11;10;34;42;73,,,23.0,ksp,
9,24,25;27;33;37;39,,,21.0,ksp,
9,24,24;20;18;56;62;66,,,28.0,ksp,
9,24,23;12;16;20;18;56;63;70;73,,,31.0,ksp,
9,24,25;30;53;59;62;66,,,26.0,ksp,
9,24,24;22;50;56;63;69;66,,,32.0,ksp,
9,24,24;20;18;56;63;70;73,,,30.0,ksp,
9,24,23;11;10;33;37;39,,,26.0,ksp,
9,24,24;19;14;3;2;7;37;39,,,38.0,ksp,
10,1,29;47;19;14;3,,,22.0,ksp,
10,1,29;50;54;17;19;14;3,,,25.0,ksp,
10,1,30;52;47;19;14;3,,,28.0,ksp,
10,1,28;46;69;66;74;38;35;5,,,29.0,ksp,
10,1,28;44;40;31;9;12;14;3,,,38.0,ksp,
10,1,30;53;57;44;40;31;8;5,,,36.0,ksp,
10,1,26;24;19;14;3,,,26.0,ksp,
10,1,26;23;12;14;3,,,23.0,ksp,
10,1,28;46;70;73;74;38;35;5,,,30.0,ksp,
10,2,29;50;54;17;19;14,,,19.0,ksp,
10,2,28;44;40;33;35;5;1,,,35.0,ksp,
10,2,28;46;69;66;74;38;35;5;1,,,35.0,ksp,
10,2,26;24;19;14,,,20.0,ksp,
10,2,28;44;40;31;8;5;1,,,35.0,ksp,
10,2,30;52;47;19;14,,,22.0,ksp,
10,2,28;46;70;73;74;38;35;5;1,,,36.0,ksp,
10,3,28;46;69;66;74;38;35,,,25.0,ksp,
10,3,30;53;57;44;40;33;35,,,32.0,ksp,
10,3,28;44;40;31;8,,,25.0,ksp,
10,3,26;24;19;15;11;8,,,25.0,ksp,
10,3,28;44;42;73;74;38;35,,,28.0,ksp,
10,3,30;52;47;19;14;3;2,,,32.0,ksp,
10,3,30;53;59;62;66;74;38;35,,,34.0,ksp,
10,3,29;47;19;14;3;2,,,26.0,ksp,
10,3,28;46;70;73;74;38;35,,,26.0,ksp,
10,3,29;50;54;17;19;14;3;2,,,29.0,ksp,
10,4,29;47;19;14;3;2;6,,,30.0,ksp,
10,4,28;46;70;73;74;38;35;6,,,30.0,ksp,
10,4,30;53;59;62;66;74;38;35;6,,,38.0,ksp,
10,4,29;47;19;15;11,,,17.0,ksp,
10,4,28;44;40;31,,,21.0,ksp,
10,4,29;50;54;17;19;15;11,,,20.0,ksp,
10,4,29;50;54;17;19;14;3;2;6,,,33.0,ksp,
10,4,30;52;47;19;15;11,,,23.0,ksp,
10,4,26;24;19;14;3;2;6,,,34.0,ksp,
10,4,27;33;35;6,,,19.0,ksp,
10,4,30;53;57;44;40;33;35;6,,,36.0,ksp,
10,4,28;46;69;66;74;38;35;6,,,29.0,ksp,
10,5,28;44;40;31;9,,,23.0,ksp,
10,5,30;52;47;19;15,,,21.0,ksp,
10,5,28;46;69;66;74;38;35;6;9,,,31.0,ksp,
10,5,28;46;70;73;74;38;35;6;9,,,32.0,ksp,
10,5,29;47;19;15,,,15.0,ksp,
10,5,27;33;35;6;9,,,21.0,ksp,
10,5,29;50;54;17;19;15,,,18.0,ksp,
10,6,28;46;70;73;74;38;35;5;1;4,,,41.0,ksp,
10,6,28;45;59;60;54;17;19,,,24.0,ksp,
10,6,30;52;47;19,,,17.0,ksp,
10,6,27;33;35;5;1;4,,,30.0,ksp,
10,6,29;50;54;17;19,,,14.0,ksp,
10,6,30;52;50;54;17;19,,,20.0,ksp,
10,6,28;46;69;66;74;38;35;5;1;4,,,40.0,ksp,
10,6,28;44;40;31;8;5;1;4,,,40.0,ksp,
10,6,26;24;19,,,15.0,ksp,
10,7,27;34;42;72;68;60;54,,,28.0,ksp,
10,7,29;47;20,,,12.0,ksp,
10,7,28;46;69;64;60;54,,,23.0,ksp,
10,7,27;31;9;12;16;20,,,22.0,ksp,
10,7,26;23;12;16;20,,,17.0,ksp,
10,7,30;52;47;20,,,18.0,ksp,
10,7,27;33;35;5;1;4;16;20,,,35.0,ksp,
10,8,27;33;35;5;1;4;16,,,32.0,ksp,
10,8,28;46;68;60;54;17,,,23.0,ksp,
10,8,29;50;54;17,,,12.0,ksp,
10,8,28;45;59;60;54;17,,,22.0,ksp,
10,8,27;31;9;12;16,,,19.0,ksp,
10,8,30;52;50;54;17,,,18.0,ksp,
10,8,30;52;47,,,15.0,ksp,
10,9,27;33;35;6;9;13,,,26.0,ksp,
10,9,28;45;59;60;54;17;19;15;13,,,33.0,ksp,
10,9,28;44;40;31;9;13,,,28.0,ksp,
10,9,28;46;69;66;74;38;35;6;9;13,,,36.0,ksp,
10,9,30;52;47;21,,,25.0,ksp,
10,9,29;50;54;17;19;15;13,,,23.0,ksp,
10,9,27;31;9;13,,,18.0,ksp,
10,9,29;50;54;17;21,,,22.0,ksp,
10,9,30;52;50;54;17;21,,,28.0,ksp,
10,9,29;47;21,,,19.0,ksp,
10,11,29;49;53;57;44;40,,,20.0,ksp,
10,11,30;53;59;63;70;71;40,,,31.0,ksp,
10,11,29;50;56;62;66;74;38;36,,,33.0,ksp,
10,11,29;47;19;14;3;2;7;36,,,36.0,ksp,
10,11,28;44;40,,,15.0,ksp,
10,11,29;47;19;15;11;8;7;36,,,31.0,ksp,
10,11,28;46;69;66;74;38;36,,,27.0,ksp,
10,11,30;53;57;44;40,,,22.0,ksp,
10,11,29;50;56;63;70;71;40,,,28.0,ksp,
10,12,30;53;57;46;69;66;74;38,,,28.0,ksp,
10,12,28;46;69;66;74;38,,,21.0,ksp,
10,12,30;53;57;44;40;33,,,28.0,ksp,
10,12,28;46;70;73;74;38,,,22.0,ksp,
10,12,30;53;59;63;70;73;74;38,,,32.0,ksp,
10,12,29;47;19;15;11;8;7,,,25.0,ksp,
10,12,28;44;42;73;74;38,,,24.0,ksp,
10,12,29;47;19;14;3;2;7,,,30.0,ksp,
10,12,28;44;40;33,,,21.0,ksp,
10,12,26;24;19;14;3;2;7,,,34.0,ksp,
10,12,29;50;56;62;66;74;38,,,27.0,ksp,
10,13,27;34;42;73;74,,,19.0,ksp,
10,13,29;47;19;14;3;2;7;37,,,33.0,ksp,
10,13,28;46;69;66;74,,,18.0,ksp,
10,13,30;53;57;44;42;73;74,,,28.0,ksp,
10,13,29;49;53;57;46;69;66;74,,,23.0,ksp,
10,13,26;24;19;14;3;2;7;37,,,37.0,ksp,
10,13,29;50;56;63;70;73;74,,,26.0,ksp,
10,13,28;46;70;73;74,,,19.0,ksp,
10,13,29;50;56;62;66;74,,,24.0,ksp,
10,13,30;53;59;62;66;74,,,27.0,ksp,
10,13,28;44;42;73;74,,,21.0,ksp,
10,13,30;53;59;63;70;73;74,,,29.0,ksp,
10,13,28;44;40;33;37,,,24.0,ksp,
10,14,30;53;59;62;66;76;71,,,29.0,ksp,
10,14,29;49;53;57;44,,,16.0,ksp,
10,14,26;23;11;10;34,,,20.0,ksp,
10,14,26;23;11;8;7;37;39;76;71,,,31.0,ksp,
10,14,29;50;56;62;66;76;71,,,26.0,ksp,
10,14,29;50;56;63;70;71,,,24.0,ksp,
10,14,26;24;20;18;56;63;70;71,,,35.0,ksp,
10,14,30;53;57;44,,,18.0,ksp,
10,14,28;46;69;66;76;71,,,20.0,ksp,
10,15,26;23;11;8;7;37;39;75;65;67,,,33.0,ksp,
10,15,29;49;53;57,,,11.0,ksp,
10,15,26;23;11;10;34;41,,,25.0,ksp,
10,15,29;50;56;63;67,,,19.0,ksp,
10,15,27;33;37;39;76;72;67,,,27.0,ksp,
10,15,26;24;20;18;56;62;65;67,,,33.0,ksp,
10,15,27;34;41,,,14.0,ksp,
10,15,30;53;57,,,13.0,ksp,
10,16,26;23;12;16;22,,,19.0,ksp,
10,16,27;31;9;12;16;22,,,24.0,ksp,
10,16,27;34;41;45;59;60;55,,,28.0,ksp,
10,16,27;34;42;72;68;60;55,,,29.0,ksp,
10,16,28;45;58;52,,,13.0,ksp,
10,17,27;34;41;45;58,,,19.0,ksp,
10,17,26;23;12;16;22;49,,,21.0,ksp,
10,17,26;23;12;16;20;18;56;61;58,,,29.0,ksp,
10,17,27;33;37;39;75;64;61;58,,,33.0,ksp,
10,17,26;24;22;49,,,20.0,ksp,
10,17,27;34;42;72;68;61;58,,,28.0,ksp,
10,17,28;45;58,,,11.0,ksp,
10,18,29;47;20;18,,,14.0,ksp,
10,18,27;34;42;72;68;60,,,26.0,ksp,
10,18,27;33;37;39;75;64;60,,,31.0,ksp,
10,18,27;34;42;73;75;64;60,,,28.0,ksp,
10,18,27;31;9;12;16;20;18,,,24.0,ksp,
10,18,30;53;59;60,,,18.0,ksp,
10,18,26;23;12;16;20;18,,,19.0,ksp,
10,19,26;23;11;8;7;37;39;75;64;61,,,38.0,ksp,
10,19,30;53,,,10.0,ksp,
10,19,26;24;20;18;56;61,,,26.0,ksp,
10,19,26;23;12;16;20;18;56;61,,,27.0,ksp,
10,19,29;50;56;61,,,15.0,ksp,
10,19,27;34;42;72;68;61,,,26.0,ksp,
10,19,26;24;22;49;53,,,22.0,ksp,
10,19,27;34;41;45,,,17.0,ksp,
10,19,27;33;37;39;75;64;61,,,31.0,ksp,
10,20,27;34;42;73;75;64,,,24.0,ksp,
10,20,27;33;37;39;75;64,,,27.0,ksp,
10,20,30;53;59,,,14.0,ksp,
10,20,26;23;12;16;20;18;56,,,23.0,ksp,
10,20,29;49;53;59,,,12.0,ksp,
10,20,26;23;11;8;7;37;39;75;64,,,34.0,ksp,
10,20,27;34;42;72;68,,,22.0,ksp,
10,21,29;50;56;62,,,17.0,ksp,
10,21,27;33;37;39;75,,,21.0,ksp,
10,21,26;24;20;18;56;62,,,28.0,ksp,
10,21,30;53;59;63;69,,,21.0,ksp,
10,21,30;53;59;62,,,20.0,ksp,
10,21,29;50;56;63;69,,,18.0,ksp,
10,21,27;34;42;73;75,,,18.0,ksp,
10,21,29;49;53;59;62,,,18.0,ksp,
10,21,30;53;57;46;69,,,18.0,ksp,
10,21,26;24;20;18;56;63;69,,,29.0,ksp,
10,21,26;23;11;8;7;37;39;75,,,28.0,ksp,
10,22,30;53;59;63,,,19.0,ksp,
10,22,30;53;57;46,,,16.0,ksp,
10,22,29;49;53;59;63,,,17.0,ksp,
10,22,26;23;11;8;7;37;39;75;65,,,30.0,ksp,
10,22,27;33;37;39;76;72,,,24.0,ksp,
10,22,30;53;59;62;65,,,22.0,ksp,
10,22,29;50;56;62;65,,,19.0,ksp,
10,22,27;33;37;39;75;65,,,23.0,ksp,
10,22,26;24;20;18;56;63,,,27.0,ksp,
10,22,29;49;53;57;46,,,14.0,ksp,
10,22,29;50;56;63,,,16.0,ksp,
10,22,27;34;42;72,,,17.0,ksp,
10,23,26;23;11;10;34;42,,,24.0,ksp,
10,23,30;53;57;46;70,,,20.0,ksp,
10,23,29;49;53;59;63;70,,,21.0,ksp,
10,23,30;53;59;63;69;66;76,,,26.0,ksp,
10,23,29;49;53;57;46;70,,,18.0,ksp,
10,23,29;50;56;63;70,,,20.0,ksp,
10,23,30;53;57;46;69;66;76,,,23.0,ksp,
10,23,26;24;20;18;56;62;66;76,,,33.0,ksp,
10,23,26;23;11;8;7;37;39;76,,,27.0,ksp,
10,23,27;33;37;39;76,,,20.0,ksp,
10,23,29;50;56;62;66;76,,,22.0,ksp,
10,23,30;53;59;62;66;76,,,25.0,ksp,
10,24,30;53;59;62;66,,,23.0,ksp,
10,24,29;50;56;62;66,,,20.0,ksp,
10,24,29;50;56;63;69;66,,,21.0,ksp,
10,24,30;53;57;46;70;73,,,22.0,ksp,
10,24,26;24;20;18;56;63;70;73,,,33.0,ksp,
10,24,30;53;57;44;42;73,,,24.0,ksp,
10,24,27;33;37;39,,,18.0,ksp,
10,24,29;49;53;59;63;70;73,,,23.0,ksp,
10,24,29;49;53;59;62;66,,,21.0,ksp,
11,1,32;29;47;19;14;3,,,27.0,ksp,
11,1,32;26;23;12;14;3,,,28.0,ksp,
11,1,34;42;72;68;60;54;17;19;14;3,,,39.0,ksp,
11,1,34;42;73;75;64;60;54;17;19;14;3,,,41.0,ksp,
11,1,31;9;12;14;3,,,23.0,ksp,
11,1,34;41;45;58;52;50;54;17;19;14;3,,,37.0,ksp,
11,1,32;26;24;19;14;3,,,31.0,ksp,
11,1,34;41;43;26;23;12;14;3,,,38.0,ksp,
11,1,34;41;45;58;52;47;19;14;3,,,34.0,ksp,
11,1,34;42;73;74;38;35;5,,,25.0,ksp,
11,2,34;42;72;68;60;54;17;19;14,,,33.0,ksp,
11,2,32;26;23;12;14,,,22.0,ksp,
11,2,34;41;45;58;52;50;54;17;19;14,,,31.0,ksp,
11,2,32;29;47;19;14,,,21.0,ksp,
11,2,34;42;73;74;38;35;5;1,,,31.0,ksp,
11,2,32;26;24;19;14,,,25.0,ksp,
11,2,34;42;73;75;64;60;54;17;19;14,,,35.0,ksp,
11,2,34;41;45;58;52;47;19;14,,,28.0,ksp,
11,3,34;41;43;26;23;11;8,,,29.0,ksp,
11,3,34;42;73;74;38;35,,,21.0,ksp,
11,3,32;26;23;11;8,,,19.0,ksp,
11,3,34;41;45;58;52;50;54;17;19;14;3;2,,,41.0,ksp,
11,3,34;41;46;68;60;54;17;19;14;3;2,,,43.0,ksp,
11,3,32;29;47;19;14;3;2,,,31.0,ksp,
11,3,32;26;23;12;14;3;2,,,32.0,ksp,
11,4,32;26;23;11,,,15.0,ksp,
11,4,34;42;72;68;60;54;17;19;15;11,,,34.0,ksp,
11,4,34;41;43;29;50;54;17;19;15;11,,,35.0,ksp,
11,4,34;41;45;58;52;47;19;15;11,,,29.0,ksp,
11,4,34;42;73;74;38;35;6,,,25.0,ksp,
11,4,32;29;47;19;15;11,,,22.0,ksp,
11,4,33;35;6,,,14.0,ksp,
11,5,32;26;23,,,13.0,ksp,
11,5,32;29;47;19;15,,,20.0,ksp,
11,5,34;41;43;26;23,,,23.0,ksp,
11,5,33;35;5;1;4;15,,,29.0,ksp,
11,5,34;42;73;75;64;60;54;17;19;15,,,34.0,ksp,
11,5,34;41;45;58;52;47;19;15,,,27.0,ksp,
11,5,34;42;72;68;60;54;17;19;15,,,32.0,ksp,
11,5,33;35;6;9,,,16.0,ksp,
11,6,32;29;47;19,,,16.0,ksp,
11,6,34;41;45;58;52;50;54;17;19,,,26.0,ksp,
11,6,34;42;72;68;60;54;17;19,,,28.0,ksp,
11,6,32;26;24;19,,,20.0,ksp,
11,6,32;29;50;54;17;19,,,19.0,ksp,
11,6,34;42;73;75;64;60;54;17;19,,,30.0,ksp,
11,6,34;41;45;58;52;47;19,,,23.0,ksp,
11,6,33;35;5;1;4,,,25.0,ksp,
11,6,32;26;23;12,,,17.0,ksp,
11,7,34;41;45;59;60;54,,,22.0,ksp,
11,7,34;41;45;58;52;47;20,,,24.0,ksp,
11,7,33;37;39;75;64;60;54,,,28.0,ksp,
11,7,33;35;5;1;4;16;20,,,30.0,ksp,
11,7,32;29;47;20,,,17.0,ksp,
11,7,34;41;45;58;52;50;54,,,21.0,ksp,
11,8,34;41;45;58;52;50;54;17,,,24.0,ksp,
11,8,34;42;72;68;60;54;17,,,26.0,ksp,
11,8,33;37;39;75;64;60;54;17,,,31.0,ksp,
11,8,33;35;5;1;4;16,,,27.0,ksp,
11,8,34;41;45;58;52;47,,,21.0,ksp,
11,8,34;42;72;67;45;58;52;47,,,27.0,ksp,
11,8,34;41;43;29;47,,,24.0,ksp,
11,8,32;30;52;50;54;17,,,23.0,ksp,
11,9,34;42;73;75;64;60;54;17;21,,,38.0,ksp,
11,9,33;35;5;1;4;16;21,,,37.0,ksp,
11,9,34;42;72;67;43;26,,,24.0,ksp,
11,9,34;41;43;26,,,18.0,ksp,
11,9,33;37;39;75;64;60;54;17;21,,,41.0,ksp,
11,9,34;42;72;68;60;54;17;21,,,36.0,ksp,
11,9,33;35;6;9;13,,,21.0,ksp,
11,9,34;41;45;58;52;47;21,,,31.0,ksp,
11,10,33;37;39;75;65;67;43,,,27.0,ksp,
11,10,31;9;13;25,,,16.0,ksp,
11,10,34;41;45;58;52;48,,,20.0,ksp,
11,10,33;35;6;9;12;16;22;48,,,31.0,ksp,
11,10,34;42;72;68;60;55;48,,,28.0,ksp,
11,10,33;35;5;1;4;16;22;48,,,36.0,ksp,
11,10,34;41;43,,,15.0,ksp,
11,10,33;37;39;75;64;60;55;48,,,33.0,ksp,
11,10,34;42;72;68;61;58;51,,,31.0,ksp,
11,10,34;41;45;58;51,,,22.0,ksp,
11,12,34;41;46;69;66;74;38,,,24.0,ksp,
11,12,32;28;46;69;66;74;38,,,26.0,ksp,
11,12,32;26;23;12;14;3;2;7,,,36.0,ksp,
11,12,34;42;73;74;38,,,17.0,ksp,
11,12,32;29;47;19;14;3;2;7,,,35.0,ksp,
11,12,32;26;23;11;8;7,,,23.0,ksp,
11,13,32;30;53;59;63;69;66;74,,,33.0,ksp,
11,13,34;41;46;70;73;74,,,22.0,ksp,
11,13,32;29;49;53;59;62;66;74,,,30.0,ksp,
11,13,34;42;73;74,,,14.0,ksp,
11,13,32;29;50;56;62;66;74,,,29.0,ksp,
11,13,32;28;46;69;66;74,,,23.0,ksp,
11,14,31;9;13;25;30;53;57;44,,,34.0,ksp,
11,14,31;9;12;16;20;18;56;63;70;71,,,36.0,ksp,
11,14,32;29;49;53;57;44,,,21.0,ksp,
11,14,31;9;12;16;22;50;56;62;65;70;71,,,42.0,ksp,
11,14,33;37;39;76;71,,,19.0,ksp,
11,15,34;42;72;67,,,15.0,ksp,
11,15,32;29;49;53;57,,,16.0,ksp,
11,15,31;9;12;16;22;49;53;57,,,26.0,ksp,
11,15,33;37;39;75;65;67,,,21.0,ksp,
11,15,31;9;13;25;28,,,22.0,ksp,
11,15,31;9;13;25;29;49;53;57,,,27.0,ksp,
11,15,32;30;53;57,,,18.0,ksp,
11,15,33;37;39;76;72;67,,,22.0,ksp,
11,15,31;9;12;16;20;18;56;61;57,,,30.0,ksp,
11,16,31;9;13;24;22,,,28.0,ksp,
11,16,33;37;39;75;64;60;55,,,29.0,ksp,
11,16,34;42;72;67;43;30;52,,,31.0,ksp,
11,16,34;42;72;68;60;55,,,24.0,ksp,
11,16,34;41;45;58;52,,,16.0,ksp,
11,16,31;9;13;25;30;52,,,26.0,ksp,
11,16,33;37;39;75;64;61;58;52,,,30.0,ksp,
11,16,33;35;5;1;4;16;20;18;55,,,35.0,ksp,
11,17,34;42;72;68;61;58,,,23.0,ksp,
11,17,33;37;39;75;64;61;58,,,28.0,ksp,
11,17,34;42;72;68;60;55;49,,,26.0,ksp,
11,17,31;9;13;25;30,,,24.0,ksp,
11,17,33;35;5;1;4;16;20;18;55;49,,,37.0,ksp,
11,17,31;9;12;16;22;49,,,21.0,ksp,
11,17,33;37;39;75;65;67;45;58,,,26.0,ksp,
11,18,33;35;5;1;4;16;22;50,,,35.0,ksp,
11,18,33;37;39;75;64;60,,,26.0,ksp,
11,18,34;41;45;58;52;50,,,19.0,ksp,
11,18,32;26;24;20;18,,,23.0,ksp,
11,18,33;35;5;1;4;16;20;18,,,32.0,ksp,
11,19,31;9;12;16;20;18;56;61,,,27.0,ksp,
11,19,31;9;13;25;29;49;53,,,24.0,ksp,
11,19,33;37;39;76;72;68;61,,,28.0,ksp,
11,19,31;9;13;25;28;45,,,25.0,ksp,
11,19,34;42;73;75;64;61,,,23.0,ksp,
11,19,33;37;39;75;64;61,,,26.0,ksp,
11,19,33;37;39;75;65;67;45,,,24.0,ksp,
11,19,34;42;72;68;61,,,21.0,ksp,
11,19,33;35;5;1;4;16;20;18;56;61,,,40.0,ksp,
11,19,31;9;12;16;22;49;53,,,23.0,ksp,
11,19,32;30;53,,,15.0,ksp,
11,19,32;29;49;53,,,13.0,ksp,
11,20,34;42;73;75;64,,,19.0,ksp,
11,20,33;35;5;1;4;16;22;50;56,,,39.0,ksp,
11,20,32;28;46;69;64,,,22.0,ksp,
11,20,34;41;46;68,,,17.0,ksp,
11,20,33;37;39;76;72;68,,,24.0,ksp,
11,20,34;41;46;69;64,,,20.0,ksp,
11,20,32;30;53;59,,,19.0,ksp,
11,20,31;9;13;25;28;46;68,,,30.0,ksp,
11,20,31;9;13;25;30;53;59,,,30.0,ksp,
11,20,32;29;49;53;59,,,17.0,ksp,
11,20,33;37;39;75;65;68,,,23.0,ksp,
11,20,33;37;39;75;64,,,22.0,ksp,
11,21,32;29;49;53;59;62,,,23.0,ksp,
11,21,31;8;7;37;39;75,,,24.0,ksp,
11,21,34;41;46;69,,,14.0,ksp,
11,21,31;9;13;25;28;46;69,,,27.0,ksp,
11,21,32;29;50;56;62,,,22.0,ksp,
11,21,31;9;12;16;22;50;56;62,,,32.0,ksp,
11,21,32;30;53;59;63;69,,,26.0,ksp,
11,21,31;9;12;16;20;18;56;62,,,29.0,ksp,
11,21,32;30;53;59;62,,,25.0,ksp,
11,22,32;30;53;59;62;65,,,27.0,ksp,
11,22,31;9;12;16;20;18;56;62;65,,,31.0,ksp,
11,22,31;9;12;16;20;18;56;63,,,28.0,ksp,
11,22,33;37;39;76;72,,,19.0,ksp,
11,22,32;29;49;53;59;63,,,22.0,ksp,
11,22,31;9;13;25;30;53;57;46,,,32.0,ksp,
11,22,33;37;39;75;65,,,18.0,ksp,
11,22,31;9;12;16;22;49;53;59;63,,,32.0,ksp,
11,22,31;9;13;25;29;50;56;63,,,32.0,ksp,
11,22,32;29;50;56;63,,,21.0,ksp,
11,23,31;9;13;25;28;46;70,,,29.0,ksp,
11,23,32;28;46;70,,,18.0,ksp,
11,23,32;29;49;53;59;63;70,,,26.0,ksp,
11,23,32;29;50;56;63;70,,,25.0,ksp,
11,23,32;30;53;57;46;70,,,25.0,ksp,
11,23,31;9;12;16;20;18;56;62;66;76,,,34.0,ksp,
11,23,31;9;12;16;22;49;53;59;62;66;76,,,38.0,ksp,
11,24,32;28;46;69;66,,,19.0,ksp,
11,24,31;9;12;16;20;18;56;62;66,,,32.0,ksp,
11,24,34;41;46;69;66,,,17.0,ksp,
11,24,31;9;13;25;29;49;53;59;62;66,,,37.0,ksp,
11,24,32;30;53;59;63;70;73,,,30.0,ksp,
11,24,34;41;46;70;73,,,18.0,ksp,
11,24,32;29;50;56;62;66,,,25.0,ksp,
11,24,32;29;49;53;59;63;69;66,,,27.0,ksp,
11,24,32;28;46;70;73,,,20.0,ksp,
12,1,37;39;76;71;41;45;58;52;47;19;14;3,,,43.0,ksp,
12,1,37;39;75;64;60;54;17;19;14;3,,,38.0,ksp,
12,1,37;39;75;65;68;60;54;17;19;14;3,,,39.0,ksp,
12,1,36;31;9;12;14;3,,,29.0,ksp,
12,1,37;39;76;71;40;32;26;23;12;14;3,,,45.0,ksp,
12,1,36;32;26;24;19;14;3,,,37.0,ksp,
12,1,36;32;29;47;19;14;3,,,33.0,ksp,
12,1,35;6;9;12;14;3,,,25.0,ksp,
12,1,37;39;75;65;67;43;26;23;11;8;5,,,39.0,ksp,
12,1,36;31;8;5,,,20.0,ksp,
12,1,37;39;76;72;67;45;58;52;47;19;14;3,,,41.0,ksp,
12,2,36;31;8;5;1,,,26.0,ksp,
12,2,37;39;76;72;67;43;26;23;12;14,,,39.0,ksp,
12,2,35;6;9;12;14,,,19.0,ksp,
12,2,37;39;75;65;67;45;58;52;47;19;14,,,34.0,ksp,
12,2,37;39;75;64;60;54;17;19;14,,,32.0,ksp,
12,2,37;39;75;65;68;60;54;17;19;14,,,33.0,ksp,
12,2,36;32;26;24;19;14,,,31.0,ksp,
12,2,36;32;29;47;19;14,,,27.0,ksp,
12,2,37;39;76;71;41;43;26;23;12;14,,,41.0,ksp,
12,2,37;39;76;72;67;45;58;52;47;19;14,,,35.0,ksp,
12,2,36;31;9;12;14,,,23.0,ksp,
12,3,37;39;76;71;41;45;58;52;47;19;14;3;2,,,47.0,ksp,
12,3,37;39;75;64;60;54;17;19;14;3;2,,,42.0,ksp,
12,3,37;39;76;72;68;60;54;17;19;14;3;2,,,44.0,ksp,
12,3,36;32;26;23;11;8,,,25.0,ksp,
12,3,37;39;75;65;67;43;26;23;11;8,,,35.0,ksp,
12,3,36;31;8,,,16.0,ksp,
12,3,37;39;76;72;67;45;58;52;47;19;14;3;2,,,45.0,ksp,
12,4,36;31,,,12.0,ksp,
12,4,36;32;26;23;11,,,21.0,ksp,
12,4,37;39;75;64;60;54;17;19;15;11,,,33.0,ksp,
12,4,37;39;76;71;40;31,,,23.0,ksp,
12,4,37;39;75;65;67;43;26;23;11,,,31.0,ksp,
12,4,37;39;76;72;67;45;58;52;47;19;15;11,,,36.0,ksp,
12,4,37;39;75;64;61;58;52;47;19;15;11,,,37.0,ksp,
12,4,37;39;75;65;68;60;54;17;19;15;11,,,34.0,ksp,
12,4,35;5;1;4;15;11,,,25.0,ksp,
12,5,37;39;75;64;60;54;17;19;15,,,31.0,ksp,
12,5,37;39;75;65;68;60;54;17;19;15,,,32.0,ksp,
12,5,37;39;76;72;67;43;26;23,,,30.0,ksp,
12,5,37;39;76;71;41;45;58;52;47;19;15,,,36.0,ksp,
12,5,36;32;26;23,,,19.0,ksp,
12,5,36;32;29;47;19;15,,,26.0,ksp,
12,5,36;31;9,,,14.0,ksp,
12,5,37;39;76;72;67;45;58;52;47;19;15,,,34.0,ksp,
12,5,35;5;1;4;15,,,23.0,ksp,
12,5,37;39;75;64;60;54;17;21;23,,,40.0,ksp,
12,5,37;39;76;71;41;43;26;23,,,32.0,ksp,
12,5,37;39;75;65;67;43;26;23,,,29.0,ksp,
12,6,37;39;75;65;68;60;54;17;19,,,28.0,ksp,
12,6,37;39;76;72;68;60;54;17;19,,,29.0,ksp,
12,6,36;32;26;24;19,,,26.0,ksp,
12,6,37;39;76;72;67;45;58;52;47;19,,,30.0,ksp,
12,6,36;31;9;12,,,18.0,ksp,
12,6,37;39;75;65;67;45;58;52;47;19,,,29.0,ksp,
12,6,37;39;76;71;41;45;58;52;47;19,,,32.0,ksp,
12,6,37;39;76;71;41;43;26;23;12,,,36.0,ksp,
12,6,37;39;75;64;60;54;17;19,,,27.0,ksp,
12,6,36;32;29;47;19,,,22.0,ksp,
12,6,36;32;26;23;12,,,23.0,ksp,
12,7,36;32;29;50;54,,,20.0,ksp,
12,7,36;32;30;52;50;54,,,26.0,ksp,
12,7,37;39;76;72;68;60;54,,,24.0,ksp,
12,7,37;39;76;72;67;45;58;52;50;54,,,28.0,ksp,
12,7,35;6;9;13;25;29;50;54,,,27.0,ksp,
12,7,36;34;41;45;59;60;54,,,28.0,ksp,
12,7,37;39;75;65;68;60;54,,,23.0,ksp,
12,7,36;34;41;45;58;52;47;20,,,30.0,ksp,
12,7,36;31;9;13;24;20,,,32.0,ksp,
12,7,37;39;75;65;67;43;26;24;20,,,37.0,ksp,
12,8,37;39;75;64;60;54;17,,,25.0,ksp,
12,8,36;34;41;45;58;52;50;54;17,,,30.0,ksp,
12,8,36;32;29;47,,,20.0,ksp,
12,8,37;39;76;72;67;43;26;24,,,35.0,ksp,
12,8,36;32;29;50;54;17,,,23.0,ksp,
12,8,36;31;9;12;16,,,20.0,ksp,
12,8,37;39;75;65;67;45;58;52;47,,,27.0,ksp,
12,8,36;31;9;13;24,,,29.0,ksp,
12,8,37;39;76;71;41;45;58;52;47,,,30.0,ksp,
12,8,37;39;76;72;68;60;54;17,,,27.0,ksp,
12,8,36;34;41;45;58;52;47,,,27.0,ksp,
12,8,36;32;26;24,,,24.0,ksp,
12,8,37;39;75;65;67;43;29;47,,,30.0,ksp,
12,9,36;31;9;13,,,19.0,ksp,
12,9,37;39;75;65;67;43;26,,,24.0,ksp,
12,9,37;39;75;64;60;54;17;21,,,35.0,ksp,
12,9,35;5;1;4;15;13,,,28.0,ksp,
12,9,37;39;76;72;68;60;54;17;21,,,37.0,ksp,
12,9,36;34;41;45;58;52;47;21,,,37.0,ksp,
12,9,37;39;76;72;67;43;26,,,25.0,ksp,
12,9,37;39;75;64;61;58;51;26,,,33.0,ksp,
12,9,35;5;1;4;16;21,,,31.0,ksp,
12,9,37;39;75;65;68;60;55;48;26,,,31.0,ksp,
12,9,37;39;76;71;41;45;58;52;47;21,,,40.0,ksp,
12,10,35;6;9;12;16;22;48,,,25.0,ksp,
12,10,37;39;76;72;68;61;58;51,,,32.0,ksp,
12,10,35;5;1;4;16;22;48,,,30.0,ksp,
12,10,37;39;76;71;41;43,,,24.0,ksp,
12,10,37;39;75;64;60;55;48,,,27.0,ksp,
12,10,35;5;1;4;16;21;25,,,34.0,ksp,
12,10,36;34;41;43,,,21.0,ksp,
12,10,36;34;41;45;58;51,,,28.0,ksp,
12,10,37;39;75;65;67;43,,,21.0,ksp,
12,10,37;39;76;72;67;43,,,22.0,ksp,
12,10,37;39;75;65;67;45;58;51,,,28.0,ksp,
12,11,37;39;76;71;40,,,17.0,ksp,
12,11,37;39;75;65;67;44;40,,,24.0,ksp,
12,11,35;5;1;4;16;22;48;27,,,35.0,ksp,
12,11,35;6;9;13;25;27,,,23.0,ksp,
12,11,35;5;1;4;15;13;25;27,,,36.0,ksp,
12,11,37;39;75;65;67;43;27,,,26.0,ksp,
12,13,35;5;1;4;16;20;18;56;63;70;73;74,,,45.0,ksp,
12,13,35;5;1;4;16;20;18;56;62;66;74,,,43.0,ksp,
12,13,35;6;10;34;42;73;74,,,28.0,ksp,
12,13,35;6;9;13;25;28;46;69;66;74,,,36.0,ksp,
12,13,36;34;42;73;74,,,20.0,ksp,
12,13,36;32;28;46;69;66;74,,,29.0,ksp,
12,13,35;6;9;12;16;22;49;53;59;63;69;66;74,,,43.0,ksp,
12,13,35;6;9;12;16;20;18;56;62;66;74,,,38.0,ksp,
12,13,36;32;29;49;53;57;46;70;73;74,,,35.0,ksp,
12,14,35;6;9;12;16;22;49;53;57;44,,,33.0,ksp,
12,14,35;6;10;32;28;44,,,30.0,ksp,
12,14,37;39;75;65;67;44,,,20.0,ksp,
12,14,35;5;1;4;16;22;49;53;57;44,,,38.0,ksp,
12,14,35;5;1;4;16;20;18;56;63;70;71,,,43.0,ksp,
12,14,36;32;28;44,,,22.0,ksp,
12,14,35;6;9;13;25;28;44,,,29.0,ksp,
12,15,35;5;1;4;16;20;18;56;61;57,,,37.0,ksp,
12,15,35;6;10;32;28,,,25.0,ksp,
12,15,35;5;1;4;16;20;18;56;63;67,,,38.0,ksp,
12,15,36;32;29;49;53;57,,,22.0,ksp,
12,15,35;6;9;12;16;22;49;53;57,,,28.0,ksp,
12,15,37;39;75;64;61;57,,,23.0,ksp,
12,15,37;39;76;71;41,,,18.0,ksp,
12,15,35;5;1;4;16;22;49;53;57,,,33.0,ksp,
12,15,36;32;30;53;57,,,24.0,ksp,
12,16,36;34;41;45;58;52,,,22.0,ksp,
12,16,37;39;76;72;68;60;55,,,25.0,ksp,
12,16,36;32;30;52,,,21.0,ksp,
12,16,37;39;75;65;67;45;58;52,,,22.0,ksp,
12,16,37;39;76;72;67;45;58;52,,,23.0,ksp,
12,16,37;39;75;65;68;61;58;52,,,25.0,ksp,
12,16,36;34;41;43;30;52,,,31.0,ksp,
12,17,37;39;76;71;41;45;58,,,23.0,ksp,
12,17,37;39;75;64;60;55;49,,,25.0,ksp,
12,17,35;5;1;4;16;22;49,,,28.0,ksp,
12,17,37;39;75;65;67;45;58,,,20.0,ksp,
12,17,37;39;75;64;61;58,,,22.0,ksp,
12,17,36;34;42;72;68;61;58,,,29.0,ksp,
12,17,35;5;1;4;16;20;18;55;49,,,31.0,ksp,
12,17,35;6;9;12;16;20;18;55;49,,,26.0,ksp,
12,17,35;6;9;12;16;22;49,,,23.0,ksp,
12,17,37;39;75;65;67;43;30,,,29.0,ksp,
12,17,37;39;76;72;67;45;58,,,21.0,ksp,
12,17,37;39;76;72;68;61;58,,,24.0,ksp,
12,18,36;34;42;72;68;60,,,27.0,ksp,
12,18,37;39;76;72;67;45;58;52;50,,,26.0,ksp,
12,18,37;39;75;65;68;60,,,21.0,ksp,
12,18,36;34;41;45;58;52;50,,,25.0,ksp,
12,18,36;34;41;45;59;60,,,26.0,ksp,
12,18,36;32;30;52;50,,,24.0,ksp,
12,19,37;39;76;72;68;61,,,22.0,ksp,
12,19,37;39;75;64;61,,,20.0,ksp,
12,19,35;5;1;4;16;22;49;53,,,30.0,ksp,
12,19,37;39;75;65;68;61,,,21.0,ksp,
12,19,36;32;29;49;53,,,19.0,ksp,
12,19,35;6;10;32;29;49;53,,,27.0,ksp,
12,19,35;6;9;13;25;30;53,,,28.0,ksp,
12,19,35;5;1;4;16;20;18;56;61,,,34.0,ksp,
12,19,35;6;9;12;16;20;18;56;61,,,29.0,ksp,
12,19,36;32;30;53,,,21.0,ksp,
12,19,35;6;9;12;16;22;49;53,,,25.0,ksp,
12,20,36;32;30;53;59,,,25.0,ksp,
12,20,36;34;41;45;59,,,22.0,ksp,
12,20,36;32;29;50;56,,,22.0,ksp,
12,20,35;5;1;4;16;22;49;53;59,,,34.0,ksp,
12,20,35;5;1;4;16;20;18;56,,,30.0,ksp,
12,20,36;34;41;46;68,,,23.0,ksp,
12,20,35;6;9;12;16;20;18;56,,,25.0,ksp,
12,20,37;39;75;65;68,,,17.0,ksp,
12,20,35;6;10;34;41;46;69;64,,,34.0,ksp,
12,20,35;6;9;12;16;22;49;53;59,,,29.0,ksp,
12,21,35;6;9;12;16;20;18;56;62,,,31.0,ksp,
12,21,35;6;9;12;16;22;50;56;62,,,34.0,ksp,
12,21,36;34;41;46;69,,,20.0,ksp,
12,21,35;6;9;13;25;29;49;53;59;62,,,36.0,ksp,
12,21,35;5;1;4;16;20;18;56;62,,,36.0,ksp,
12,21,35;6;9;13;25;30;53;59;62,,,38.0,ksp,
12,21,35;5;1;4;16;22;49;53;59;62,,,40.0,ksp,
12,21,36;32;29;50;56;63;69,,,29.0,ksp,
12,21,36;32;28;46;69,,,22.0,ksp,
12,21,36;34;42;72;69,,,20.0,ksp,
12,21,35;6;10;34;41;46;69,,,28.0,ksp,
12,22,35;6;9;12;16;22;49;53;59;62;65,,,37.0,ksp,
12,22,35;6;10;32;29;49;53;59;63,,,36.0,ksp,
12,22,36;32;30;53;57;46,,,27.0,ksp,
12,22,36;34;41;46,,,18.0,ksp,
12,22,36;32;28;46,,,20.0,ksp,
12,22,35;5;1;4;16;22;50;56;63,,,38.0,ksp,
12,22,35;5;1;4;16;20;18;56;63,,,35.0,ksp,
12,22,35;6;9;12;16;20;18;56;63,,,30.0,ksp,
12,23,36;32;28;44;42,,,26.0,ksp,
12,23,35;6;9;12;16;20;18;56;62;66;76,,,36.0,ksp,
12,23,35;6;10;34;42,,,22.0,ksp,
12,23,35;5;1;4;16;22;49;53;57;46;70,,,40.0,ksp,
12,23,36;32;29;50;56;63;70,,,31.0,ksp,
12,23,35;6;9;13;25;28;46;70,,,31.0,ksp,
12,23,35;6;9;13;25;30;53;57;46;70,,,38.0,ksp,
12,23,35;5;1;4;16;20;18;56;62;65;70,,,42.0,ksp,
12,23,35;6;9;12;16;20;18;56;63;70,,,34.0,ksp,
12,23,35;5;1;4;16;22;49;53;59;63;70,,,43.0,ksp,
12,23,35;6;10;32;28;46;70,,,32.0,ksp,
12,24,36;34;42;73,,,16.0,ksp,
12,24,35;5;1;4;16;22;50;56;63;70;73,,,44.0,ksp,
12,24,35;6;9;12;16;22;49;53;59;63;69;66,,,39.0,ksp,
12,24,35;6;9;13;25;30;53;59;62;66,,,41.0,ksp,
12,24,36;32;29;49;53;57;46;70;73,,,31.0,ksp,
12,24,36;32;28;46;69;66,,,25.0,ksp,
12,24,35;5;1;4;16;20;18;56;62;66,,,39.0,ksp,
12,24,35;6;9;13;25;28;46;69;66,,,32.0,ksp,
12,24,35;6;9;12;16;20;18;56;62;66,,,34.0,ksp,
12,24,35;6;10;34;42;73,,,24.0,ksp,
12,24,35;5;1;4;16;20;18;56;63;70;73,,,41.0,ksp,
13,1,39;75;64;60;54;17;19;14;3,,,35.0,ksp,
13,1,39;76;72;67;45;58;52;47;19;14;3,,,38.0,ksp,
13,1,38;36;31;9;12;14;3,,,32.0,ksp,
13,1,39;75;65;68;61;58;52;47;19;14;3,,,40.0,ksp,
13,1,38;36;32;26;23;12;14;3,,,37.0,ksp,
13,1,38;36;32;29;47;19;14;3,,,36.0,ksp,
13,1,39;76;72;68;60;54;17;19;14;3,,,37.0,ksp,
13,1,39;76;71;41;43;26;23;11;8;5,,,39.0,ksp,
13,1,39;76;71;40;31;8;5,,,28.0,ksp,
13,1,39;75;65;67;43;26;23;12;14;3,,,41.0,ksp,
13,1,39;76;72;67;43;26;23;11;8;5,,,37.0,ksp,
13,1,39;75;65;67;45;58;52;47;19;14;3,,,37.0,ksp,
13,2,38;35;6;9;12;14,,,22.0,ksp,
13,2,39;75;65;67;45;58;52;47;19;14,,,31.0,ksp,
13,2,39;76;72;67;43;26;23;11;8;5;1,,,43.0,ksp,
13,2,38;36;32;29;47;19;14,,,30.0,ksp,
13,2,39;75;64;61;58;52;47;19;14,,,33.0,ksp,
13,2,39;76;72;67;45;58;52;47;19;14,,,32.0,ksp,
13,2,39;75;65;67;43;26;23;12;14,,,35.0,ksp,
13,2,38;36;31;9;12;14,,,26.0,ksp,
13,2,38;36;31;8;5;1,,,29.0,ksp,
13,2,39;76;71;40;31;8;5;1,,,34.0,ksp,
13,2,38;36;32;26;23;12;14,,,31.0,ksp,
13,2,39;75;65;68;60;54;17;19;14,,,30.0,ksp,
13,2,39;75;64;60;54;17;19;14,,,29.0,ksp,
13,2,39;76;72;68;60;54;17;19;14,,,31.0,ksp,
13,2,38;36;32;26;24;19;14,,,34.0,ksp,
13,2,39;76;71;40;31;9;12;14,,,31.0,ksp,
13,3,39;76;71;40;32;26;23;12;14;3;2,,,46.0,ksp,
13,3,39;76;72;68;61;58;52;47;19;15;11;8,,,40.0,ksp,
13,3,39;76;72;67;45;58;52;47;19;14;3;2,,,42.0,ksp,
13,3,39;75;64;61;58;52;47;19;14;3;2,,,43.0,ksp,
13,3,39;75;64;60;54;17;19;14;3;2,,,39.0,ksp,
13,3,39;75;65;68;60;54;17;19;14;3;2,,,40.0,ksp,
13,3,38;36;31;8,,,19.0,ksp,
13,3,39;75;65;67;43;26;23;11;8,,,32.0,ksp,
13,3,39;76;71;40;31;8,,,24.0,ksp,
13,4,39;76;72;67;45;58;52;47;19;15;11,,,33.0,ksp,
13,4,39;76;71;40;32;26;23;11,,,29.0,ksp,
13,4,39;76;72;67;43;26;23;11,,,29.0,ksp,
13,4,39;75;64;61;58;52;47;19;15;11,,,34.0,ksp,
13,4,38;36;31,,,15.0,ksp,
13,4,39;76;72;68;61;58;52;48;26;23;11,,,37.0,ksp,
13,4,39;75;65;67;43;26;23;11,,,28.0,ksp,
13,4,39;75;65;68;60;54;17;19;15;11,,,31.0,ksp,
13,4,39;76;71;40;31,,,20.0,ksp,
13,4,39;75;64;60;54;17;19;15;11,,,30.0,ksp,
13,5,39;76;71;40;32;26;23,,,27.0,ksp,
13,5,39;75;64;61;58;52;47;19;15,,,32.0,ksp,
13,5,39;76;72;67;45;58;52;47;19;15,,,31.0,ksp,
13,5,38;35;5;1;4;15,,,26.0,ksp,
13,5,39;76;72;67;43;26;23,,,27.0,ksp,
13,5,38;36;32;26;23,,,22.0,ksp,
13,5,39;76;71;40;31;9,,,22.0,ksp,
13,5,39;75;64;60;54;17;19;15,,,28.0,ksp,
13,5,38;36;31;9,,,17.0,ksp,
13,5,39;75;65;67;43;26;23,,,26.0,ksp,
13,5,39;75;65;68;60;54;17;19;15,,,29.0,ksp,
13,5,39;76;71;41;43;26;23,,,29.0,ksp,
13,5,39;75;65;68;60;54;17;21;23,,,38.0,ksp,
13,5,39;75;64;60;54;17;21;23,,,37.0,ksp,
13,6,39;76;71;40;31;9;12,,,26.0,ksp,
13,6,39;75;65;67;43;26;24;19,,,33.0,ksp,
13,6,39;76;71;41;45;58;52;47;19,,,29.0,ksp,
13,6,39;75;65;67;43;26;23;12,,,30.0,ksp,
13,6,39;75;64;60;54;17;19,,,24.0,ksp,
13,6,38;36;32;26;24;19,,,29.0,ksp,
13,6,39;76;72;67;43;26;23;12,,,31.0,ksp,
13,6,39;75;65;68;60;54;17;19,,,25.0,ksp,
13,6,38;36;32;26;23;12,,,26.0,ksp,
13,6,39;76;72;68;60;54;17;19,,,26.0,ksp,
13,6,39;75;64;61;58;52;47;19,,,28.0,ksp,
13,6,39;76;72;67;45;58;52;47;19,,,27.0,ksp,
13,6,38;36;31;9;12,,,21.0,ksp,
13,6,38;36;32;29;47;19,,,25.0,ksp,
13,7,38;36;32;29;50;54,,,23.0,ksp,
13,7,39;76;71;41;43;29;50;54,,,30.0,ksp,
13,7,39;75;65;68;60;54,,,20.0,ksp,
13,7,39;76;71;41;43;26;24;20,,,37.0,ksp,
13,7,38;36;32;29;47;20,,,26.0,ksp,
13,7,39;75;65;67;45;58;52;47;20,,,27.0,ksp,
13,7,39;75;65;67;45;58;52;50;54,,,24.0,ksp,
13,7,39;76;71;41;45;58;52;50;54,,,27.0,ksp,
13,7,38;36;31;9;13;24;20,,,35.0,ksp,
13,7,39;76;72;67;45;58;52;50;54,,,25.0,ksp,
13,7,38;36;32;26;24;20,,,30.0,ksp,
13,8,39;76;72;68;60;54;17,,,24.0,ksp,
13,8,39;76;71;40;31;9;12;16,,,28.0,ksp,
13,8,39;75;65;67;45;58;52;47,,,24.0,ksp,
13,8,39;76;72;67;45;58;52;47,,,25.0,ksp,
13,8,39;75;64;60;54;17,,,22.0,ksp,
13,8,39;75;65;68;60;54;17,,,23.0,ksp,
13,8,39;76;72;67;43;29;47,,,28.0,ksp,
13,8,38;36;32;29;47,,,23.0,ksp,
13,8,39;76;71;41;45;58;52;47,,,27.0,ksp,
13,8,39;76;71;41;43;29;47,,,30.0,ksp,
13,8,39;75;64;61;58;52;50;54;17,,,29.0,ksp,
13,8,39;76;72;67;43;26;24,,,32.0,ksp,
13,8,38;36;32;26;24,,,27.0,ksp,
13,8,38;36;31;9;12;16,,,23.0,ksp,
13,9,39;76;71;41;45;58;52;48;26,,,29.0,ksp,
13,9,39;75;65;67;43;26,,,21.0,ksp,
13,9,38;35;5;1;4;16;21,,,34.0,ksp,
13,9,39;75;65;68;60;55;48;26,,,28.0,ksp,
13,9,38;36;31;9;13,,,22.0,ksp,
13,9,39;76;71;41;43;26,,,24.0,ksp,
13,9,39;76;72;67;43;26,,,22.0,ksp,
13,9,39;75;64;60;54;17;19;15;13,,,33.0,ksp,
13,9,39;75;64;60;54;17;21,,,32.0,ksp,
13,9,39;75;65;68;60;54;17;21,,,33.0,ksp,
13,9,39;76;72;67;45;58;52;47;21,,,35.0,ksp,
13,9,39;75;64;61;58;52;47;21,,,36.0,ksp,
13,9,39;76;71;40;32;26,,,22.0,ksp,
13,10,39;75;64;61;58;51,,,27.0,ksp,
13,10,39;76;71;41;45;58;51,,,28.0,ksp,
13,10,39;76;72;68;61;58;51,,,29.0,ksp,
13,10,39;76;71;40;32,,,19.0,ksp,
13,10,39;76;72;67;43,,,19.0,ksp,
13,10,39;75;65;67;45;58;52;48,,,23.0,ksp,
13,10,38;35;5;1;4;16;22;48,,,33.0,ksp,
13,10,39;75;64;60;55;48,,,24.0,ksp,
13,10,39;75;65;67;43,,,18.0,ksp,
13,10,39;76;72;68;60;55;48,,,26.0,ksp,
13,10,38;36;34;41;43,,,24.0,ksp,
13,10,39;76;71;41;43,,,21.0,ksp,
13,10,38;35;5;1;4;16;21;25,,,37.0,ksp,
13,11,39;76;71;40,,,14.0,ksp,
13,11,39;75;65;68;61;58;51;27,,,33.0,ksp,
13,11,39;75;64;61;58;52;48;27,,,30.0,ksp,
13,11,39;76;72;67;44;40,,,22.0,ksp,
13,11,39;75;64;60;55;48;27,,,29.0,ksp,
13,11,39;75;65;67;43;27,,,23.0,ksp,
13,12,39;76;71;40;33,,,20.0,ksp,
13,12,39;75;64;60;54;17;19;14;3;2;7,,,43.0,ksp,
13,12,39;76;72;68;60;54;17;19;14;3;2;7,,,45.0,ksp,
13,12,39;75;64;60;54;17;19;15;11;8;7,,,38.0,ksp,
13,12,39;75;65;68;61;58;52;47;19;15;11;8;7,,,43.0,ksp,
13,12,39;75;65;67;43;27;33,,,29.0,ksp,
13,12,39;75;65;67;43;26;23;11;8;7,,,36.0,ksp,
13,12,39;76;72;67;45;58;52;48;27;33,,,35.0,ksp,
13,12,39;76;71;40;31;8;7,,,28.0,ksp,
13,14,38;36;32;28;44,,,25.0,ksp,
13,14,39;75;65;67;44,,,17.0,ksp,
13,14,39;75;65;70;71,,,17.0,ksp,
13,14,38;35;5;1;4;16;22;49;53;57;44,,,41.0,ksp,
13,14,38;35;6;9;13;25;28;44,,,32.0,ksp,
13,15,38;35;5;1;4;16;20;18;56;61;57,,,40.0,ksp,
13,15,38;35;6;9;12;16;22;49;53;57,,,31.0,ksp,
13,15,39;75;64;61;57,,,20.0,ksp,
13,15,38;35;5;1;4;16;22;49;53;57,,,36.0,ksp,
13,15,38;36;32;29;49;53;57,,,25.0,ksp,
13,15,38;35;6;10;34;41,,,26.0,ksp,
13,16,38;35;6;9;13;24;22,,,33.0,ksp,
13,16,38;35;5;1;4;16;20;18;55,,,32.0,ksp,
13,16,39;75;65;67;45;58;52,,,19.0,ksp,
13,16,39;76;71;41;43;30;52,,,31.0,ksp,
13,16,39;75;65;68;61;58;52,,,22.0,ksp,
13,16,39;75;65;67;43;30;52,,,28.0,ksp,
13,16,39;76;72;67;43;29,,,23.0,ksp,
13,16,38;36;34;41;45;58;52,,,25.0,ksp,
13,16,39;75;64;61;58;52,,,21.0,ksp,
13,16,39;76;71;41;45;58;52,,,22.0,ksp,
13,16,39;76;72;67;45;58;52,,,20.0,ksp,
13,16,39;75;65;68;60;55,,,21.0,ksp,
13,17,39;76;72;68;60;55;49,,,24.0,ksp,
13,17,38;36;32;29;49,,,20.0,ksp,
13,17,38;35;5;1;4;16;22;49,,,31.0,ksp,
13,17,38;35;6;9;12;16;20;18;55;49,,,29.0,ksp,
13,17,39;75;65;67;43;30,,,26.0,ksp,
13,17,39;75;64;61;58,,,19.0,ksp,
13,17,39;76;71;41;45;58,,,20.0,ksp,
13,17,39;76;72;68;61;58,,,21.0,ksp,
13,17,38;36;34;41;43;29;49,,,30.0,ksp,
13,17,39;75;65;68;60;55;49,,,23.0,ksp,
13,17,38;35;6;9;12;16;22;49,,,26.0,ksp,
13,18,38;35;5;1;4;16;20;18,,,29.0,ksp,
13,18,38;36;31;9;13;24;20;18,,,37.0,ksp,
13,18,39;76;71;41;43;26;24;20;18,,,39.0,ksp,
13,18,38;35;6;9;13;25;30;52;50,,,34.0,ksp,
13,18,39;75;65;67;45;58;52;50,,,22.0,ksp,
13,18,38;36;32;29;50,,,21.0,ksp,
13,18,38;36;34;41;45;59;60,,,29.0,ksp,
13,18,39;76;71;41;45;58;52;50,,,25.0,ksp,
13,18,39;75;65;67;43;29;47;20;18,,,32.0,ksp,
13,19,38;35;6;9;13;25;29;49;53,,,29.0,ksp,
13,19,39;76;72;68;61,,,19.0,ksp,
13,19,38;35;6;10;34;41;45,,,29.0,ksp,
13,19,38;36;32;30;53,,,24.0,ksp,
13,19,38;35;5;1;4;16;20;18;56;61,,,37.0,ksp,
13,19,39;75;65;68;61,,,18.0,ksp,
13,19,38;35;6;9;12;16;22;49;53,,,28.0,ksp,
13,19,38;36;32;29;49;53,,,22.0,ksp,
13,19,38;35;5;1;4;16;22;49;53,,,33.0,ksp,
13,20,38;35;6;9;12;16;20;18;56,,,28.0,ksp,
13,20,39;76;71;41;46;68,,,23.0,ksp,
13,20,38;35;6;9;13;25;29;50;56,,,32.0,ksp,
13,20,39;75;65;68,,,14.0,ksp,
13,20,38;35;5;1;4;16;20;18;56,,,33.0,ksp,
13,20,38;36;32;29;49;53;59,,,26.0,ksp,
13,20,38;36;32;28;45;59,,,27.0,ksp,
13,20,38;36;32;29;50;56,,,25.0,ksp,
13,20,38;35;6;9;13;25;30;53;59,,,35.0,ksp,
13,20,38;35;5;1;4;16;22;50;56,,,36.0,ksp,
13,20,38;36;34;41;45;59,,,25.0,ksp,
13,20,38;36;32;30;53;59,,,28.0,ksp,
13,21,38;35;6;9;12;16;20;18;56;62,,,34.0,ksp,
13,21,38;36;32;28;46;69,,,25.0,ksp,
13,21,38;36;34;42;72;69,,,23.0,ksp,
13,21,38;35;5;1;4;16;20;18;56;62,,,39.0,ksp,
13,21,38;35;6;9;12;16;22;50;56;62,,,37.0,ksp,
13,21,38;36;34;41;46;69,,,23.0,ksp,
13,21,38;35;6;9;13;25;29;49;53;59;62,,,39.0,ksp,
13,21,38;35;6;10;32;30;53;59;62,,,42.0,ksp,
13,22,38;35;6;10;34;41;46,,,29.0,ksp,
13,22,38;36;32;29;49;53;59;63,,,31.0,ksp,
13,22,38;36;32;28;46,,,23.0,ksp,
13,22,38;35;6;9;13;25;28;46,,,30.0,ksp,
13,22,38;35;5;1;4;16;20;18;56;63,,,38.0,ksp,
13,22,38;36;34;41;46,,,21.0,ksp,
13,22,38;35;6;9;12;16;20;18;56;63,,,33.0,ksp,
13,22,38;35;6;9;12;16;22;50;56;63,,,36.0,ksp,
13,22,38;35;5;1;4;16;22;49;53;59;63,,,42.0,ksp,
13,22,39;76;71;41;46,,,18.0,ksp,
13,23,38;35;6;9;13;25;28;46;70,,,34.0,ksp,
13,23,38;35;6;9;12;16;20;18;56;63;70,,,37.0,ksp,
13,23,38;35;5;1;4;16;22;49;53;57;44;42,,,45.0,ksp,
13,23,38;35;5;1;4;16;20;18;56;63;70,,,42.0,ksp,
13,23,39;75;65;70,,,13.0,ksp,
13,23,38;35;6;10;34;42,,,25.0,ksp,
13,23,38;36;32;28;46;70,,,27.0,ksp,
13,24,38;35;5;1;4;16;20;18;56;62;66,,,42.0,ksp,
13,24,38;35;6;9;12;16;20;18;56;62;66,,,37.0,ksp,
13,24,38;36;32;28;46;69;66,,,28.0,ksp,
13,24,38;35;6;9;12;16;22;49;53;59;63;69;66,,,42.0,ksp,
13,24,38;36;32;29;49;53;57;46;70;73,,,34.0,ksp,
13,24,38;36;34;42;73,,,19.0,ksp,
13,24,38;35;5;1;4;16;20;18;56;63;70;73,,,44.0,ksp,
13,24,38;35;6;9;13;25;28;46;69;66,,,35.0,ksp,
13,24,38;35;6;10;34;42;73,,,27.0,ksp,
14,1,42;72;67;43;27;33;35;5,,,36.0,ksp,
14,1,41;45;58;52;47;19;14;3,,,30.0,ksp,
14,1,40;32;26;23;11;8;5,,,27.0,ksp,
14,1,40;32;29;47;19;14;3,,,31.0,ksp,
14,1,41;45;58;52;50;54;17;19;14;3,,,33.0,ksp,
14,1,40;31;9;12;14;3,,,27.0,ksp,
14,1,41;43;26;23;12;14;3,,,34.0,ksp,
14,1,41;46;69;64;60;54;17;19;14;3,,,38.0,ksp,
14,1,42;72;68;60;54;17;19;14;3,,,35.0,ksp,
14,2,40;32;26;24;19;14,,,29.0,ksp,
14,2,42;72;69;64;60;54;17;19;14,,,32.0,ksp,
14,2,40;32;26;23;11;8;5;1,,,33.0,ksp,
14,2,41;45;58;52;50;54;17;19;14,,,27.0,ksp,
14,2,41;43;29;47;19;14,,,27.0,ksp,
14,2,41;45;58;52;47;19;14,,,24.0,ksp,
14,2,41;43;26;23;12;14,,,28.0,ksp,
14,2,42;72;68;60;54;17;19;14,,,29.0,ksp,
14,3,41;45;58;52;47;19;14;3;2,,,34.0,ksp,
14,3,42;72;68;60;54;17;19;14;3;2,,,39.0,ksp,
14,3,41;43;26;23;12;14;3;2,,,38.0,ksp,
14,3,41;45;58;52;47;19;15;11;8,,,29.0,ksp,
14,3,41;46;69;64;60;54;17;19;14;3;2,,,42.0,ksp,
14,4,41;45;58;51;26;23;11,,,28.0,ksp,
14,4,41;45;58;52;47;19;15;11,,,25.0,ksp,
14,4,40;33;35;6,,,18.0,ksp,
14,4,41;45;58;52;47;19;14;3;2;6,,,38.0,ksp,
14,4,42;72;68;60;54;17;19;15;11,,,30.0,ksp,
14,4,42;72;69;64;60;54;17;19;15;11,,,33.0,ksp,
14,5,40;32;26;23,,,17.0,ksp,
14,5,42;73;74;38;35;6;9,,,23.0,ksp,
14,5,41;45;58;52;47;19;15,,,23.0,ksp,
14,5,42;72;68;60;54;17;19;15,,,28.0,ksp,
14,5,41;45;58;52;47;21;23,,,32.0,ksp,
14,5,42;73;75;64;60;54;17;19;15,,,30.0,ksp,
14,5,40;33;35;5;1;4;15,,,33.0,ksp,
14,6,40;33;35;5;1;4,,,29.0,ksp,
14,6,40;32;26;23;12,,,21.0,ksp,
14,6,41;43;29;47;19,,,22.0,ksp,
14,6,42;73;74;38;35;6;9;12,,,27.0,ksp,
14,6,42;72;69;64;60;54;17;19,,,27.0,ksp,
14,6,42;73;75;64;60;54;17;19,,,26.0,ksp,
14,6,41;43;26;24;19,,,26.0,ksp,
14,6,41;45;58;52;47;19,,,19.0,ksp,
14,6,42;72;68;60;54;17;19,,,24.0,ksp,
14,7,42;73;74;38;35;6;9;12;16;20,,,32.0,ksp,
14,7,40;31;9;12;16;20,,,21.0,ksp,
14,7,42;73;74;38;35;5;1;4;16;20,,,37.0,ksp,
14,7,42;73;75;64;61;58;52;50;54,,,28.0,ksp,
14,7,40;32;29;50;54,,,18.0,ksp,
14,7,41;45;58;52;47;20,,,20.0,ksp,
14,7,41;43;26;24;20,,,27.0,ksp,
14,7,40;33;35;5;1;4;16;20,,,34.0,ksp,
14,7,40;32;29;47;20,,,21.0,ksp,
14,7,40;32;26;24;20,,,25.0,ksp,
14,7,41;43;29;50;54,,,20.0,ksp,
14,8,41;43;29;47,,,20.0,ksp,
14,8,40;32;29;47,,,18.0,ksp,
14,8,41;43;29;50;54;17,,,23.0,ksp,
14,8,42;72;67;43;26;24,,,30.0,ksp,
14,8,40;33;35;6;9;12;16,,,26.0,ksp,
14,8,42;73;74;38;35;5;1;4;16,,,34.0,ksp,
14,8,41;43;26;24,,,24.0,ksp,
14,9,41;45;58;52;47;19;15;13,,,28.0,ksp,
14,9,42;73;75;64;60;54;17;21,,,34.0,ksp,
14,9,42;73;74;38;35;5;1;4;15;13,,,41.0,ksp,
14,9,41;45;58;52;47;21,,,27.0,ksp,
14,9,42;72;68;60;54;17;21,,,32.0,ksp,
14,9,41;45;58;52;48;26,,,19.0,ksp,
14,9,42;72;67;43;26,,,20.0,ksp,
14,9,42;72;68;60;55;47;21,,,35.0,ksp,
14,9,42;73;74;38;35;6;9;13,,,28.0,ksp,
14,10,42;73;74;38;35;6;9;13;25,,,31.0,ksp,
14,10,42;72;68;60;55;48,,,24.0,ksp,
14,10,40;31;9;13;25,,,20.0,ksp,
14,10,42;73;75;64;61;58;51,,,29.0,ksp,
14,10,41;45;58;52;48,,,16.0,ksp,
14,10,41;45;58;51,,,18.0,ksp,
14,10,42;73;75;65;67;43,,,20.0,ksp,
14,10,42;72;68;60;54;17;21;25,,,35.0,ksp,
14,10,42;72;67;43,,,17.0,ksp,
14,10,42;73;75;64;60;55;48,,,26.0,ksp,
14,11,41;45;58;52;48;27,,,21.0,ksp,
14,11,41;45;58;51;26;23;11;10,,,34.0,ksp,
14,11,42;72;69;64;60;55;47;19;15;11;10,,,42.0,ksp,
14,11,42;73;74;38;36,,,19.0,ksp,
14,11,42;72;68;60;54;17;19;15;11;10,,,36.0,ksp,
14,12,41;45;58;52;47;19;14;3;2;7,,,38.0,ksp,
14,12,42;72;68;60;54;17;19;14;3;2;7,,,43.0,ksp,
14,12,41;45;58;52;47;19;15;11;8;7,,,33.0,ksp,
14,12,41;43;27;31;8;7,,,30.0,ksp,
14,12,41;43;27;33,,,22.0,ksp,
14,12,41;46;69;66;74;38,,,20.0,ksp,
14,13,41;45;58;52;47;19;14;3;2;7;37,,,41.0,ksp,
14,13,41;46;69;66;74,,,17.0,ksp,
14,13,41;43;27;33;37,,,25.0,ksp,
14,13,42;72;69;66;74,,,17.0,ksp,
14,13,41;43;26;23;11;8;7;37,,,32.0,ksp,
14,15,40;32;28,,,15.0,ksp,
14,15,40;32;29;49;53;57,,,20.0,ksp,
14,15,40;31;9;13;25;28,,,26.0,ksp,
14,15,42;72;68;61;57,,,20.0,ksp,
14,15,40;33;37;39;75;65;67,,,25.0,ksp,
14,15,42;73;75;65;67,,,14.0,ksp,
14,15,40;32;30;53;57,,,22.0,ksp,
14,15,40;31;9;12;16;22;49;53;57,,,30.0,ksp,
14,15,42;73;75;64;61;57,,,22.0,ksp,
14,16,40;32;30;52,,,19.0,ksp,
14,16,41;43;30;52,,,21.0,ksp,
14,16,42;73;75;64;61;58;52,,,23.0,ksp,
14,16,41;43;29,,,15.0,ksp,
14,16,42;73;74;38;35;5;1;4;16;22,,,39.0,ksp,
14,16,40;31;9;12;16;22,,,23.0,ksp,
14,16,40;33;35;6;9;13;24;22,,,40.0,ksp,
14,16,40;32;29,,,13.0,ksp,
14,16,42;72;67;43;29,,,21.0,ksp,
14,17,42;72;68;61;58,,,19.0,ksp,
14,17,41;43;29;49,,,17.0,ksp,
14,17,40;33;35;5;1;4;16;22;49,,,38.0,ksp,
14,17,42;72;67;43;30,,,25.0,ksp,
14,17,42;73;75;64;60;55;49,,,24.0,ksp,
14,17,42;72;68;60;55;49,,,22.0,ksp,
14,17,40;31;9;12;16;22;49,,,25.0,ksp,
14,17,42;73;75;64;61;58,,,21.0,ksp,
14,17,40;32;29;49,,,15.0,ksp,
14,17,40;31;9;13;25;30,,,28.0,ksp,
14,18,41;43;29;50,,,18.0,ksp,
14,18,41;43;29;47;20;18,,,25.0,ksp,
14,18,40;32;26;24;20;18,,,27.0,ksp,
14,18,40;32;30;52;50,,,22.0,ksp,
14,18,40;33;35;5;1;4;16;20;18,,,36.0,ksp,
14,18,42;73;74;38;35;6;9;12;16;20;18,,,34.0,ksp,
14,18,40;32;29;50,,,16.0,ksp,
14,18,40;31;9;12;16;20;18,,,23.0,ksp,
14,19,42;72;68;61,,,17.0,ksp,
14,19,40;33;37;39;75;65;67;45,,,28.0,ksp,
14,19,41;43;29;49;53,,,19.0,ksp,
14,19,42;73;75;64;61,,,19.0,ksp,
14,19,40;31;9;12;16;22;49;53,,,27.0,ksp,
14,19,40;32;29;49;53,,,17.0,ksp,
14,19,40;32;30;53,,,19.0,ksp,
14,19,41;43;30;53,,,21.0,ksp,
14,20,40;32;30;53;59,,,23.0,ksp,
14,20,42;72;69;64,,,16.0,ksp,
14,20,40;33;37;39;75;65;68,,,27.0,ksp,
14,20,40;31;9;12;16;20;18;56,,,27.0,ksp,
14,20,41;46;69;64,,,16.0,ksp,
14,20,40;32;29;50;56,,,20.0,ksp,
14,21,40;33;37;39;75,,,20.0,ksp,
14,21,40;32;29;49;53;59;62,,,27.0,ksp,
14,21,40;32;28;46;69,,,20.0,ksp,
14,21,40;32;29;50;56;62,,,26.0,ksp,
14,21,40;31;9;12;16;20;18;56;62,,,33.0,ksp,
14,22,40;32;29;50;56;63,,,25.0,ksp,
14,22,42;73;75;65,,,11.0,ksp,
14,22,40;31;9;12;16;20;18;56;63,,,32.0,ksp,
14,22,40;32;30;53;59;63,,,28.0,ksp,
14,22,40;33;37;39;75;65,,,22.0,ksp,
14,22,40;32;29;49;53;59;62;65,,,29.0,ksp,
14,22,41;45;59;62;65,,,20.0,ksp,
14,22,40;32;28;45;59;63,,,27.0,ksp,
14,23,40;32;29;50;56;62;66;76,,,31.0,ksp,
14,23,41;45;59;63;70,,,21.0,ksp,
14,23,40;32;28;46;70,,,22.0,ksp,
14,23,40;32;29;50;56;63;70,,,29.0,ksp,
14,23,41;45;59;62;66;76,,,23.0,ksp,
14,23,40;31;8;7;37;39;76,,,27.0,ksp,
14,23,41;46;70,,,12.0,ksp,
14,23,41;46;69;66;76,,,15.0,ksp,
14,23,40;33;37;39;76,,,19.0,ksp,
14,24,41;46;69;66,,,13.0,ksp,
14,24,41;45;59;63;70;73,,,23.0,ksp,
14,24,40;31;8;7;37;39,,,25.0,ksp,
14,24,40;33;37;39,,,17.0,ksp,
14,24,41;45;59;62;66,,,21.0,ksp,
14,24,40;32;29;50;56;62;66,,,29.0,ksp,
15,1,46;70;73;74;38;35;5,,,24.0,ksp,
15,1,46;68;60;54;17;19;14;3,,,30.0,ksp,
15,1,43;26;23;12;14;3,,,29.0,ksp,
15,1,46;69;66;74;38;35;5,,,23.0,ksp,
15,1,45;58;52;47;19;14;3,,,25.0,ksp,
15,1,44;40;31;9;12;14;3,,,32.0,ksp,
15,1,45;59;60;54;17;19;14;3,,,29.0,ksp,
15,1,45;58;51;27;31;8;5,,,32.0,ksp,
15,2,46;69;66;74;38;35;5;1,,,29.0,ksp,
15,2,46;68;60;54;17;19;14,,,24.0,ksp,
15,2,45;58;51;27;31;8;5;1,,,38.0,ksp,
15,2,45;59;60;54;17;19;14,,,23.0,ksp,
15,2,46;70;73;74;38;35;5;1,,,30.0,ksp,
15,3,45;58;52;47;19;15;11;8,,,24.0,ksp,
15,3,45;59;60;54;17;19;14;3;2,,,33.0,ksp,
15,3,45;58;52;48;26;23;11;8,,,25.0,ksp,
15,3,43;27;33;35,,,21.0,ksp,
15,3,46;70;73;74;38;35,,,20.0,ksp,
15,3,45;58;52;47;19;14;3;2,,,29.0,ksp,
15,3,46;69;66;74;38;35,,,19.0,ksp,
15,3,46;68;60;54;17;19;14;3;2,,,34.0,ksp,
15,4,46;69;66;74;38;35;6,,,23.0,ksp,
15,4,45;58;52;48;27;33;35;6,,,30.0,ksp,
15,4,45;58;51;26;23;11,,,23.0,ksp,
15,4,45;58;52;47;19;14;3;2;6,,,33.0,ksp,
15,4,46;68;60;54;17;19;14;3;2;6,,,38.0,ksp,
15,4,46;68;60;54;17;19;15;11,,,25.0,ksp,
15,4,45;58;52;47;19;15;11,,,20.0,ksp,
15,4,46;70;73;74;38;35;6,,,24.0,ksp,
15,4,45;59;60;54;17;19;15;11,,,24.0,ksp,
15,5,43;27;33;35;5;1;4;15,,,40.0,ksp,
15,5,45;58;52;47;19;15,,,18.0,ksp,
15,5,45;58;51;26;23,,,21.0,ksp,
15,5,46;70;73;74;38;35;6;9,,,26.0,ksp,
15,5,45;58;52;47;21;23,,,27.0,ksp,
15,5,45;59;60;54;17;19;15,,,22.0,ksp,
15,5,46;69;66;74;38;35;6;9,,,25.0,ksp,
15,5,46;68;60;54;17;19;15,,,23.0,ksp,
15,6,44;40;31;8;5;1;4,,,34.0,ksp,
15,6,46;68;60;54;17;19,,,19.0,ksp,
15,6,45;59;60;54;17;19,,,18.0,ksp,
15,6,43;29;47;19,,,17.0,ksp,
15,6,44;40;33;35;5;1;4,,,34.0,ksp,
15,6,46;70;73;74;38;35;5;1;4,,,35.0,ksp,
15,6,45;58;52;50;54;17;19,,,17.0,ksp,
15,6,45;58;51;26;23;12,,,25.0,ksp,
15,6,43;26;24;19,,,21.0,ksp,
15,6,46;69;66;74;38;35;5;1;4,,,34.0,ksp,
15,7,43;29;50;54,,,15.0,ksp,
15,7,44;40;32;26;24;20,,,30.0,ksp,
15,7,44;42;73;74;38;35;6;9;12;16;20,,,37.0,ksp,
15,7,43;26;24;20,,,22.0,ksp,
15,7,46;70;73;74;38;35;5;1;4;16;20,,,40.0,ksp,
15,7,45;58;52;47;20,,,15.0,ksp,
15,7,44;40;32;29;50;54,,,23.0,ksp,
15,7,43;29;47;20,,,18.0,ksp,
15,7,44;40;31;9;12;16;20,,,26.0,ksp,
15,7,43;26;23;12;16;20,,,23.0,ksp,
15,8,44;40;31;9;12;16,,,23.0,ksp,
15,8,44;40;32;29;50;54;17,,,26.0,ksp,
15,8,46;69;66;74;38;35;5;1;4;16,,,36.0,ksp,
15,8,43;29;47,,,15.0,ksp,
15,8,43;26;23;12;16,,,20.0,ksp,
15,8,46;70;73;74;38;35;5;1;4;16,,,37.0,ksp,
15,9,44;40;31;9;13,,,22.0,ksp,
15,9,46;69;64;60;54;17;19;15;13,,,31.0,ksp,
15,9,46;70;73;74;38;35;6;9;13,,,31.0,ksp,
15,9,45;58;51;26,,,16.0,ksp,
15,9,45;58;52;47;21,,,22.0,ksp,
15,9,46;68;60;54;17;21,,,27.0,ksp,
15,9,45;58;52;48;26,,,14.0,ksp,
15,9,45;59;60;54;17;21,,,26.0,ksp,
15,9,46;68;60;54;17;19;15;13,,,28.0,ksp,
15,9,46;69;66;74;38;35;6;9;13,,,30.0,ksp,
15,9,44;40;32;26,,,17.0,ksp,
15,10,45;58;52;48,,,11.0,ksp,
15,10,46;69;64;60;54;17;21;25,,,33.0,ksp,
15,10,46;70;73;74;38;36;32,,,27.0,ksp,
15,10,46;68;60;55;48,,,19.0,ksp,
15,10,44;40;31;9;13;25,,,25.0,ksp,
15,10,46;69;66;74;38;35;6;9;13;25,,,33.0,ksp,
15,10,45;58;51,,,13.0,ksp,
15,10,44;40;32,,,14.0,ksp,
15,11,45;58;51;27,,,18.0,ksp,
15,11,46;70;73;74;38;36,,,22.0,ksp,
15,11,45;58;52;48;27,,,16.0,ksp,
15,11,45;58;52;47;19;15;11;10,,,26.0,ksp,
15,11,46;70;71;40,,,15.0,ksp,
15,11,45;59;60;54;17;19;15;11;10,,,30.0,ksp,
15,11,45;58;52;48;26;23;11;10,,,27.0,ksp,
15,11,46;69;66;74;38;36,,,21.0,ksp,
15,12,45;58;52;48;27;33,,,22.0,ksp,
15,12,45;58;51;27;33,,,24.0,ksp,
15,12,45;58;52;47;19;15;11;8;7,,,28.0,ksp,
15,12,45;59;62;66;74;38,,,23.0,ksp,
15,12,43;27;31;8;7,,,25.0,ksp,
15,12,45;59;60;54;17;19;14;3;2;7,,,37.0,ksp,
15,12,45;58;52;47;19;14;3;2;7,,,33.0,ksp,
15,12,46;68;60;54;17;19;14;3;2;7,,,38.0,ksp,
15,13,45;58;52;48;27;33;37,,,25.0,ksp,
15,13,45;59;60;54;17;19;14;3;2;7;37,,,40.0,ksp,
15,13,45;58;52;47;19;14;3;2;7;37,,,36.0,ksp,
15,13,45;58;52;47;19;15;11;8;7;37,,,31.0,ksp,
15,13,45;59;62;66;74,,,20.0,ksp,
15,14,43;27;34,,,15.0,ksp,
15,14,45;59;63;70;71,,,20.0,ksp,
15,14,45;59;62;66;76;71,,,22.0,ksp,
15,14,46;69;66;76;71,,,14.0,ksp,
15,14,43;26;23;11;10;34,,,26.0,ksp,
15,14,46;69;66;74;38;36;34,,,25.0,ksp,
15,14,45;58;52;47;19;15;11;10;34,,,30.0,ksp,
15,14,45;58;52;48;27;34,,,20.0,ksp,
15,14,45;58;51;27;34,,,22.0,ksp,
15,16,44;40;31;9;12;16;22,,,28.0,ksp,
15,16,43;29,,,10.0,ksp,
15,16,44;40;32;29,,,18.0,ksp,
15,16,46;70;73;74;38;35;5;1;4;16;22,,,42.0,ksp,
15,16,43;26;24;22,,,24.0,ksp,
15,16,43;30;52,,,16.0,ksp,
15,17,46;69;64;60;55;49,,,20.0,ksp,
15,17,44;40;31;9;12;16;22;49,,,30.0,ksp,
15,17,44;40;32;29;49,,,20.0,ksp,
15,17,46;68;60;55;49,,,17.0,ksp,
15,17,46;68;61;58,,,14.0,ksp,
15,17,44;42;73;74;38;35;6;9;12;16;22;49,,,41.0,ksp,
15,17,44;40;32;30,,,22.0,ksp,
15,17,43;29;49,,,12.0,ksp,
15,17,46;69;64;61;58,,,17.0,ksp,
15,18,43;26;24;20;18,,,24.0,ksp,
15,18,45;58;52;47;20;18,,,17.0,ksp,
15,18,43;29;50,,,13.0,ksp,
15,18,44;40;31;9;12;16;20;18,,,28.0,ksp,
15,18,44;40;32;29;50,,,21.0,ksp,
15,18,44;42;73;74;38;35;5;1;4;16;20;18,,,44.0,ksp,
15,18,43;29;47;20;18,,,20.0,ksp,
15,19,44;40;32;30;53,,,24.0,ksp,
15,19,46;68;61,,,12.0,ksp,
15,19,43;29;49;53,,,14.0,ksp,
15,19,43;30;53,,,16.0,ksp,
15,19,44;40;31;9;12;16;22;49;53,,,32.0,ksp,
15,19,44;42;73;75;64;61,,,24.0,ksp,
15,19,46;69;64;61,,,15.0,ksp,
15,20,44;42;73;75;64,,,20.0,ksp,
15,20,44;40;31;9;12;16;20;18;56,,,32.0,ksp,
15,20,43;26;24;20;18;56,,,28.0,ksp,
15,20,43;29;50;56,,,17.0,ksp,
15,20,44;42;72;69;64,,,21.0,ksp,
15,20,44;42;72;68,,,18.0,ksp,
15,20,43;30;53;59,,,20.0,ksp,
15,20,45;58;52;50;56,,,14.0,ksp,
15,21,43;27;33;37;39;75,,,27.0,ksp,
15,21,44;42;73;75,,,14.0,ksp,
15,21,45;58;52;50;56;62,,,20.0,ksp,
15,21,45;58;52;50;56;63;69,,,21.0,ksp,
15,21,43;26;23;11;8;7;37;39;75,,,34.0,ksp,
15,21,43;29;50;56;62,,,23.0,ksp,
15,22,43;27;33;37;39;75;65,,,29.0,ksp,
15,22,44;42;72,,,13.0,ksp,
15,22,45;59;63,,,12.0,ksp,
15,22,45;59;62;65,,,15.0,ksp,
15,22,44;42;73;75;65,,,16.0,ksp,
15,22,45;58;52;50;56;63,,,19.0,ksp,
15,22,43;29;50;56;63,,,22.0,ksp,
15,23,45;59;62;66;76,,,18.0,ksp,
15,23,46;69;66;76,,,10.0,ksp,
15,23,45;58;52;50;56;62;66;76,,,25.0,ksp,
15,23,43;27;33;37;39;76,,,26.0,ksp,
15,23,43;27;34;42,,,19.0,ksp,
15,23,43;26;23;11;8;7;37;39;76,,,33.0,ksp,
15,23,45;59;63;69;66;76,,,19.0,ksp,
15,23,45;59;63;70,,,16.0,ksp,
15,24,43;26;23;11;8;7;37;39,,,31.0,ksp,
15,24,45;58;52;47;19;14;3;2;7;37;39,,,40.0,ksp,
15,24,45;59;63;70;73,,,18.0,ksp,
15,24,43;27;33;37;39,,,24.0,ksp,
15,24,45;59;63;69;66,,,17.0,ksp,
15,24,44;40;33;37;39,,,22.0,ksp,
15,24,45;58;52;50;56;62;66,,,23.0,ksp,
15,24,45;59;62;66,,,16.0,ksp,
16,1,50;54;17;19;15;11;8;5,,,24.0,ksp,
16,1,49;53;59;63;70;73;74;38;35;5,,,34.0,ksp,
16,1,49;51;26;23;12;14;3,,,33.0,ksp,
16,1,49;53;57;46;69;66;74;38;35;5,,,30.0,ksp,
16,1,48;26;23;12;14;3,,,27.0,ksp,
16,1,49;53;57;44;40;31;8;5,,,30.0,ksp,
16,1,48;26;23;11;8;5,,,22.0,ksp,
16,1,48;27;33;35;5,,,23.0,ksp,
16,1,50;56;62;66;74;38;35;5,,,31.0,ksp,
16,1,49;51;27;31;8;5,,,29.0,ksp,
16,1,47;21;23;12;14;3,,,35.0,ksp,
16,1,49;53;57;44;40;33;35;5,,,30.0,ksp,
16,1,48;27;31;8;5,,,23.0,ksp,
16,2,48;27;33;35;5;1,,,29.0,ksp,
16,2,50;56;62;66;74;38;35;5;1,,,37.0,ksp,
16,2,50;56;63;70;73;74;38;35;5;1,,,39.0,ksp,
16,2,49;51;26;23;12;14,,,27.0,ksp,
16,2,49;53;57;44;40;33;35;5;1,,,36.0,ksp,
16,2,49;53;57;46;69;66;74;38;35;5;1,,,36.0,ksp,
16,2,48;26;23;12;14,,,21.0,ksp,
16,2,49;53;57;44;40;31;8;5;1,,,36.0,ksp,
16,2,48;27;31;8;5;1,,,29.0,ksp,
16,2,48;26;23;11;8;5;1,,,28.0,ksp,
16,3,48;27;33;35,,,19.0,ksp,
16,3,49;53;57;44;40;31;8,,,26.0,ksp,
16,3,48;27;31;8,,,19.0,ksp,
16,3,49;53;57;46;69;66;74;38;35,,,26.0,ksp,
16,3,49;51;27;33;35,,,25.0,ksp,
16,3,50;56;63;70;73;74;38;35,,,29.0,ksp,
16,3,49;53;59;63;70;73;74;38;35,,,30.0,ksp,
16,3,49;53;57;44;40;33;35,,,26.0,ksp,
16,4,50;56;63;70;73;74;38;35;6,,,33.0,ksp,
16,4,49;53;59;63;69;66;74;38;35;6,,,33.0,ksp,
16,4,49;51;27;31,,,21.0,ksp,
16,4,49;53;57;44;40;33;35;6,,,30.0,ksp,
16,4,47;19;14;3;2;6,,,26.0,ksp,
16,4,49;53;57;44;40;31,,,22.0,ksp,
16,4,49;51;26;23;11,,,20.0,ksp,
16,4,48;27;31,,,15.0,ksp,
16,5,49;53;57;44;40;31;9,,,24.0,ksp,
16,5,48;27;31;9,,,17.0,ksp,
16,5,48;27;33;35;6;9,,,25.0,ksp,
16,5,49;53;57;46;70;73;74;38;35;6;9,,,33.0,ksp,
16,5,50;56;63;69;66;74;38;35;6;9,,,34.0,ksp,
16,5,49;51;27;31;9,,,23.0,ksp,
16,5,50;56;62;66;74;38;35;6;9,,,33.0,ksp,
16,5,49;51;26;23,,,18.0,ksp,
16,6,49;51;27;31;9;12,,,27.0,ksp,
16,6,49;53;57;46;69;66;74;38;35;5;1;4,,,41.0,ksp,
16,6,48;27;31;9;12,,,21.0,ksp,
16,6,49;53;59;62;66;74;38;35;5;1;4,,,43.0,ksp,
16,6,49;51;26;23;12,,,22.0,ksp,
16,6,50;56;63;70;73;74;38;35;5;1;4,,,44.0,ksp,
16,6,48;26;23;12,,,16.0,ksp,
16,6,49;53;57;44;40;33;35;5;1;4,,,41.0,ksp,
16,7,49;53;57;46;68;60;54,,,21.0,ksp,
16,7,48;26;23;12;16;20,,,21.0,ksp,
16,7,49;53;59;60;54,,,14.0,ksp,
16,7,47;20,,,8.0,ksp,
16,7,48;26;24;20,,,20.0,ksp,
16,7,48;27;31;9;12;16;20,,,26.0,ksp,
16,8,49;53;57;46;69;66;74;38;35;5;1;4;16,,,43.0,ksp,
16,8,49;53;57;44;40;31;9;12;16,,,30.0,ksp,
16,8,49;53;59;60;54;17,,,17.0,ksp,
16,8,49;51;26;24,,,23.0,ksp,
16,8,48;27;33;35;5;1;4;16,,,36.0,ksp,
16,8,49;51;27;31;9;12;16,,,29.0,ksp,
16,8,48;26;24,,,17.0,ksp,
16,8,48;26;23;12;16,,,18.0,ksp,
16,9,49;53;57;43;26,,,16.0,ksp,
16,9,48;27;31;9;13,,,22.0,ksp,
16,9,49;53;57;44;40;31;9;13,,,29.0,ksp,
16,9,50;54;17;19;15;13,,,19.0,ksp,
16,9,50;56;62;66;74;38;35;6;9;13,,,38.0,ksp,
16,9,47;19;15;13,,,16.0,ksp,
16,10,47;19;15;11;10;32,,,24.0,ksp,
16,10,50;56;63;70;71;40;32,,,29.0,ksp,
16,10,50;56;61;57;44;40;32,,,28.0,ksp,
16,10,49;53;57;43,,,13.0,ksp,
16,10,50;56;63;67;43,,,21.0,ksp,
16,10,47;19;15;13;25,,,19.0,ksp,
16,11,49;51;28;46;70;71;40,,,31.0,ksp,
16,11,50;56;62;66;74;38;36,,,29.0,ksp,
16,11,49;53;59;62;66;74;38;36,,,30.0,ksp,
16,11,50;54;17;19;14;3;2;7;36,,,35.0,ksp,
16,11,47;21;23;11;10,,,28.0,ksp,
16,11,50;56;63;70;71;40,,,24.0,ksp,
16,11,49;51;26;23;11;10,,,26.0,ksp,
16,12,50;56;63;70;73;74;38,,,25.0,ksp,
16,12,49;53;57;44;40;33,,,22.0,ksp,
16,12,49;51;28;44;40;33,,,31.0,ksp,
16,12,49;53;59;63;69;66;74;38,,,25.0,ksp,
16,12,49;53;57;46;69;66;74;38,,,22.0,ksp,
16,12,49;53;57;46;70;73;74;38,,,23.0,ksp,
16,13,49;51;28;46;69;66;74,,,28.0,ksp,
16,13,49;51;28;44;42;73;74,,,31.0,ksp,
16,13,49;53;57;44;40;33;37,,,25.0,ksp,
16,13,49;53;59;63;69;66;74,,,22.0,ksp,
16,13,47;21;23;11;8;7;37,,,33.0,ksp,
16,13,49;53;57;44;42;73;74,,,22.0,ksp,
16,13,50;56;63;69;66;74,,,21.0,ksp,
16,13,48;26;23;11;8;7;37,,,25.0,ksp,
16,13,49;53;59;62;66;74,,,21.0,ksp,
16,13,49;53;57;46;70;73;74,,,20.0,ksp,
16,13,50;54;17;19;14;3;2;7;37,,,32.0,ksp,
16,13,48;28;46;70;73;74,,,23.0,ksp,
16,13,49;53;57;46;69;66;74,,,19.0,ksp,
16,14,47;19;14;3;2;7;37;39;76;71,,,39.0,ksp,
16,14,48;28;46;70;71,,,21.0,ksp,
16,14,48;28;44,,,15.0,ksp,
16,14,47;21;23;11;8;7;36;34,,,40.0,ksp,
16,14,47;19;15;11;10;34,,,23.0,ksp,
16,14,49;51;27;34,,,19.0,ksp,
16,14,49;51;28;44,,,21.0,ksp,
16,14,49;53;59;62;66;76;71,,,23.0,ksp,
16,14,48;27;34,,,13.0,ksp,
16,15,48;27;34;41,,,18.0,ksp,
16,15,47;19;14;3;2;7;37;39;76;72;67,,,42.0,ksp,
16,15,47;19;15;11;10;34;41,,,28.0,ksp,
16,15,47;21;25;28,,,24.0,ksp,
16,15,49;51;28,,,16.0,ksp,
16,15,48;28,,,10.0,ksp,
16,17,47;21;25;30,,,26.0,ksp,
16,17,48;28;45;58,,,15.0,ksp,
16,17,48;30,,,12.0,ksp,
16,17,47;19;15;11;10;34;41;45;58,,,33.0,ksp,
16,17,47;19;15;13;25;30,,,27.0,ksp,
16,18,48;28;46;68;60,,,22.0,ksp,
16,18,47;20;18,,,10.0,ksp,
16,18,48;26;23;12;16;20;18,,,23.0,ksp,
16,18,48;26;24;20;18,,,22.0,ksp,
16,18,49;53;57;46;69;64;60,,,22.0,ksp,
16,18,49;53;59;60,,,12.0,ksp,
16,19,48;28;45,,,13.0,ksp,
16,19,47;20;18;56;61,,,18.0,ksp,
16,19,48;30;53,,,14.0,ksp,
16,19,47;19;15;11;10;34;41;45,,,31.0,ksp,
16,19,47;21;25;28;45,,,27.0,ksp,
16,19,47;19;15;11;8;7;37;39;75;65;67;45,,,39.0,ksp,
16,19,48;27;34;41;45,,,21.0,ksp,
16,20,48;28;46;68,,,18.0,ksp,
16,20,48;27;34;42;72;68,,,26.0,ksp,
16,20,49;53;57;46;69;64,,,18.0,ksp,
16,20,48;27;34;42;73;75;64,,,28.0,ksp,
16,20,47;19;15;11;8;7;37;39;75;64,,,37.0,ksp,
16,20,49;53;59,,,8.0,ksp,
16,20,48;27;34;42;72;69;64,,,29.0,ksp,
16,20,47;20;18;56,,,14.0,ksp,
16,21,49;53;57;44;42;73;75,,,21.0,ksp,
16,21,47;19;15;11;8;7;37;39;75,,,31.0,ksp,
16,21,48;27;33;37;39;75,,,25.0,ksp,
16,21,47;19;14;3;2;7;37;39;75,,,36.0,ksp,
16,21,48;27;34;42;73;75,,,22.0,ksp,
16,21,48;28;46;69,,,15.0,ksp,
16,21,47;20;18;56;62,,,20.0,ksp,
16,21,47;19;15;11;10;34;42;73;75,,,32.0,ksp,
16,21,48;28;44;42;73;75,,,24.0,ksp,
16,21,49;53;59;63;69,,,15.0,ksp,
16,22,47;19;15;11;10;34;42;72,,,31.0,ksp,
16,22,48;27;34;42;72,,,21.0,ksp,
16,22,49;53;59;63,,,13.0,ksp,
16,22,47;19;14;3;2;7;37;39;75;65,,,38.0,ksp,
16,22,47;21;25;27;33;37;39;75;65,,,41.0,ksp,
16,22,49;53;59;62;65,,,16.0,ksp,
16,22,48;28;46,,,13.0,ksp,
16,22,47;19;15;11;8;7;37;39;75;65,,,33.0,ksp,
16,22,49;51;28;46,,,19.0,ksp,
16,22,49;53;57;44;42;72,,,20.0,ksp,
16,23,47;19;15;11;8;7;37;39;76,,,30.0,ksp,
16,23,49;53;59;62;66;76,,,19.0,ksp,
16,23,47;19;14;3;2;7;37;39;76,,,35.0,ksp,
16,23,47;19;15;11;10;34;42,,,27.0,ksp,
16,23,48;27;33;37;39;76,,,24.0,ksp,
16,23,48;28;44;42,,,19.0,ksp,
16,23,47;21;23;11;10;34;42,,,36.0,ksp,
16,23,49;53;57;44;42,,,16.0,ksp,
16,23,48;28;46;70,,,17.0,ksp,
16,23,49;51;28;46;70,,,23.0,ksp,
16,23,48;28;46;69;66;76,,,20.0,ksp,
16,23,48;27;34;42,,,17.0,ksp,
16,24,49;53;57;46;70;73,,,16.0,ksp,
16,24,49;53;59;63;70;73,,,19.0,ksp,
16,24,47;21;23;11;8;7;37;39,,,37.0,ksp,
16,24,49;53;59;62;66,,,17.0,ksp,
16,24,48;28;46;69;66,,,18.0,ksp,
16,24,48;28;46;70;73,,,19.0,ksp,
16,24,48;27;34;42;73,,,19.0,ksp,
16,24,48;28;44;42;73,,,21.0,ksp,
16,24,49;53;57;44;42;73,,,18.0,ksp,
16,24,48;27;33;37;39,,,22.0,ksp,
16,24,47;19;15;11;10;34;42;73,,,29.0,ksp,
16,24,47;19;14;3;2;7;37;39,,,33.0,ksp,
16,24,49;53;59;63;69;66,,,18.0,ksp,
16,24,47;19;15;11;8;7;37;39,,,28.0,ksp,
16,24,49;51;27;33;37;39,,,28.0,ksp,
17,1,53;59;60;54;17;19;14;3,,,28.0,ksp,
17,1,53;59;62;66;74;38;35;5,,,30.0,ksp,
17,1,52;50;54;17;19;14;3,,,23.0,ksp,
17,1,53;57;46;70;73;74;38;35;5,,,29.0,ksp,
17,1,53;59;63;70;73;74;38;35;5,,,32.0,ksp,
17,1,51;27;31;9;12;14;3,,,36.0,ksp,
17,1,53;57;46;69;66;74;38;35;5,,,28.0,ksp,
17,1,51;26;23;12;14;3,,,31.0,ksp,
17,1,52;48;27;31;8;5,,,25.0,ksp,
17,1,52;48;26;23;12;14;3,,,29.0,ksp,
17,1,52;48;26;23;11;8;5,,,24.0,ksp,
17,1,53;57;44;40;31;8;5,,,28.0,ksp,
17,2,53;59;62;66;74;38;35;5;1,,,36.0,ksp,
17,2,52;48;26;23;12;14,,,23.0,ksp,
17,2,53;57;46;69;66;74;38;35;5;1,,,34.0,ksp,
17,2,52;48;27;31;8;5;1,,,31.0,ksp,
17,2,53;59;63;70;71;40;31;8;5;1,,,43.0,ksp,
17,2,53;57;44;40;31;8;5;1,,,34.0,ksp,
17,2,51;27;33;35;5;1,,,33.0,ksp,
17,2,53;59;60;54;17;19;14,,,22.0,ksp,
17,2,53;57;44;40;33;35;5;1,,,34.0,ksp,
17,2,53;57;43;26;23;12;14,,,28.0,ksp,
17,2,53;57;46;70;73;74;38;35;5;1,,,35.0,ksp,
17,3,52;50;54;17;19;14;3;2,,,27.0,ksp,
17,3,52;48;27;33;35,,,21.0,ksp,
17,3,53;59;62;66;74;38;35,,,26.0,ksp,
17,3,52;48;26;23;11;8,,,20.0,ksp,
17,3,52;47;19;14;3;2,,,24.0,ksp,
17,3,53;57;44;40;31;8,,,24.0,ksp,
17,3,53;59;63;70;73;74;38;35,,,28.0,ksp,
17,3,53;57;44;40;33;35,,,24.0,ksp,
17,3,53;57;46;70;73;74;38;35,,,25.0,ksp,
17,3,53;57;46;69;66;74;38;35,,,24.0,ksp,
17,3,53;59;60;54;17;19;14;3;2,,,32.0,ksp,
17,4,53;57;44;40;33;35;6,,,28.0,ksp,
17,4,52;48;26;23;11,,,16.0,ksp,
17,4,53;59;63;70;73;74;38;35;6,,,32.0,ksp,
17,4,52;48;27;31,,,17.0,ksp,
17,4,53;57;46;69;66;74;38;35;6,,,28.0,ksp,
17,4,53;59;60;54;17;19;14;3;2;6,,,36.0,ksp,
17,4,52;50;54;17;19;15;11,,,18.0,ksp,
17,4,53;57;43;27;31,,,22.0,ksp,
17,4,53;57;44;40;31,,,20.0,ksp,
17,4,53;59;62;66;74;38;35;6,,,30.0,ksp,
17,4,52;47;19;14;3;2;6,,,28.0,ksp,
17,5,53;57;43;26;23,,,19.0,ksp,
17,5,53;59;63;69;66;74;38;35;6;9,,,33.0,ksp,
17,5,52;50;54;17;19;15,,,16.0,ksp,
17,5,52;48;27;31;9,,,19.0,ksp,
17,5,51;27;33;35;6;9,,,29.0,ksp,
17,5,53;57;44;40;31;9,,,22.0,ksp,
17,5,53;59;60;54;17;19;15,,,21.0,ksp,
17,5,53;57;43;27;31;9,,,24.0,ksp,
17,5,52;50;54;17;21;23,,,25.0,ksp,
17,5,52;48;26;23,,,14.0,ksp,
17,5,53;57;46;70;73;74;38;35;6;9,,,31.0,ksp,
17,5,53;59;62;66;74;38;35;6;9,,,32.0,ksp,
17,6,51;26;24;19,,,23.0,ksp,
17,6,53;59;63;70;73;74;38;35;5;1;4,,,43.0,ksp,
17,6,53;57;43;26;23;12,,,23.0,ksp,
17,6,53;57;46;69;66;74;38;35;5;1;4,,,39.0,ksp,
17,6,53;59;60;54;17;19,,,17.0,ksp,
17,6,52;48;27;33;35;5;1;4,,,36.0,ksp,
17,6,53;59;62;66;74;38;35;5;1;4,,,41.0,ksp,
17,6,53;57;44;40;31;9;12,,,26.0,ksp,
17,7,52;47;20,,,10.0,ksp,
17,7,53;57;44;40;31;9;12;16;20,,,31.0,ksp,
17,7,53;59;60;54,,,12.0,ksp,
17,7,51;26;23;12;16;20,,,25.0,ksp,
17,7,53;57;43;29;47;20,,,23.0,ksp,
17,7,53;57;46;68;60;54,,,19.0,ksp,
17,7,51;29;50;54,,,17.0,ksp,
17,7,53;57;43;26;24;20,,,27.0,ksp,
17,8,53;57;46;69;66;74;38;35;5;1;4;16,,,41.0,ksp,
17,8,53;57;44;40;31;9;12;16,,,28.0,ksp,
17,8,53;57;43;26;23;12;16,,,25.0,ksp,
17,8,51;27;33;35;5;1;4;16,,,40.0,ksp,
17,8,53;57;43;29;47,,,20.0,ksp,
17,8,53;59;60;54;17,,,15.0,ksp,
17,8,51;27;31;9;12;16,,,27.0,ksp,
17,9,53;59;60;54;17;19;15;13,,,26.0,ksp,
17,9,53;57;43;26,,,14.0,ksp,
17,9,52;50;54;17;21,,,20.0,ksp,
17,9,53;57;46;69;66;74;38;35;6;9;13,,,35.0,ksp,
17,9,52;47;19;15;13,,,18.0,ksp,
17,9,53;57;44;40;31;9;13,,,27.0,ksp,
17,9,51;27;31;9;13,,,26.0,ksp,
17,9,52;47;21,,,17.0,ksp,
17,9,53;59;60;54;17;21,,,25.0,ksp,
17,10,53;59;63;70;71;40;32,,,28.0,ksp,
17,10,53;59;62;66;74;38;36;32,,,33.0,ksp,
17,10,53;59;60;54;17;19;15;13;25,,,29.0,ksp,
17,10,53;57;43,,,11.0,ksp,
17,10,53;57;44;40;32,,,19.0,ksp,
17,10,52;47;21;25,,,20.0,ksp,
17,10,52;47;19;15;13;25,,,21.0,ksp,
17,11,52;47;19;15;11;10,,,21.0,ksp,
17,11,52;50;56;63;70;71;40,,,26.0,ksp,
17,11,53;59;63;70;71;40,,,23.0,ksp,
17,11,52;50;54;17;19;14;3;2;7;36,,,37.0,ksp,
17,11,53;57;46;69;66;74;38;36,,,26.0,ksp,
17,11,53;59;62;66;74;38;36,,,28.0,ksp,
17,12,52;47;19;15;11;8;7,,,23.0,ksp,
17,12,52;48;26;23;11;8;7,,,24.0,ksp,
17,12,53;57;46;69;66;74;38,,,20.0,ksp,
17,12,52;50;54;17;19;14;3;2;7,,,31.0,ksp,
17,12,53;57;44;40;33,,,20.0,ksp,
17,12,52;50;54;17;19;15;11;8;7,,,26.0,ksp,
17,12,52;47;19;14;3;2;7,,,28.0,ksp,
17,12,53;59;62;66;74;38,,,22.0,ksp,
17,12,51;28;46;69;66;74;38,,,29.0,ksp,
17,12,52;50;56;62;66;74;38,,,25.0,ksp,
17,12,53;59;63;70;73;74;38,,,24.0,ksp,
17,12,53;59;63;70;71;40;33,,,29.0,ksp,
17,12,53;57;46;70;73;74;38,,,21.0,ksp,
17,12,53;57;44;42;73;74;38,,,23.0,ksp,
17,13,52;50;56;63;69;66;74,,,23.0,ksp,
17,13,52;50;56;63;70;73;74,,,24.0,ksp,
17,13,52;47;19;15;11;8;7;37,,,26.0,ksp,
17,13,51;28;46;69;66;74,,,26.0,ksp,
17,13,52;47;19;14;3;2;7;37,,,31.0,ksp,
17,13,52;48;28;44;40;33;37,,,30.0,ksp,
17,13,53;59;62;66;74,,,19.0,ksp,
17,13,52;48;27;33;37,,,20.0,ksp,
17,13,53;59;63;70;73;74,,,21.0,ksp,
17,13,52;50;54;17;19;15;11;8;7;37,,,29.0,ksp,
17,13,53;57;46;70;73;74,,,18.0,ksp,
17,14,52;48;28;44,,,17.0,ksp,
17,14,53;59;62;66;76;71,,,21.0,ksp,
17,14,53;59;63;70;71,,,19.0,ksp,
17,14,52;47;19;14;3;2;7;36;34,,,38.0,ksp,
17,14,52;47;19;15;11;10;34,,,25.0,ksp,
17,14,52;50;56;62;66;76;71,,,24.0,ksp,
17,14,51;26;23;11;10;34,,,28.0,ksp,
17,14,52;50;56;63;70;71,,,22.0,ksp,
17,14,52;48;27;34,,,15.0,ksp,
17,15,53;59;63;67,,,14.0,ksp,
17,15,52;47;19;15;11;8;7;37;39;76;71;41,,,41.0,ksp,
17,15,52;48;27;34;41,,,20.0,ksp,
17,15,52;50;56;62;65;67,,,20.0,ksp,
17,15,52;47;19;15;11;10;34;41,,,30.0,ksp,
17,15,53;59;62;65;67,,,17.0,ksp,
17,15,52;50;56;63;67,,,17.0,ksp,
17,15,52;48;28,,,12.0,ksp,
17,15,51;27;34;41,,,22.0,ksp,
17,16,53;59;60;55,,,13.0,ksp,
17,16,51;26;24;22,,,26.0,ksp,
17,16,53;57;43;29,,,15.0,ksp,
17,16,53;57;44;40;31;9;12;16;22,,,33.0,ksp,
17,16,51;29,,,12.0,ksp,
17,16,51;26;23;12;16;22,,,27.0,ksp,
17,18,53;59;60,,,10.0,ksp,
17,18,53;57;44;40;31;9;12;16;20;18,,,33.0,ksp,
17,18,53;57;46;69;64;60,,,20.0,ksp,
17,18,51;26;23;12;16;20;18,,,27.0,ksp,
17,18,53;57;46;68;60,,,17.0,ksp,
17,18,51;29;50,,,15.0,ksp,
17,18,52;47;20;18,,,12.0,ksp,
17,18,51;29;47;20;18,,,22.0,ksp,
17,19,52;48;27;34;41;45,,,23.0,ksp,
17,19,51;27;34;42;72;68;61,,,34.0,ksp,
17,19,52;47;20;18;56;61,,,20.0,ksp,
17,19,52;50;56;61,,,13.0,ksp,
17,19,52;48;28;45,,,15.0,ksp,
17,19,51;27;34;41;45,,,25.0,ksp,
17,20,53;57;46;68,,,13.0,ksp,
17,20,51;27;33;37;39;75;64,,,35.0,ksp,
17,20,51;27;34;42;73;75;64,,,32.0,ksp,
17,20,51;27;34;42;72;68,,,30.0,ksp,
17,20,51;28;46;69;64,,,25.0,ksp,
17,20,51;28;46;68,,,22.0,ksp,
17,20,53;57;46;69;64,,,16.0,ksp,
17,20,52;48;28;46;68,,,20.0,ksp,
17,20,51;26;23;11;8;7;37;39;75;64,,,42.0,ksp,
17,20,52;47;20;18;56,,,16.0,ksp,
17,21,52;48;27;33;37;39;75,,,27.0,ksp,
17,21,52;50;56;63;69,,,16.0,ksp,
17,21,52;48;28;46;69,,,17.0,ksp,
17,21,51;28;44;42;73;75,,,28.0,ksp,
17,21,53;59;63;69,,,13.0,ksp,
17,21,51;27;34;42;73;75,,,26.0,ksp,
17,21,53;57;44;42;73;75,,,19.0,ksp,
17,21,51;27;33;37;39;75,,,29.0,ksp,
17,21,52;47;19;15;11;8;7;37;39;75,,,33.0,ksp,
17,21,52;47;20;18;56;62,,,22.0,ksp,
17,22,52;47;19;15;11;8;7;37;39;75;65,,,35.0,ksp,
17,22,51;26;23;11;8;7;37;39;76;72,,,39.0,ksp,
17,22,52;48;28;46,,,15.0,ksp,
17,22,51;27;34;42;72,,,25.0,ksp,
17,22,52;47;20;18;56;63,,,21.0,ksp,
17,22,52;50;56;63,,,14.0,ksp,
17,22,51;28;44;42;72,,,27.0,ksp,
17,22,52;48;27;34;42;72,,,23.0,ksp,
17,22,52;50;56;62;65,,,17.0,ksp,
17,22,51;27;33;37;39;75;65,,,31.0,ksp,
17,22,53;59;62;65,,,14.0,ksp,
17,22,53;59;63,,,11.0,ksp,
17,23,52;48;28;46;70,,,19.0,ksp,
17,23,52;48;27;34;42,,,19.0,ksp,
17,23,51;26;23;11;10;33;37;39;76,,,39.0,ksp,
17,23,51;27;33;37;39;76,,,28.0,ksp,
17,23,51;27;34;42,,,21.0,ksp,
17,23,52;47;19;15;11;8;7;37;39;76,,,32.0,ksp,
17,23,52;50;56;62;66;76,,,20.0,ksp,
17,23,52;48;28;46;69;66;76,,,22.0,ksp,
17,23,52;50;56;63;70,,,18.0,ksp,
17,23,53;59;62;66;76,,,17.0,ksp,
17,23,53;59;63;70,,,15.0,ksp,
17,24,52;47;19;15;11;8;7;37;39,,,30.0,ksp,
17,24,51;28;46;69;66,,,22.0,ksp,
17,24,51;27;34;42;73,,,23.0,ksp,
17,24,52;50;56;63;70;73,,,20.0,ksp,
17,24,52;48;27;34;42;73,,,21.0,ksp,
17,24,52;50;56;63;69;66,,,19.0,ksp,
17,24,52;48;27;33;37;39,,,24.0,ksp,
17,24,52;48;26;23;11;8;7;37;39,,,31.0,ksp,
17,24,51;27;33;37;39,,,26.0,ksp,
17,24,52;47;19;14;3;2;7;37;39,,,35.0,ksp,
17,24,53;59;63;69;66,,,16.0,ksp,
18,1,56;63;67;43;26;23;12;14;3,,,41.0,ksp,
18,1,56;63;70;71;40;31;8;5,,,35.0,ksp,
18,1,54;17;19;15;11;8;5,,,21.0,ksp,
18,1,56;61;57;44;40;33;35;5,,,34.0,ksp,
18,1,56;62;66;74;38;35;5,,,28.0,ksp,
18,1,55;48;27;31;8;5,,,26.0,ksp,
18,1,56;63;70;73;74;38;35;5,,,30.0,ksp,
18,1,55;49;51;26;23;12;14;3,,,36.0,ksp,
18,1,55;48;26;23;11;8;5,,,25.0,ksp,
18,1,55;48;27;33;35;5,,,26.0,ksp,
18,4,56;61;57;43;27;31,,,28.0,ksp,
18,4,55;48;27;31,,,18.0,ksp,
18,4,56;61;57;44;40;31,,,26.0,ksp,
18,4,56;63;70;73;74;38;35;6,,,30.0,ksp,
18,4,55;49;51;26;23;11,,,23.0,ksp,
18,4,55;48;26;23;11,,,17.0,ksp,
18,4,55;47;19;15;11,,,16.0,ksp,
18,4,56;63;70;71;40;31,,,27.0,ksp,
18,4,55;48;27;33;35;6,,,26.0,ksp,
18,4,56;63;67;44;40;31,,,27.0,ksp,
18,4,54;17;19;14;3;2;6,,,26.0,ksp,
18,6,55;48;26;23;12,,,19.0,ksp,
18,6,55;48;27;31;9;12,,,24.0,ksp,
18,6,56;63;70;71;40;31;9;12,,,33.0,ksp,
18,6,56;61;58;51;27;33;35;5;1;4,,,48.0,ksp,
18,6,56;61;57;44;40;31;8;5;1;4,,,45.0,ksp,
18,6,56;61;57;44;40;31;9;12,,,32.0,ksp,
18,6,56;63;67;43;26;23;12,,,30.0,ksp,
18,6,56;63;70;73;74;38;35;5;1;4,,,41.0,ksp,
18,6,56;62;66;74;38;35;5;1;4,,,39.0,ksp,
18,6,55;49;51;27;31;9;12,,,30.0,ksp,
18,7,56;61;58;52;47;20,,,20.0,ksp,
18,7,56;61;57;44;40;31;9;12;16;20,,,37.0,ksp,
18,7,56;62;66;74;38;35;6;9;12;16;20,,,39.0,ksp,
18,7,55;47;20,,,11.0,ksp,
18,7,56;61;58;51;26;24;20,,,34.0,ksp,
18,7,55;48;26;24;20,,,23.0,ksp,
18,7,56;63;67;43;26;23;12;16;20,,,35.0,ksp,
18,8,56;63;67;43;26;23;12;16,,,32.0,ksp,
18,8,56;63;70;71;40;31;9;12;16,,,35.0,ksp,
18,8,56;61;58;51;26;24,,,31.0,ksp,
18,8,56;61;58;52;47,,,17.0,ksp,
18,8,56;61;57;44;40;31;9;12;16,,,34.0,ksp,
18,8,55;48;26;24,,,20.0,ksp,
18,8,56;62;66;74;38;35;6;9;12;16,,,36.0,ksp,
18,8,56;62;66;74;38;35;5;1;4;16,,,41.0,ksp,
18,9,56;61;58;51;26,,,21.0,ksp,
18,9,56;63;67;44;40;31;9;13,,,34.0,ksp,
18,9,56;63;70;71;40;31;9;13,,,34.0,ksp,
18,9,55;49;51;26,,,16.0,ksp,
18,9,56;62;66;74;38;35;6;9;13,,,35.0,ksp,
18,9,55;47;19;15;13,,,19.0,ksp,
18,9,54;17;19;15;13,,,16.0,ksp,
18,10,56;63;70;71;40;32,,,26.0,ksp,
18,10,54;17;19;15;11;10;32,,,24.0,ksp,
18,10,56;61;58;51,,,18.0,ksp,
18,10,56;62;66;74;38;36;32,,,31.0,ksp,
18,10,56;62;66;76;71;40;32,,,28.0,ksp,
18,10,54;17;22;48,,,14.0,ksp,
18,10,54;17;19;15;13;25,,,19.0,ksp,
18,11,55;47;19;14;3;2;7;36,,,35.0,ksp,
18,11,54;17;21;25;27,,,23.0,ksp,
18,11,54;17;19;14;3;2;7;36,,,32.0,ksp,
18,11,56;62;66;74;38;36,,,26.0,ksp,
18,12,55;49;53;57;44;40;33,,,25.0,ksp,
18,12,55;49;51;27;33,,,24.0,ksp,
18,12,55;48;26;23;11;8;7,,,25.0,ksp,
18,12,55;49;53;57;46;70;73;74;38,,,26.0,ksp,
18,12,56;63;70;73;74;38,,,22.0,ksp,
18,12,56;61;57;44;40;33,,,26.0,ksp,
18,12,56;63;69;66;74;38,,,21.0,ksp,
18,12,56;63;70;71;40;33,,,27.0,ksp,
18,13,55;49;53;57;46;69;66;74,,,22.0,ksp,
18,13,54;17;21;25;28;44;42;73;74,,,39.0,ksp,
18,13,55;47;19;14;3;2;7;37,,,32.0,ksp,
18,13,55;49;51;26;23;11;8;7;37,,,34.0,ksp,
18,13,56;61;57;44;40;33;37,,,29.0,ksp,
18,13,54;17;22;48;28;46;69;66;74,,,32.0,ksp,
18,13,55;48;27;33;37,,,21.0,ksp,
18,13,54;17;21;23;11;10;33;37,,,37.0,ksp,
18,13,55;49;53;57;44;42;73;74,,,25.0,ksp,
18,14,55;48;27;34,,,16.0,ksp,
18,14,54;17;19;15;11;10;34,,,23.0,ksp,
18,14,54;17;22;48;28;44,,,25.0,ksp,
18,14,55;48;28;44,,,18.0,ksp,
18,14,54;17;19;14;3;2;7;36;34,,,36.0,ksp,
18,14,54;17;19;15;11;8;7;37;39;76;71,,,34.0,ksp,
18,14,55;49;51;27;34,,,22.0,ksp,
18,14,54;17;21;25;27;34,,,27.0,ksp,
18,15,55;48;28,,,13.0,ksp,
18,15,54;17;21;25;28,,,24.0,ksp,
18,15,54;17;22;49;53;57,,,17.0,ksp,
18,15,55;48;27;34;41,,,21.0,ksp,
18,15,54;17;19;15;11;10;34;41,,,28.0,ksp,
18,15,54;17;22;48;28,,,20.0,ksp,
18,15,54;17;19;14;3;2;7;37;39;76;71;41,,,44.0,ksp,
18,16,56;61;58;52,,,12.0,ksp,
18,16,54;17;22,,,10.0,ksp,
18,16,54;17;19;15;13;25;29,,,23.0,ksp,
18,16,56;62;65;67;45;58;52,,,22.0,ksp,
18,16,54;17;21;25;29,,,22.0,ksp,
18,16,56;63;67;43;29,,,22.0,ksp,
18,17,54;17;22;48;30,,,22.0,ksp,
18,17,56;63;67;45;58,,,17.0,ksp,
18,17,54;17;22;49,,,12.0,ksp,
18,17,54;17;19;15;11;10;34;41;45;58,,,33.0,ksp,
18,17,55;48;30,,,15.0,ksp,
18,17,56;62;65;67;45;58,,,20.0,ksp,
18,17,54;17;19;15;13;25;30,,,27.0,ksp,
18,19,54;17;19;15;13;25;30;53,,,29.0,ksp,
18,19,55;48;28;45,,,16.0,ksp,
18,19,54;17;22;49;53,,,14.0,ksp,
18,19,54;17;21;25;30;53,,,28.0,ksp,
18,19,54;17;22;48;28;45,,,23.0,ksp,
18,19,54;17;19;15;11;10;34;41;45,,,31.0,ksp,
18,20,54;17;21;25;27;34;42;72;68,,,40.0,ksp,
18,20,54;17;19;15;11;8;7;37;39;75;64,,,37.0,ksp,
18,20,55;48;27;34;42;73;75;64,,,31.0,ksp,
18,20,54;17;22;49;53;59,,,18.0,ksp,
18,20,54;17;19;14;3;2;7;37;39;75;64,,,42.0,ksp,
18,20,54;17;19;15;11;10;34;42;72;68,,,36.0,ksp,
18,20,55;49;53;59,,,11.0,ksp,
18,20,55;48;28;46;68,,,21.0,ksp,
18,20,54;17;21;25;28;46;69;64,,,35.0,ksp,
18,21,54;17;21;25;27;33;37;39;75,,,39.0,ksp,
18,21,54;17;22;49;53;57;44;42;73;75,,,31.0,ksp,
18,21,55;48;28;46;69,,,18.0,ksp,
18,21,54;17;19;15;11;10;34;42;73;75,,,32.0,ksp,
18,21,54;17;19;14;3;2;7;37;39;75,,,36.0,ksp,
18,21,55;48;27;34;42;73;75,,,25.0,ksp,
18,21,55;49;53;57;46;69,,,15.0,ksp,
18,21,54;17;19;15;11;8;7;37;39;75,,,31.0,ksp,
18,21,54;17;21;25;27;34;42;73;75,,,36.0,ksp,
18,21,55;49;53;59;63;69,,,18.0,ksp,
18,22,54;17;21;25;27;34;42;72,,,35.0,ksp,
18,22,54;17;19;14;3;2;7;37;39;76;72,,,39.0,ksp,
18,22,54;17;22;48;27;34;42;72,,,31.0,ksp,
18,22,54;17;19;15;11;10;34;42;72,,,31.0,ksp,
18,22,55;48;27;34;42;72,,,24.0,ksp,
18,22,55;49;53;57;46,,,13.0,ksp,
18,22,54;17;19;15;11;8;7;37;39;75;65,,,33.0,ksp,
18,22,54;17;21;25;28;46,,,27.0,ksp,
18,22,55;48;28;46,,,16.0,ksp,
18,22,55;49;53;59;63,,,16.0,ksp,
18,23,55;49;53;57;44;42,,,19.0,ksp,
18,23,54;17;19;15;11;10;34;42,,,27.0,ksp,
18,23,54;17;19;14;3;2;7;37;39;76,,,35.0,ksp,
18,23,56;62;65;70,,,16.0,ksp,
18,23,54;17;19;15;11;8;7;37;39;76,,,30.0,ksp,
18,23,55;49;53;57;46;70,,,17.0,ksp,
18,23,54;17;21;25;28;44;42,,,33.0,ksp,
18,23,55;48;28;44;42,,,22.0,ksp,
18,23,54;17;21;25;28;46;70,,,31.0,ksp,
18,23,55;49;53;57;46;69;66;76,,,20.0,ksp,
18,23,54;17;22;48;28;46;70,,,27.0,ksp,
18,23,55;48;27;33;37;39;76,,,27.0,ksp,
18,23,55;48;27;34;42,,,20.0,ksp,
19,1,57;46;69;66;74;38;35;5,,,26.0,ksp,
19,1,59;62;66;74;38;35;5,,,28.0,ksp,
19,1,57;46;70;73;74;38;35;5,,,27.0,ksp,
19,1,58;51;26;23;12;14;3,,,33.0,ksp,
19,1,58;51;26;23;11;8;5,,,28.0,ksp,
19,1,58;51;27;31;8;5,,,29.0,ksp,
19,1,58;52;48;26;23;12;14;3,,,31.0,ksp,
19,1,59;63;70;71;40;31;8;5,,,35.0,ksp,
19,1,58;52;48;26;23;11;8;5,,,26.0,ksp,
19,1,59;60;54;17;19;14;3,,,26.0,ksp,
19,1,57;43;26;23;12;14;3,,,32.0,ksp,
19,2,59;63;70;71;40;33;35;5;1,,,41.0,ksp,
19,2,58;51;27;31;8;5;1,,,35.0,ksp,
19,2,58;51;27;31;9;12;14,,,32.0,ksp,
19,2,59;62;66;74;38;35;5;1,,,34.0,ksp,
19,2,57;43;26;23;12;14,,,26.0,ksp,
19,2,58;52;48;26;23;12;14,,,25.0,ksp,
19,2,57;46;69;66;74;38;35;5;1,,,32.0,ksp,
19,2,57;46;70;73;74;38;35;5;1,,,33.0,ksp,
19,2,59;63;70;73;74;38;35;5;1,,,36.0,ksp,
19,4,58;51;27;31,,,21.0,ksp,
19,4,58;52;48;27;31,,,19.0,ksp,
19,4,58;52;48;26;23;11,,,18.0,ksp,
19,4,58;51;26;23;11,,,20.0,ksp,
19,4,59;60;54;17;19;14;3;2;6,,,34.0,ksp,
19,4,59;63;70;71;40;31,,,27.0,ksp,
19,4,57;46;69;66;74;38;35;6,,,26.0,ksp,
19,4,57;44;40;33;35;6,,,26.0,ksp,
19,4,58;52;47;19;14;3;2;6,,,30.0,ksp,
19,4,59;62;66;74;38;35;6,,,28.0,ksp,
19,4,59;63;70;73;74;38;35;6,,,30.0,ksp,
19,4,59;60;54;17;19;15;11,,,21.0,ksp,
19,5,59;62;66;74;38;35;6;9,,,30.0,ksp,
19,5,58;52;48;27;31;9,,,21.0,ksp,
19,5,59;63;70;71;40;31;9,,,29.0,ksp,
19,5,59;60;54;17;19;15,,,19.0,ksp,
19,5,57;46;70;73;74;38;35;6;9,,,29.0,ksp,
19,5,58;52;48;26;23,,,16.0,ksp,
19,5,57;44;40;33;35;6;9,,,28.0,ksp,
19,5,58;52;47;21;23,,,24.0,ksp,
19,5,58;51;27;31;9,,,23.0,ksp,
19,5,57;46;69;66;74;38;35;6;9,,,28.0,ksp,
19,5,58;51;26;23,,,18.0,ksp,
19,6,57;44;40;31;9;12,,,24.0,ksp,
19,6,58;51;26;23;12,,,22.0,ksp,
19,6,58;51;27;31;9;12,,,27.0,ksp,
19,6,58;52;50;54;17;19,,,14.0,ksp,
19,6,57;43;26;24;19,,,24.0,ksp,
19,6,59;63;70;73;74;38;35;5;1;4,,,41.0,ksp,
19,6,59;62;66;74;38;35;5;1;4,,,39.0,ksp,
19,6,57;44;40;33;35;5;1;4,,,37.0,ksp,
19,6,58;52;48;26;23;12,,,20.0,ksp,
19,6,57;46;69;66;74;38;35;5;1;4,,,37.0,ksp,
19,7,58;51;26;24;20,,,26.0,ksp,
19,7,57;43;26;24;20,,,25.0,ksp,
19,7,58;52;47;20,,,12.0,ksp,
19,7,57;43;26;23;12;16;20,,,26.0,ksp,
19,7,57;43;29;50;54,,,18.0,ksp,
19,7,57;44;40;31;9;12;16;20,,,29.0,ksp,
19,7,58;51;29;47;20,,,22.0,ksp,
19,7,57;44;40;32;26;24;20,,,33.0,ksp,
19,7,57;43;29;47;20,,,21.0,ksp,
19,7,57;46;69;66;74;38;35;5;1;4;16;20,,,42.0,ksp,
19,8,57;46;69;66;74;38;35;5;1;4;16,,,39.0,ksp,
19,8,57;43;29;47,,,18.0,ksp,
19,8,59;62;66;74;38;35;6;9;12;16,,,36.0,ksp,
19,8,58;52;50;54;17,,,12.0,ksp,
19,8,57;44;40;31;9;12;16,,,26.0,ksp,
19,8,58;51;26;24,,,23.0,ksp,
19,8,57;43;26;23;12;16,,,23.0,ksp,
19,8,59;63;70;73;74;38;35;5;1;4;16,,,43.0,ksp,
19,9,58;52;47;21,,,19.0,ksp,
19,9,59;62;66;74;38;35;6;9;13,,,35.0,ksp,
19,9,59;63;70;73;74;38;35;6;9;13,,,37.0,ksp,
19,9,58;51;26,,,13.0,ksp,
19,9,59;60;54;17;19;15;13,,,24.0,ksp,
19,9,59;60;55;47;21,,,26.0,ksp,
19,9,58;52;47;19;15;13,,,20.0,ksp,
19,9,59;60;54;17;21,,,23.0,ksp,
19,9,57;44;40;31;9;13,,,25.0,ksp,
19,10,57;44;40;32,,,17.0,ksp,
19,10,58;52;47;21;25,,,22.0,ksp,
19,10,59;63;70;71;40;32,,,26.0,ksp,
19,10,59;62;66;74;38;35;6;9;13;25,,,38.0,ksp,
19,10,59;60;54;17;21;25,,,26.0,ksp,
19,10,59;60;54;17;19;15;13;25,,,27.0,ksp,
19,10,59;60;55;48,,,15.0,ksp,
19,10,59;62;66;74;38;36;32,,,31.0,ksp,
19,10,58;51,,,10.0,ksp,
19,11,58;51;27,,,15.0,ksp,
19,11,58;52;48;26;23;11;10,,,24.0,ksp,
19,11,58;52;47;19;15;11;10,,,23.0,ksp,
19,11,59;62;66;74;38;36,,,26.0,ksp,
19,11,59;60;54;17;19;15;11;10,,,27.0,ksp,
19,11,59;63;70;71;40,,,21.0,ksp,
19,11,57;46;69;66;74;38;36,,,24.0,ksp,
19,11,58;52;48;27,,,13.0,ksp,
19,11,59;63;70;73;74;38;36,,,28.0,ksp,
19,11,59;60;54;17;19;14;3;2;7;36,,,40.0,ksp,
19,11,59;62;66;76;71;40,,,23.0,ksp,
19,12,58;52;48;27;31;8;7,,,27.0,ksp,
19,12,59;62;66;74;38,,,20.0,ksp,
19,12,59;63;69;66;74;38,,,21.0,ksp,
19,12,59;60;54;17;19;14;3;2;7,,,34.0,ksp,
19,12,59;63;70;73;74;38,,,22.0,ksp,
19,12,58;52;47;19;14;3;2;7,,,30.0,ksp,
19,12,58;51;27;33,,,21.0,ksp,
19,12,58;52;48;27;33,,,19.0,ksp,
19,12,58;51;26;23;11;8;7,,,28.0,ksp,
19,12,59;60;54;17;19;15;11;8;7,,,29.0,ksp,
19,12,58;52;47;19;15;11;8;7,,,25.0,ksp,
19,13,58;52;48;27;33;37,,,22.0,ksp,
19,13,59;63;70;73;74,,,19.0,ksp,
19,13,59;60;54;17;19;14;3;2;7;37,,,37.0,ksp,
19,13,58;52;47;19;15;11;8;7;37,,,28.0,ksp,
19,13,59;63;69;66;74,,,18.0,ksp,
19,13,58;52;47;19;14;3;2;7;37,,,33.0,ksp,
19,13,58;51;27;33;37,,,24.0,ksp,
19,13,58;52;48;26;23;11;8;7;37,,,29.0,ksp,
19,14,58;51;27;34,,,19.0,ksp,
19,14,58;52;48;27;34,,,17.0,ksp,
19,14,58;51;28;44,,,21.0,ksp,
19,14,58;52;47;19;15;11;10;34,,,27.0,ksp,
19,14,58;52;48;28;44,,,19.0,ksp,
19,14,59;62;66;76;71,,,19.0,ksp,
19,14,57;46;69;66;74;38;36;34,,,28.0,ksp,
19,14,57;46;70;71,,,14.0,ksp,
19,15,58;52;48;28,,,14.0,ksp,
19,15,59;63;67,,,12.0,ksp,
19,15,59;62;66;76;71;41,,,24.0,ksp,
19,15,58;51;27;34;41,,,24.0,ksp,
19,15,59;62;65;67,,,15.0,ksp,
19,15,58;52;47;19;15;11;10;34;41,,,32.0,ksp,
19,15,58;51;28,,,16.0,ksp,
19,16,57;43;29,,,13.0,ksp,
19,16,57;44;40;32;29,,,21.0,ksp,
19,16,57;46;69;66;74;38;35;6;9;12;16;22,,,39.0,ksp,
19,16,59;60;54;17;22,,,18.0,ksp,
19,16,57;43;26;24;22,,,27.0,ksp,
19,16,58;51;29,,,14.0,ksp,
19,16,57;44;40;31;9;12;16;22,,,31.0,ksp,
19,17,57;44;40;32;29;49,,,23.0,ksp,
19,17,57;43;29;49,,,15.0,ksp,
19,17,59;60;55;49,,,13.0,ksp,
19,17,57;44;40;32;30,,,25.0,ksp,
19,17,59;63;70;71;40;32;30,,,34.0,ksp,
19,17,59;60;54;17;22;49,,,20.0,ksp,
19,18,58;51;26;24;20;18,,,28.0,ksp,
19,18,57;44;40;31;9;12;16;20;18,,,31.0,ksp,
19,18,57;43;29;50,,,16.0,ksp,
19,18,58;51;26;23;12;16;20;18,,,29.0,ksp,
19,18,58;52;47;20;18,,,14.0,ksp,
19,18,57;43;29;47;20;18,,,23.0,ksp,
19,20,57;44;42;73;75;64,,,23.0,ksp,
19,20,58;52;50;56,,,11.0,ksp,
19,20,58;51;27;34;42;72;69;64,,,35.0,ksp,
19,20,58;52;47;20;18;56,,,18.0,ksp,
19,21,58;52;50;56;63;69,,,18.0,ksp,
19,21,58;52;47;19;15;11;8;7;37;39;75,,,35.0,ksp,
19,21,58;52;50;56;62,,,17.0,ksp,
19,21,59;63;69,,,11.0,ksp,
19,21,58;51;28;44;42;73;75,,,30.0,ksp,
19,21,58;52;48;27;34;42;73;75,,,26.0,ksp,
19,21,59;63;70;73;75,,,18.0,ksp,
19,21,58;51;27;33;37;39;75,,,31.0,ksp,
19,21,57;44;42;73;75,,,17.0,ksp,
19,22,58;52;50;56;63,,,16.0,ksp,
19,22,59;62;65,,,12.0,ksp,
19,22,58;51;28;44;42;72,,,29.0,ksp,
19,22,57;44;42;72,,,16.0,ksp,
19,22,58;52;47;19;15;11;8;7;37;39;76;72,,,38.0,ksp,
19,22,58;52;50;56;62;65,,,19.0,ksp,
19,22,58;51;27;33;37;39;75;65,,,33.0,ksp,
19,22,58;52;48;27;34;42;72,,,25.0,ksp,
19,23,59;63;69;66;76,,,16.0,ksp,
19,23,58;51;27;34;42,,,23.0,ksp,
19,23,58;52;47;19;15;11;10;34;42,,,31.0,ksp,
19,23,58;51;26;23;11;8;7;37;39;76,,,37.0,ksp,
19,23,58;52;48;27;34;42,,,21.0,ksp,
19,23,58;52;50;56;63;70,,,20.0,ksp,
19,23,58;52;47;19;15;11;8;7;37;39;76,,,34.0,ksp,
19,23,59;62;66;76,,,15.0,ksp,
19,23,58;51;28;44;42,,,25.0,ksp,
19,23,58;52;48;27;33;37;39;76,,,28.0,ksp,
19,24,58;52;48;28;46;70;73,,,23.0,ksp,
19,24,59;63;69;66,,,14.0,ksp,
19,24,58;51;27;34;42;73,,,25.0,ksp,
19,24,58;51;27;33;37;39,,,28.0,ksp,
19,24,58;52;47;19;15;11;8;7;37;39,,,32.0,ksp,
19,24,58;52;47;19;14;3;2;7;37;39,,,37.0,ksp,
19,24,58;51;26;23;11;8;7;37;39,,,35.0,ksp,
19,24,58;52;48;27;33;37;39,,,26.0,ksp,
19,24,58;52;50;56;63;70;73,,,22.0,ksp,
20,1,61;58;51;26;23;11;8;5,,,32.0,ksp,
20,1,63;70;73;74;38;35;5,,,26.0,ksp,
20,1,60;55;48;26;23;11;8;5,,,29.0,ksp,
20,1,63;67;43;27;31;8;5,,,33.0,ksp,
20,1,61;57;44;40;31;8;5,,,30.0,ksp,
20,1,63;70;71;40;33;35;5,,,31.0,ksp,
20,1,61;58;52;47;19;14;3,,,26.0,ksp,
20,1,63;67;43;26;23;12;14;3,,,37.0,ksp,
20,1,60;55;47;19;14;3,,,25.0,ksp,
20,1,61;58;52;48;26;23;12;14;3,,,35.0,ksp,
20,1,63;67;44;40;31;8;5,,,31.0,ksp,
20,1,62;65;70;71;40;33;35;5,,,34.0,ksp,
20,1,60;55;48;26;23;12;14;3,,,34.0,ksp,
20,2,63;70;73;74;38;35;5;1,,,32.0,ksp,
20,2,61;58;52;47;19;14,,,20.0,ksp,
20,2,62;65;70;71;40;31;8;5;1,,,40.0,ksp,
20,2,61;58;51;27;31;8;5;1,,,39.0,ksp,
20,2,61;58;52;48;26;23;12;14,,,29.0,ksp,
20,2,60;55;48;27;33;35;5;1,,,36.0,ksp,
20,2,63;70;71;40;31;8;5;1,,,37.0,ksp,
20,2,61;57;44;40;31;8;5;1,,,36.0,ksp,
20,2,63;67;43;26;23;12;14,,,31.0,ksp,
20,2,61;57;43;26;23;12;14,,,30.0,ksp,
20,2,63;67;44;40;31;8;5;1,,,37.0,ksp,
20,2,62;66;74;38;35;5;1,,,30.0,ksp,
20,4,61;58;52;47;19;15;11,,,21.0,ksp,
20,4,63;67;43;27;31,,,25.0,ksp,
20,4,63;70;71;40;31,,,23.0,ksp,
20,4,62;65;70;71;40;31,,,26.0,ksp,
20,4,61;57;44;40;31,,,22.0,ksp,
20,4,60;55;48;27;31,,,22.0,ksp,
20,4,63;67;44;40;31,,,23.0,ksp,
20,4,60;54;17;19;14;3;2;6,,,30.0,ksp,
20,4,62;66;76;71;40;31,,,25.0,ksp,
20,4,63;70;73;74;38;35;6,,,26.0,ksp,
20,4,60;55;48;26;23;11,,,21.0,ksp,
20,4,63;67;43;27;33;35;6,,,33.0,ksp,
20,4,61;58;51;26;23;11,,,24.0,ksp,
20,5,60;55;48;26;23,,,19.0,ksp,
20,5,61;58;52;48;27;31;9,,,25.0,ksp,
20,5,63;70;71;40;31;9,,,25.0,ksp,
20,5,63;67;43;26;23,,,22.0,ksp,
20,5,61;58;52;47;21;23,,,28.0,ksp,
20,5,61;58;51;26;23,,,22.0,ksp,
20,5,61;58;52;47;19;15,,,19.0,ksp,
20,5,62;65;67;44;40;31;9,,,28.0,ksp,
20,5,61;58;52;48;26;23,,,20.0,ksp,
20,5,60;55;47;19;15,,,18.0,ksp,
20,5,63;67;44;40;31;9,,,25.0,ksp,
20,6,62;65;67;44;40;33;35;5;1;4,,,45.0,ksp,
20,6,63;70;71;40;31;8;5;1;4,,,42.0,ksp,
20,6,63;69;66;74;38;35;5;1;4,,,36.0,ksp,
20,6,62;66;74;38;35;6;9;12,,,30.0,ksp,
20,6,61;58;52;48;27;31;9;12,,,29.0,ksp,
20,6,63;67;44;40;31;9;12,,,29.0,ksp,
20,6,63;67;43;26;23;12,,,26.0,ksp,
20,6,61;58;51;26;23;12,,,26.0,ksp,
20,6,63;70;71;40;31;9;12,,,29.0,ksp,
20,6,62;66;74;38;35;5;1;4,,,35.0,ksp,
20,6,62;65;67;43;26;23;12,,,29.0,ksp,
20,6,63;70;73;74;38;35;5;1;4,,,37.0,ksp,
20,6,61;58;52;47;19,,,15.0,ksp,
20,7,62;66;74;38;35;5;1;4;16;20,,,40.0,ksp,
20,7,63;70;71;40;32;29;50;54,,,31.0,ksp,
20,7,61;58;52;50;54,,,13.0,ksp,
20,7,63;70;71;40;31;9;12;16;20,,,34.0,ksp,
20,7,63;67;43;26;24;20,,,30.0,ksp,
20,7,62;65;67;43;26;24;20,,,33.0,ksp,
20,7,62;66;76;71;40;31;9;12;16;20,,,36.0,ksp,
20,7,63;67;43;29;50;54,,,23.0,ksp,
20,7,61;58;52;47;20,,,16.0,ksp,
20,7,62;66;74;38;35;6;9;12;16;20,,,35.0,ksp,
20,7,62;66;74;38;36;32;29;50;54,,,36.0,ksp,
20,7,61;58;51;26;24;20,,,30.0,ksp,
20,8,61;58;52;47,,,13.0,ksp,
20,8,63;67;43;26;24,,,27.0,ksp,
20,8,63;67;44;40;31;9;12;16,,,31.0,ksp,
20,8,62;66;76;71;40;31;9;12;16,,,33.0,ksp,
20,8,63;70;71;40;31;9;12;16,,,31.0,ksp,
20,8,61;57;43;26;24,,,26.0,ksp,
20,8,62;66;74;38;35;5;1;4;16,,,37.0,ksp,
20,8,62;65;70;71;40;32;26;24,,,38.0,ksp,
20,8,63;67;43;26;23;12;16,,,28.0,ksp,
20,8,62;66;74;38;35;6;9;12;16,,,32.0,ksp,
20,9,63;67;44;40;32;26,,,25.0,ksp,
20,9,60;55;47;19;15;13,,,23.0,ksp,
20,9,62;66;74;38;35;6;9;13,,,31.0,ksp,
20,9,61;58;51;26,,,17.0,ksp,
20,9,61;58;52;47;21,,,23.0,ksp,
20,9,61;58;52;48;26,,,15.0,ksp,
20,9,63;67;44;40;31;9;13,,,30.0,ksp,
20,9,63;70;71;40;31;9;13,,,30.0,ksp,
20,9,60;54;17;19;15;13,,,20.0,ksp,
20,9,62;66;76;71;40;32;26,,,27.0,ksp,
20,9,62;65;70;71;40;31;9;13,,,33.0,ksp,
20,10,62;66;74;38;36;32,,,27.0,ksp,
20,10,60;54;17;19;15;13;25,,,23.0,ksp,
20,10,62;66;74;38;35;6;9;13;25,,,34.0,ksp,
20,10,62;66;76;71;40;32,,,24.0,ksp,
20,10,61;58;51,,,14.0,ksp,
20,10,61;58;52;48,,,12.0,ksp,
20,10,63;70;71;40;32,,,22.0,ksp,
20,10,60;54;17;21;25,,,22.0,ksp,
20,11,62;65;67;44;40,,,20.0,ksp,
20,11,63;69;66;74;38;36,,,23.0,ksp,
20,11,60;54;17;19;15;11;10,,,23.0,ksp,
20,11,60;55;47;19;14;3;2;7;36,,,39.0,ksp,
20,11,61;58;51;26;23;11;10,,,30.0,ksp,
20,11,63;67;43;26;23;11;10,,,30.0,ksp,
20,11,63;70;73;74;38;36,,,24.0,ksp,
20,11,62;66;74;38;36,,,22.0,ksp,
20,11,61;58;52;48;27,,,17.0,ksp,
20,11,61;58;51;27,,,19.0,ksp,
20,12,60;55;47;19;14;3;2;7,,,33.0,ksp,
20,12,61;57;43;26;23;11;8;7,,,31.0,ksp,
20,12,61;58;52;48;27;33,,,23.0,ksp,
20,12,63;67;43;27;33,,,25.0,ksp,
20,12,61;58;51;26;23;11;8;7,,,32.0,ksp,
20,12,63;70;71;40;33,,,23.0,ksp,
20,12,62;65;70;71;40;33,,,26.0,ksp,
20,12,61;57;44;40;31;8;7,,,30.0,ksp,
20,12,60;55;48;27;33,,,22.0,ksp,
20,12,62;65;70;73;74;38,,,21.0,ksp,
20,13,60;55;48;27;33;37,,,25.0,ksp,
20,13,61;58;51;26;23;11;8;7;37,,,35.0,ksp,
20,13,61;57;43;27;33;37,,,27.0,ksp,
20,13,61;57;44;40;33;37,,,25.0,ksp,
20,13,61;58;52;48;27;33;37,,,26.0,ksp,
20,13,60;55;47;19;14;3;2;7;37,,,36.0,ksp,
20,13,63;67;44;42;73;74,,,23.0,ksp,
20,13,61;58;51;27;33;37,,,28.0,ksp,
20,13,60;55;48;26;23;11;8;7;37,,,32.0,ksp,
20,13,60;54;17;19;14;3;2;7;37,,,33.0,ksp,
20,14,61;58;51;27;34,,,23.0,ksp,
20,14,60;55;48;27;34,,,20.0,ksp,
20,14,60;54;17;19;15;11;10;34,,,27.0,ksp,
20,14,63;69;66;74;38;36;34,,,27.0,ksp,
20,15,62;66;76;71;41,,,20.0,ksp,
20,15,60;55;48;28,,,17.0,ksp,
20,15,62;65;70;71;41,,,21.0,ksp,
20,15,63;70;71;41,,,18.0,ksp,
20,15,61;58;51;28,,,20.0,ksp,
20,15,60;55;49;53;57,,,14.0,ksp,
20,15,60;54;17;19;15;11;10;34;41,,,32.0,ksp,
20,15,60;54;17;21;25;28,,,28.0,ksp,
20,16,62;66;74;38;35;6;9;12;16;22,,,37.0,ksp,
20,16,62;65;70;71;40;32;29,,,29.0,ksp,
20,16,63;67;43;29,,,18.0,ksp,
20,16,62;65;67;45;58;52,,,18.0,ksp,
20,16,63;70;71;40;32;29,,,26.0,ksp,
20,16,61;58;52,,,8.0,ksp,
20,16,62;66;76;71;40;32;29,,,28.0,ksp,
20,16,60;54;17;22,,,14.0,ksp,
20,17,63;67;43;30,,,22.0,ksp,
20,17,63;67;43;29;49,,,20.0,ksp,
20,17,63;70;71;40;32;30,,,30.0,ksp,
20,17,62;66;76;71;40;32;30,,,32.0,ksp,
20,17,60;54;17;22;49,,,16.0,ksp,
20,17,62;66;74;38;36;32;30,,,35.0,ksp,
20,17,62;66;74;38;35;6;9;13;25;30,,,42.0,ksp,
20,17,62;65;67;45;58,,,16.0,ksp,
20,17,63;67;45;58,,,13.0,ksp,
20,18,63;70;71;40;32;26;24;20;18,,,40.0,ksp,
20,18,62;66;74;38;35;5;1;4;16;20;18,,,42.0,ksp,
20,18,63;70;71;40;31;9;12;16;20;18,,,36.0,ksp,
20,18,61;58;52;50,,,11.0,ksp,
20,18,62;66;76;71;40;32;29;50,,,31.0,ksp,
20,18,62;65;67;43;26;24;20;18,,,35.0,ksp,
20,18,61;58;52;47;20;18,,,18.0,ksp,
20,18,62;66;74;38;35;6;9;12;16;20;18,,,37.0,ksp,
20,18,63;67;43;29;50,,,21.0,ksp,
20,19,60;54;17;22;49;53,,,18.0,ksp,
20,19,62;66;76;71;41;45,,,23.0,ksp,
20,19,62;65;70;71;40;32;30;53,,,35.0,ksp,
20,19,60;55;49;53,,,11.0,ksp,
20,21,60;55;48;27;33;37;39;75,,,32.0,ksp,
20,21,60;54;17;19;15;11;8;7;37;39;75,,,35.0,ksp,
20,21,61;57;44;42;73;75,,,21.0,ksp,
20,21,61;57;46;70;73;75,,,19.0,ksp,
20,21,60;55;48;27;34;42;73;75,,,29.0,ksp,
20,21,60;55;48;28;44;42;73;75,,,31.0,ksp,
20,21,61;57;46;69,,,12.0,ksp,
20,22,60;54;17;19;15;11;8;7;37;39;75;65,,,37.0,ksp,
20,22,62;66;76;72,,,15.0,ksp,
20,22,60;54;17;19;15;11;10;34;42;72,,,35.0,ksp,
20,22,61;57;44;42;72,,,20.0,ksp,
20,22,60;55;48;28;46,,,20.0,ksp,
20,22,61;57;46,,,10.0,ksp,
20,22,60;55;48;27;34;42;72,,,28.0,ksp,
20,23,60;55;48;27;34;42,,,24.0,ksp,
20,23,61;58;51;27;33;37;39;76,,,34.0,ksp,
20,23,62;65;70,,,12.0,ksp,
20,23,60;54;17;19;15;11;10;34;42,,,31.0,ksp,
20,23,61;57;44;42,,,16.0,ksp,
20,23,63;69;66;76,,,12.0,ksp,
20,23,61;57;46;70,,,14.0,ksp,
20,23,60;54;17;19;15;11;8;7;37;39;76,,,34.0,ksp,
20,24,60;55;48;27;33;37;39,,,29.0,ksp,
20,24,60;55;49;51;27;34;42;73,,,32.0,ksp,
20,24,61;57;46;70;73,,,16.0,ksp,
20,24,61;57;46;69;66,,,15.0,ksp,
20,24,61;57;44;42;73,,,18.0,ksp,
20,24,60;54;17;19;15;11;8;7;37;39,,,32.0,ksp,
20,24,61;58;52;47;19;14;3;2;7;37;39,,,41.0,ksp,
21,1,65;67;44;40;31;8;5,,,28.0,ksp,
21,1,65;67;43;26;23;11;8;5,,,29.0,ksp,
21,1,64;61;58;52;47;19;14;3,,,32.0,ksp,
21,1,65;68;60;54;17;19;14;3,,,29.0,ksp,
21,1,66;76;71;40;33;35;5,,,27.0,ksp,
21,1,65;67;45;58;52;47;19;14;3,,,30.0,ksp,
21,1,65;67;43;26;23;12;14;3,,,34.0,ksp,
21,1,65;70;71;40;31;8;5,,,28.0,ksp,
21,1,66;76;71;40;31;8;5,,,27.0,ksp,
21,1,64;60;55;48;27;31;8;5,,,36.0,ksp,
21,1,64;61;58;51;27;33;35;5,,,39.0,ksp,
21,4,64;60;54;17;19;14;3;2;6,,,36.0,ksp,
21,4,64;61;58;51;27;31,,,31.0,ksp,
21,4,65;70;71;40;31,,,20.0,ksp,
21,4,65;67;45;58;52;47;19;15;11,,,25.0,ksp,
21,4,65;68;61;58;52;47;19;15;11,,,28.0,ksp,
21,4,65;67;44;40;31,,,20.0,ksp,
21,4,65;67;43;26;23;11,,,21.0,ksp,
21,4,66;76;71;40;33;35;6,,,27.0,ksp,
21,4,64;61;58;52;47;19;15;11,,,27.0,ksp,
21,4,65;68;60;55;48;26;23;11,,,28.0,ksp,
21,4,64;60;55;48;27;31,,,28.0,ksp,
21,5,65;67;45;58;52;47;19;15,,,23.0,ksp,
21,5,65;68;60;55;48;26;23,,,26.0,ksp,
21,5,65;70;71;40;31;9,,,22.0,ksp,
21,5,66;74;38;36;31;9,,,24.0,ksp,
21,5,64;61;58;52;47;19;15,,,25.0,ksp,
21,5,65;68;60;54;17;19;15,,,22.0,ksp,
21,5,66;74;38;35;5;1;4;15,,,33.0,ksp,
21,5,64;60;55;47;21;23,,,33.0,ksp,
21,5,65;67;45;58;51;26;23,,,26.0,ksp,
21,5,64;61;58;52;48;26;23,,,26.0,ksp,
21,6,65;67;45;58;52;47;19,,,19.0,ksp,
21,6,65;67;43;26;23;12,,,23.0,ksp,
21,6,66;76;71;40;31;8;5;1;4,,,38.0,ksp,
21,6,66;76;71;40;31;9;12,,,25.0,ksp,
21,6,66;74;38;35;5;1;4,,,29.0,ksp,
21,6,65;70;71;40;31;9;12,,,26.0,ksp,
21,6,64;61;58;52;47;19,,,21.0,ksp,
21,6,65;68;61;58;52;47;19,,,22.0,ksp,
21,6,64;61;58;51;26;24;19,,,35.0,ksp,
21,6,66;74;38;35;6;9;12,,,24.0,ksp,
21,7,66;76;71;40;32;26;24;20,,,34.0,ksp,
21,7,66;76;71;40;31;9;12;16;20,,,30.0,ksp,
21,7,66;74;38;36;31;9;12;16;20,,,33.0,ksp,
21,7,64;61;58;52;47;20,,,22.0,ksp,
21,7,65;67;43;29;50;54,,,20.0,ksp,
21,7,64;61;58;52;50;54,,,19.0,ksp,
21,7,66;74;38;35;6;9;12;16;20,,,29.0,ksp,
21,7,65;67;45;58;52;50;54,,,17.0,ksp,
21,7,65;67;43;29;47;20,,,23.0,ksp,
21,7,66;76;71;41;45;58;52;47;20,,,29.0,ksp,
21,7,66;74;38;35;5;1;4;16;20,,,34.0,ksp,
21,7,65;67;45;58;52;47;20,,,20.0,ksp,
21,7,65;68;61;58;52;50;54,,,20.0,ksp,
21,7,65;67;43;26;24;20,,,27.0,ksp,
21,7,66;76;71;40;32;29;50;54,,,27.0,ksp,
21,8,65;67;45;58;52;47,,,17.0,ksp,
21,8,66;74;38;36;32;26;24,,,34.0,ksp,
21,8,64;61;58;52;47,,,19.0,ksp,
21,8,66;76;71;40;31;9;12;16,,,27.0,ksp,
21,8,65;67;43;26;24,,,24.0,ksp,
21,8,66;74;38;35;6;9;12;16,,,26.0,ksp,
21,8,66;74;38;35;5;1;4;16,,,31.0,ksp,
21,8,65;68;61;58;52;47,,,20.0,ksp,
21,8,66;76;71;40;32;29;47,,,27.0,ksp,
21,9,66;76;71;40;31;9;13,,,26.0,ksp,
21,9,65;70;71;40;32;26,,,22.0,ksp,
21,9,65;68;60;54;17;21,,,26.0,ksp,
21,9,66;74;38;35;5;1;4;16;21,,,41.0,ksp,
21,9,64;60;55;47;19;15;13,,,29.0,ksp,
21,9,65;67;45;58;52;47;21,,,27.0,ksp,
21,9,64;61;58;52;47;21,,,29.0,ksp,
21,9,64;61;58;52;48;26,,,21.0,ksp,
21,9,65;68;61;58;52;47;21,,,30.0,ksp,
21,9,65;67;45;58;51;26,,,21.0,ksp,
21,9,65;68;61;58;51;26,,,24.0,ksp,
21,9,66;74;38;36;32;26,,,24.0,ksp,
21,9,64;60;55;48;26,,,20.0,ksp,
21,9,64;60;54;17;19;15;13,,,26.0,ksp,
21,9,66;74;38;36;31;9;13,,,29.0,ksp,
21,9,66;74;38;35;6;9;13,,,25.0,ksp,
21,9,66;76;71;40;32;26,,,21.0,ksp,
21,10,64;61;58;51,,,20.0,ksp,
21,10,65;68;60;54;17;21;25,,,29.0,ksp,
21,10,65;68;60;55;48,,,18.0,ksp,
21,10,66;74;38;35;6;9;13;25,,,28.0,ksp,
21,10,64;60;54;17;21;25,,,28.0,ksp,
21,10,66;76;71;40;32,,,18.0,ksp,
21,10,65;67;45;58;51,,,18.0,ksp,
21,10,66;74;38;36;32,,,21.0,ksp,
21,10,65;68;61;58;51,,,21.0,ksp,
21,10,64;60;55;48,,,17.0,ksp,
21,10,64;61;58;52;48,,,18.0,ksp,
21,11,64;60;54;17;19;15;11;10,,,29.0,ksp,
21,11,65;67;43;26;23;11;10,,,27.0,ksp,
21,11,64;60;55;48;27,,,22.0,ksp,
21,11,65;68;61;58;51;27,,,26.0,ksp,
21,11,64;60;55;47;19;15;11;10,,,32.0,ksp,
21,11,64;61;58;52;48;27,,,23.0,ksp,
21,11,66;74;38;35;6;10,,,24.0,ksp,
21,11,64;61;58;51;27,,,25.0,ksp,
21,12,64;60;54;17;19;15;11;8;7,,,31.0,ksp,
21,12,64;61;58;52;48;26;23;11;8;7,,,36.0,ksp,
21,12,64;61;58;52;47;19;14;3;2;7,,,40.0,ksp,
21,12,65;67;44;40;31;8;7,,,28.0,ksp,
21,12,64;60;55;47;19;15;11;8;7,,,34.0,ksp,
21,12,65;68;60;55;48;27;33,,,29.0,ksp,
21,12,64;60;54;17;19;14;3;2;7,,,36.0,ksp,
21,12,65;70;71;40;33,,,20.0,ksp,
21,12,65;67;43;27;33,,,22.0,ksp,
21,12,64;61;58;51;26;23;11;8;7,,,38.0,ksp,
21,13,64;60;54;17;19;14;3;2;7;37,,,39.0,ksp,
21,13,64;61;58;51;27;31;8;7;37,,,42.0,ksp,
21,13,65;70;71;40;33;37,,,23.0,ksp,
21,13,64;60;54;17;19;15;11;8;7;37,,,34.0,ksp,
21,13,64;61;58;52;48;26;23;11;8;7;37,,,39.0,ksp,
21,13,65;70;73;74,,,12.0,ksp,
21,13,65;67;43;27;33;37,,,25.0,ksp,
21,13,64;60;55;47;19;15;11;8;7;37,,,37.0,ksp,
21,14,64;60;55;48;27;34,,,26.0,ksp,
21,14,66;74;38;36;34,,,20.0,ksp,
21,14,64;60;54;17;19;15;11;10;34,,,33.0,ksp,
21,14,64;61;57;44,,,18.0,ksp,
21,14,64;61;58;52;48;27;34,,,27.0,ksp,
21,14,65;67;43;27;34,,,20.0,ksp,
21,15,65;68;60;55;49;53;57,,,21.0,ksp,
21,15,64;60;55;49;53;57,,,20.0,ksp,
21,15,66;74;38;36;32;28,,,27.0,ksp,
21,15,64;60;55;48;28,,,23.0,ksp,
21,15,66;76;71;41,,,14.0,ksp,
21,15,66;74;38;35;6;9;13;25;28,,,34.0,ksp,
21,16,66;74;38;36;32;29,,,25.0,ksp,
21,16,64;60;54;17;22,,,20.0,ksp,
21,16,65;68;61;58;52,,,15.0,ksp,
21,16,66;76;71;41;45;58;52,,,21.0,ksp,
21,16,66;76;71;40;31;9;12;16;22,,,32.0,ksp,
21,16,65;67;43;29,,,15.0,ksp,
21,16,66;76;71;41;43;29,,,24.0,ksp,
21,16,66;76;71;40;32;29,,,22.0,ksp,
21,16,66;74;38;35;6;9;12;16;22,,,31.0,ksp,
21,16,66;74;38;35;5;1;4;16;22,,,36.0,ksp,
21,17,65;67;43;29;49,,,17.0,ksp,
21,17,66;76;71;41;45;58,,,19.0,ksp,
21,17,66;74;38;35;6;9;12;16;22;49,,,33.0,ksp,
21,17,66;74;38;36;32;29;49,,,27.0,ksp,
21,17,66;76;71;40;32;30,,,26.0,ksp,
21,17,65;68;60;55;49,,,16.0,ksp,
21,17,66;74;38;36;32;30,,,29.0,ksp,
21,17,66;76;71;41;43;30,,,28.0,ksp,
21,17,65;68;61;58,,,13.0,ksp,
21,17,64;60;54;17;22;49,,,22.0,ksp,
21,18,65;67;45;58;52;50,,,15.0,ksp,
21,18,66;74;38;35;6;9;12;16;20;18,,,31.0,ksp,
21,18,66;74;38;36;32;26;24;20;18,,,39.0,ksp,
21,18,66;76;71;41;45;58;52;47;20;18,,,31.0,ksp,
21,18,66;76;71;40;32;26;24;20;18,,,36.0,ksp,
21,18,65;68;61;58;52;50,,,18.0,ksp,
21,18,65;67;43;29;50,,,18.0,ksp,
21,18,66;76;71;40;31;9;12;16;20;18,,,32.0,ksp,
21,18,66;76;71;40;32;29;50,,,25.0,ksp,
21,18,66;74;38;35;5;1;4;16;20;18,,,36.0,ksp,
21,19,64;60;55;49;53,,,17.0,ksp,
21,19,66;74;38;35;6;9;12;16;22;49;53,,,35.0,ksp,
21,19,66;76;71;40;32;29;49;53,,,26.0,ksp,
21,19,66;76;71;41;45,,,17.0,ksp,
21,19,66;76;72;68;61,,,18.0,ksp,
21,19,65;68;60;55;49;53,,,18.0,ksp,
21,19,66;76;71;41;43;30;53,,,30.0,ksp,
21,19,66;74;38;36;32;30;53,,,31.0,ksp,
21,19,65;68;61,,,11.0,ksp,
21,20,65;67;45;59,,,12.0,ksp,
21,20,66;76;71;41;43;29;50;56,,,31.0,ksp,
21,20,66;74;38;36;32;29;50;56,,,32.0,ksp,
21,20,66;74;38;35;6;9;12;16;20;18;56,,,35.0,ksp,
21,20,66;76;71;40;32;29;50;56,,,29.0,ksp,
21,20,66;76;71;41;45;59,,,21.0,ksp,
21,20,66;76;72;67;45;59,,,19.0,ksp,
21,22,66;76;72,,,9.0,ksp,
21,22,66;74;38;36;34;41;46,,,28.0,ksp,
21,22,66;76;71;41;46,,,17.0,ksp,
21,22,64;61;57;46,,,16.0,ksp,
21,23,64;63;67;44;42,,,23.0,ksp,
21,23,64;60;55;48;27;34;42,,,30.0,ksp,
21,23,65;67;44;42,,,14.0,ksp,
21,23,64;61;57;44;42,,,22.0,ksp,
21,24,64;61;57;44;42;73,,,24.0,ksp,
21,24,64;60;54;17;19;14;3;2;7;37;39,,,43.0,ksp,
21,24,64;60;54;17;19;15;11;8;7;37;39,,,38.0,ksp,
21,24,64;63;67;44;42;73,,,25.0,ksp,
21,24,64;60;55;48;27;33;37;39,,,35.0,ksp,
21,24,65;67;43;27;33;37;39,,,29.0,ksp,
21,24,65;67;43;26;23;11;8;7;37;39,,,36.0,ksp,
21,24,65;67;44;42;73,,,16.0,ksp,
21,24,64;61;57;44;40;33;37;39,,,35.0,ksp,
22,1,68;60;54;17;19;14;3,,,27.0,ksp,
22,1,70;71;40;31;8;5,,,26.0,ksp,
22,1,70;71;40;33;35;5,,,26.0,ksp,
22,1,70;71;40;31;9;12;14;3,,,35.0,ksp,
22,1,69;64;61;58;51;27;33;35;5,,,41.0,ksp,
22,1,68;60;55;48;27;31;8;5,,,35.0,ksp,
22,1,67;43;26;23;11;8;5,,,27.0,ksp,
22,1,67;43;26;23;12;14;3,,,32.0,ksp,
22,1,69;64;61;58;52;47;19;14;3,,,34.0,ksp,
22,1,67;45;58;52;47;19;14;3,,,28.0,ksp,
22,1,67;44;40;31;8;5,,,26.0,ksp,
22,2,67;44;40;31;8;5;1,,,32.0,ksp,
22,2,70;71;40;31;9;12;14,,,29.0,ksp,
22,2,67;45;58;52;47;19;14,,,22.0,ksp,
22,2,70;71;40;31;8;5;1,,,32.0,ksp,
22,2,69;64;61;58;52;47;19;14,,,28.0,ksp,
22,2,67;43;26;23;12;14,,,26.0,ksp,
22,2,67;43;26;23;11;8;5;1,,,33.0,ksp,
22,2,67;43;27;31;8;5;1,,,34.0,ksp,
22,2,69;64;61;58;51;26;23;12;14,,,39.0,ksp,
22,2,70;71;40;33;35;5;1,,,32.0,ksp,
22,3,67;43;26;23;11;8,,,23.0,ksp,
22,3,67;45;58;52;47;19;14;3;2,,,32.0,ksp,
22,3,68;60;55;48;26;23;11;8,,,30.0,ksp,
22,3,68;60;54;17;19;15;11;8,,,26.0,ksp,
22,3,70;71;40;33;35,,,22.0,ksp,
22,3,69;64;61;58;52;47;19;14;3;2,,,38.0,ksp,
22,3,68;60;54;17;19;14;3;2,,,31.0,ksp,
22,3,68;61;58;52;47;19;14;3;2,,,35.0,ksp,
22,3,69;64;61;58;51;27;31;8,,,37.0,ksp,
22,3,67;43;27;33;35,,,24.0,ksp,
22,3,67;43;27;31;8,,,24.0,ksp,
22,3,70;71;40;31;8,,,22.0,ksp,
22,3,67;44;40;31;8,,,22.0,ksp,
22,3,69;64;60;55;48;26;23;11;8,,,33.0,ksp,
22,4,69;64;60;54;17;19;15;11,,,25.0,ksp,
22,4,67;45;58;52;47;19;15;11,,,23.0,ksp,
22,4,68;61;58;51;27;31,,,30.0,ksp,
22,4,69;64;61;58;51;26;23;11,,,32.0,ksp,
22,4,68;61;58;52;48;27;31,,,28.0,ksp,
22,4,69;64;60;55;47;19;14;3;2;6,,,41.0,ksp,
22,4,68;60;55;48;27;33;35;6,,,35.0,ksp,
22,4,68;60;54;17;19;14;3;2;6,,,35.0,ksp,
22,4,68;60;54;17;19;15;11,,,22.0,ksp,
22,5,68;61;58;52;47;19;15,,,24.0,ksp,
22,5,69;64;60;55;48;26;23,,,27.0,ksp,
22,5,70;73;74;38;35;6;9,,,23.0,ksp,
22,5,69;64;61;58;52;47;21;23,,,36.0,ksp,
22,5,69;64;61;58;51;26;23,,,30.0,ksp,
22,5,67;45;58;52;47;19;15,,,21.0,ksp,
22,6,67;44;40;31;9;12,,,24.0,ksp,
22,6,69;66;74;38;35;6;9;12,,,26.0,ksp,
22,6,70;71;40;31;8;5;1;4,,,37.0,ksp,
22,6,69;64;60;55;47;19,,,22.0,ksp,
22,6,67;43;26;23;12,,,21.0,ksp,
22,6,70;73;74;38;35;5;1;4,,,32.0,ksp,
22,6,67;45;58;52;47;19,,,17.0,ksp,
22,6,70;71;40;31;9;12,,,24.0,ksp,
22,6,68;61;58;52;47;19,,,20.0,ksp,
22,6,67;45;58;51;26;23;12,,,28.0,ksp,
22,6,69;66;74;38;35;5;1;4,,,31.0,ksp,
22,6,69;64;61;58;52;47;19,,,23.0,ksp,
22,6,67;43;26;24;19,,,24.0,ksp,
22,7,67;43;29;50;54,,,18.0,ksp,
22,7,70;71;40;31;9;12;16;20,,,29.0,ksp,
22,7,67;43;29;47;20,,,21.0,ksp,
22,7,68;61;58;52;50;54,,,18.0,ksp,
22,7,69;66;74;38;35;6;9;12;16;20,,,31.0,ksp,
22,7,70;71;40;32;29;47;20,,,29.0,ksp,
22,7,67;45;58;52;47;20,,,18.0,ksp,
22,7,69;66;74;38;35;5;1;4;16;20,,,36.0,ksp,
22,7,67;45;58;52;50;54,,,15.0,ksp,
22,7,69;64;61;58;52;47;20,,,24.0,ksp,
22,7,67;43;26;24;20,,,25.0,ksp,
22,7,70;71;40;32;29;50;54,,,26.0,ksp,
22,7,70;73;74;38;35;6;9;12;16;20,,,32.0,ksp,
22,8,67;43;26;24,,,22.0,ksp,
22,8,70;71;40;32;26;24,,,30.0,ksp,
22,8,69;66;74;38;35;5;1;4;16,,,33.0,ksp,
22,8,68;61;58;52;47,,,18.0,ksp,
22,8,70;71;40;31;9;12;16,,,26.0,ksp,
22,8,69;64;61;58;52;47,,,21.0,ksp,
22,8,70;73;74;38;35;5;1;4;16,,,34.0,ksp,
22,8,69;66;74;38;35;6;9;12;16,,,28.0,ksp,
22,8,67;43;26;23;12;16,,,23.0,ksp,
22,8,67;45;58;52;47,,,15.0,ksp,
22,8,67;43;29;47,,,18.0,ksp,
22,9,68;60;55;48;26,,,19.0,ksp,
22,9,70;73;74;38;35;6;9;13,,,28.0,ksp,
22,9,70;71;40;31;9;13,,,25.0,ksp,
22,9,69;66;74;38;35;5;1;4;16;21,,,43.0,ksp,
22,9,69;64;61;58;52;47;21,,,31.0,ksp,
22,9,68;60;54;17;19;15;13,,,25.0,ksp,
22,9,69;64;61;58;52;47;19;15;13,,,32.0,ksp,
22,9,70;71;40;32;26,,,20.0,ksp,
22,9,67;45;58;52;48;26,,,17.0,ksp,
22,9,69;64;60;55;47;21,,,30.0,ksp,
22,9,67;44;40;31;9;13,,,25.0,ksp,
22,9,68;61;58;51;26,,,22.0,ksp,
22,9,69;66;74;38;36;31;9;13,,,31.0,ksp,
22,9,67;45;58;51;26,,,19.0,ksp,
22,9,69;66;74;38;35;6;9;13,,,27.0,ksp,
22,9,67;45;58;52;47;21,,,25.0,ksp,
22,10,70;73;74;38;36;32,,,24.0,ksp,
22,10,68;61;58;52;48,,,17.0,ksp,
22,10,68;60;55;48,,,16.0,ksp,
22,10,69;64;61;58;51,,,22.0,ksp,
22,10,69;66;74;38;35;6;9;13;25,,,30.0,ksp,
22,10,68;60;54;17;21;25,,,27.0,ksp,
22,10,67;45;58;51,,,16.0,ksp,
22,10,69;64;60;55;48,,,19.0,ksp,
22,10,67;45;58;52;48,,,14.0,ksp,
22,10,70;71;40;32,,,17.0,ksp,
22,10,68;61;58;51,,,19.0,ksp,
22,10,69;66;74;38;36;32,,,23.0,ksp,
22,11,70;73;74;38;36,,,19.0,ksp,
22,11,67;45;58;51;26;23;11;10,,,32.0,ksp,
22,11,68;60;55;48;26;23;11;10,,,32.0,ksp,
22,11,69;64;61;58;51;27,,,27.0,ksp,
22,11,68;60;54;17;19;15;11;10,,,28.0,ksp,
22,11,68;61;58;52;47;19;15;11;10,,,32.0,ksp,
22,11,69;64;60;54;17;19;15;11;10,,,31.0,ksp,
22,11,68;61;58;52;48;27,,,22.0,ksp,
22,11,69;66;74;38;36,,,18.0,ksp,
22,11,68;60;55;48;27,,,21.0,ksp,
22,12,67;45;58;51;27;33,,,27.0,ksp,
22,12,68;60;54;17;19;14;3;2;7,,,35.0,ksp,
22,12,68;61;58;52;48;27;31;8;7,,,36.0,ksp,
22,12,70;71;40;33,,,18.0,ksp,
22,12,68;60;54;17;19;15;11;8;7,,,30.0,ksp,
22,12,67;43;27;33,,,20.0,ksp,
22,12,68;60;55;47;19;14;3;2;7,,,38.0,ksp,
22,12,69;64;61;58;52;47;19;15;11;8;7,,,37.0,ksp,
22,12,67;43;26;23;11;8;7,,,27.0,ksp,
22,13,68;60;54;17;19;15;11;8;7;37,,,33.0,ksp,
22,13,68;61;58;52;47;19;14;3;2;7;37,,,42.0,ksp,
22,13,68;61;58;52;48;27;33;37,,,31.0,ksp,
22,13,67;43;26;23;11;8;7;37,,,30.0,ksp,
22,13,68;60;54;17;19;14;3;2;7;37,,,38.0,ksp,
22,13,68;60;55;47;19;15;11;8;7;37,,,36.0,ksp,
22,13,67;44;40;31;8;7;37,,,29.0,ksp,
22,13,70;71;40;33;37,,,21.0,ksp,
22,13,67;44;42;73;74,,,18.0,ksp,
22,13,67;43;27;33;37,,,23.0,ksp,
22,14,68;61;57;43;27;34,,,27.0,ksp,
22,14,68;60;54;17;19;15;11;10;34,,,32.0,ksp,
22,14,68;61;58;51;27;34,,,28.0,ksp,
22,14,69;64;61;57;44,,,20.0,ksp,
22,14,69;66;74;38;36;34,,,22.0,ksp,
22,14,69;66;76;71,,,11.0,ksp,
22,14,69;64;61;58;52;48;27;34,,,29.0,ksp,
22,14,68;60;55;48;27;34,,,25.0,ksp,
22,15,69;66;74;38;36;32;28,,,29.0,ksp,
22,15,68;60;55;49;53;57,,,19.0,ksp,
22,15,69;66;76;71;41,,,16.0,ksp,
22,15,68;60;55;48;28,,,22.0,ksp,
22,15,70;71;41,,,13.0,ksp,
22,15,69;64;61;57,,,15.0,ksp,
22,16,69;66;74;38;35;5;1;4;16;22,,,38.0,ksp,
22,16,69;66;74;38;36;32;26;24;22,,,41.0,ksp,
22,16,70;71;40;32;29,,,21.0,ksp,
22,16,67;43;29,,,13.0,ksp,
22,16,70;71;40;31;9;12;16;22,,,31.0,ksp,
22,16,70;71;41;45;58;52,,,20.0,ksp,
22,16,67;43;30;52,,,19.0,ksp,
22,16,69;66;74;38;35;6;9;12;16;22,,,33.0,ksp,
22,16,68;61;58;52,,,13.0,ksp,
22,16,69;64;61;58;52,,,16.0,ksp,
22,17,68;60;54;17;22;49,,,21.0,ksp,
22,17,69;66;74;38;35;6;9;12;16;22;49,,,35.0,ksp,
22,17,70;73;74;38;35;6;9;13;25;30,,,39.0,ksp,
22,17,67;43;29;49,,,15.0,ksp,
22,17,69;64;60;55;49,,,17.0,ksp,
22,17,69;64;61;58,,,14.0,ksp,
22,17,70;71;40;32;29;49,,,23.0,ksp,
22,17,69;66;74;38;36;32;30,,,31.0,ksp,
22,17,68;60;55;49,,,14.0,ksp,
22,17,70;71;40;32;30,,,25.0,ksp,
22,17,68;61;58,,,11.0,ksp,
22,17,70;71;41;43;30,,,27.0,ksp,
22,18,69;66;74;38;35;6;9;12;16;20;18,,,33.0,ksp,
22,18,70;73;74;38;35;5;1;4;16;20;18,,,39.0,ksp,
22,18,67;45;58;52;50,,,13.0,ksp,
22,18,67;43;26;24;20;18,,,27.0,ksp,
22,18,70;71;40;32;29;50,,,24.0,ksp,
22,18,68;61;58;52;50,,,16.0,ksp,
22,18,70;71;40;32;29;47;20;18,,,31.0,ksp,
22,18,67;43;29;50,,,16.0,ksp,
22,18,70;71;40;32;26;24;20;18,,,35.0,ksp,
22,18,70;71;40;31;9;12;16;20;18,,,31.0,ksp,
22,19,70;71;40;32;29;49;53,,,25.0,ksp,
22,19,70;73;74;38;35;6;9;12;16;22;49;53,,,38.0,ksp,
22,19,68;60;55;49;53,,,16.0,ksp,
22,19,70;71;41;43;30;53,,,29.0,ksp,
22,19,69;64;60;55;49;53,,,19.0,ksp,
22,19,69;64;61,,,12.0,ksp,
22,19,69;66;74;38;36;32;30;53,,,33.0,ksp,
22,19,70;71;41;45,,,16.0,ksp,
22,20,67;45;59,,,10.0,ksp,
22,20,70;71;40;31;9;12;16;20;18;56,,,35.0,ksp,
22,20,70;71;40;32;29;50;56,,,28.0,ksp,
22,20,67;43;29;50;56,,,20.0,ksp,
22,20,70;71;41;45;59,,,20.0,ksp,
22,20,70;73;75;64,,,15.0,ksp,
22,20,69;66;74;38;35;6;9;12;16;20;18;56,,,37.0,ksp,
22,21,67;44;42;73;75,,,17.0,ksp,
22,21,67;43;27;33;37;39;75,,,30.0,ksp,
22,21,67;45;59;62,,,16.0,ksp,
22,21,70;73;75,,,9.0,ksp,
22,23,68;60;55;48;27;34;42,,,29.0,ksp,
22,23,67;44;42,,,12.0,ksp,
22,23,67;43;27;34;42,,,22.0,ksp,
22,23,68;60;54;17;19;15;11;8;7;37;39;76,,,39.0,ksp,
22,23,68;62;66;76,,,16.0,ksp,
22,24,68;61;58;52;48;26;23;11;8;7;37;39,,,42.0,ksp,
22,24,67;43;27;33;37;39,,,27.0,ksp,
22,24,68;60;54;17;19;15;11;8;7;37;39,,,37.0,ksp,
22,24,67;44;42;73,,,14.0,ksp,
22,24,67;44;40;33;37;39,,,25.0,ksp,
22,24,68;60;54;17;19;14;3;2;7;37;39,,,42.0,ksp,
22,24,68;62;66,,,14.0,ksp,
23,1,71;40;31;8;5,,,22.0,ksp,
23,1,72;67;43;26;23;12;14;3,,,36.0,ksp,
23,1,73;75;64;61;58;52;47;19;14;3,,,37.0,ksp,
23,1,71;41;43;26;23;12;14;3,,,38.0,ksp,
23,1,72;67;43;26;23;11;8;5,,,31.0,ksp,
23,1,73;75;64;60;54;17;19;14;3,,,33.0,ksp,
23,1,72;67;45;58;52;47;19;14;3,,,32.0,ksp,
23,1,71;41;45;58;52;47;19;14;3,,,34.0,ksp,
23,1,72;68;60;54;17;19;14;3,,,31.0,ksp,
23,1,72;68;61;58;51;27;31;8;5,,,42.0,ksp,
23,1,73;75;65;68;60;55;48;26;23;12;14;3,,,46.0,ksp,
23,3,72;67;45;58;52;47;19;15;11;8,,,31.0,ksp,
23,3,73;75;64;60;54;17;19;14;3;2,,,37.0,ksp,
23,3,71;41;43;26;23;11;8,,,29.0,ksp,
23,3,72;68;60;55;47;19;14;3;2,,,38.0,ksp,
23,3,73;75;64;61;58;51;27;31;8,,,40.0,ksp,
23,3,71;40;31;8,,,18.0,ksp,
23,3,73;75;65;67;43;26;23;11;8,,,30.0,ksp,
23,3,72;68;60;54;17;19;14;3;2,,,35.0,ksp,
23,3,72;67;45;58;52;48;27;31;8,,,33.0,ksp,
23,3,72;68;61;58;52;47;19;14;3;2,,,39.0,ksp,
23,3,72;67;43;26;23;11;8,,,27.0,ksp,
23,4,72;67;45;58;52;47;19;15;11,,,27.0,ksp,
23,4,72;68;60;54;17;19;15;11,,,26.0,ksp,
23,4,73;75;64;60;55;48;27;31,,,33.0,ksp,
23,4,73;75;64;61;58;52;47;19;14;3;2;6,,,45.0,ksp,
23,4,71;41;45;58;52;47;19;15;11,,,29.0,ksp,
23,4,72;68;61;58;51;26;23;11,,,33.0,ksp,
23,4,72;67;43;26;23;11,,,23.0,ksp,
23,4,73;75;64;60;54;17;19;15;11,,,28.0,ksp,
23,5,73;75;64;61;58;52;47;19;15,,,30.0,ksp,
23,5,72;68;60;54;17;19;15,,,24.0,ksp,
23,5,72;67;43;26;23,,,21.0,ksp,
23,5,73;75;65;67;45;58;52;47;21;23,,,37.0,ksp,
23,5,73;75;64;60;55;47;19;15,,,29.0,ksp,
23,5,73;74;38;36;31;9,,,23.0,ksp,
23,5,72;67;45;58;52;48;26;23,,,26.0,ksp,
23,5,71;41;45;58;52;47;19;15,,,27.0,ksp,
23,5,72;68;61;58;51;26;23,,,31.0,ksp,
23,5,73;74;38;35;5;1;4;15,,,32.0,ksp,
23,5,71;40;32;26;23,,,21.0,ksp,
23,5,73;75;64;60;54;17;19;15,,,26.0,ksp,
23,6,72;68;61;58;51;26;23;12,,,35.0,ksp,
23,6,71;40;32;29;47;19,,,24.0,ksp,
23,6,72;67;43;26;23;12,,,25.0,ksp,
23,6,73;75;64;61;58;52;47;19,,,26.0,ksp,
23,6,71;40;31;8;5;1;4,,,33.0,ksp,
23,6,72;67;45;58;52;47;19,,,21.0,ksp,
23,6,71;40;32;26;24;19,,,28.0,ksp,
23,6,71;41;45;58;52;47;19,,,23.0,ksp,
23,6,73;75;65;67;43;26;23;12,,,28.0,ksp,
23,6,73;75;64;60;54;17;19,,,22.0,ksp,
23,7,71;40;32;29;47;20,,,25.0,ksp,
23,7,73;74;38;35;6;9;12;16;20,,,28.0,ksp,
23,7,73;75;64;61;58;52;50;54,,,24.0,ksp,
23,7,71;41;43;29;47;20,,,27.0,ksp,
23,7,71;40;32;26;24;20,,,29.0,ksp,
23,7,71;40;31;9;12;16;20,,,25.0,ksp,
23,7,72;67;43;29;50;54,,,22.0,ksp,
23,7,73;74;38;36;32;26;24;20,,,36.0,ksp,
23,7,71;41;45;58;52;47;20,,,24.0,ksp,
23,7,73;75;65;68;60;54,,,18.0,ksp,
23,7,73;74;38;35;5;1;4;16;20,,,33.0,ksp,
23,7,72;67;45;58;52;50;54,,,19.0,ksp,
23,8,73;75;65;67;43;29;47,,,25.0,ksp,
23,8,72;67;45;58;52;47,,,19.0,ksp,
23,8,72;67;43;29;50;54;17,,,25.0,ksp,
23,8,73;74;38;35;5;1;4;16,,,30.0,ksp,
23,8,71;40;31;9;12;16,,,22.0,ksp,
23,8,71;41;43;26;24,,,28.0,ksp,
23,8,71;40;32;26;24,,,26.0,ksp,
23,8,71;40;32;29;47,,,22.0,ksp,
23,8,73;74;38;35;6;9;12;16,,,25.0,ksp,
23,8,71;41;45;58;52;47,,,21.0,ksp,
23,8,73;74;38;36;31;9;12;16,,,29.0,ksp,
23,8,73;75;64;61;58;51;26;24,,,38.0,ksp,
23,8,73;75;64;61;58;52;47,,,24.0,ksp,
23,8,72;67;43;26;24,,,26.0,ksp,
23,9,73;74;38;35;6;9;13,,,24.0,ksp,
23,9,73;75;64;61;58;52;47;21,,,34.0,ksp,
23,9,73;74;38;35;5;1;4;16;21,,,40.0,ksp,
23,9,73;75;64;60;54;17;21,,,30.0,ksp,
23,9,73;75;64;60;54;17;19;15;13,,,31.0,ksp,
23,9,72;68;61;58;52;47;21,,,32.0,ksp,
23,9,71;40;31;9;13,,,21.0,ksp,
23,9,72;68;60;54;17;21,,,28.0,ksp,
23,9,72;67;45;58;52;48;26,,,21.0,ksp,
23,9,72;68;60;55;47;21,,,31.0,ksp,
23,9,72;68;60;54;17;19;15;13,,,29.0,ksp,
23,9,72;67;45;58;51;26,,,23.0,ksp,
23,9,73;75;65;67;45;58;52;47;21,,,32.0,ksp,
23,9,73;74;38;36;32;26,,,23.0,ksp,
23,10,73;75;64;60;55;48,,,22.0,ksp,
23,10,73;74;38;36;32,,,20.0,ksp,
23,10,71;40;31;9;13;25,,,24.0,ksp,
23,10,72;68;60;55;48,,,20.0,ksp,
23,10,73;74;38;35;6;9;13;25,,,27.0,ksp,
23,10,73;75;65;67;45;58;51,,,23.0,ksp,
23,10,73;75;64;61;58;51,,,25.0,ksp,
23,10,72;67;45;58;51,,,20.0,ksp,
23,10,73;75;64;60;54;17;21;25,,,33.0,ksp,
23,10,72;67;45;58;52;48,,,18.0,ksp,
23,10,73;75;65;68;61;58;51,,,26.0,ksp,
23,10,72;68;61;58;52;48,,,21.0,ksp,
23,11,73;75;64;60;54;17;19;15;11;10,,,34.0,ksp,
23,11,72;67;43;26;23;11;10,,,29.0,ksp,
23,11,72;68;60;55;48;27,,,25.0,ksp,
23,11,72;67;45;58;51;27,,,25.0,ksp,
23,11,72;68;61;58;52;48;27,,,26.0,ksp,
23,11,73;75;64;61;58;52;47;19;15;11;10,,,38.0,ksp,
23,12,71;41;43;27;33,,,26.0,ksp,
23,12,71;40;31;8;7,,,22.0,ksp,
23,12,72;69;64;60;54;17;19;14;3;2;7,,,42.0,ksp,
23,12,72;68;60;54;17;19;15;11;8;7,,,34.0,ksp,
23,12,72;67;43;27;31;8;7,,,32.0,ksp,
23,12,72;67;45;58;52;47;19;14;3;2;7,,,40.0,ksp,
23,12,72;68;61;58;52;47;19;14;3;2;7,,,43.0,ksp,
23,12,72;67;45;58;51;26;23;11;8;7,,,38.0,ksp,
23,12,72;67;43;26;23;11;8;7,,,31.0,ksp,
23,12,73;75;64;60;54;17;19;15;11;8;7,,,36.0,ksp,
23,12,72;68;60;55;48;27;33,,,31.0,ksp,
23,13,72;67;43;26;23;11;8;7;37,,,34.0,ksp,
23,13,72;68;60;54;17;19;15;11;8;7;37,,,37.0,ksp,
23,13,72;68;60;54;17;19;14;3;2;7;37,,,42.0,ksp,
23,13,71;41;45;58;52;47;19;14;3;2;7;37,,,45.0,ksp,
23,13,71;40;31;8;7;37,,,25.0,ksp,
23,13,72;67;43;27;33;37,,,27.0,ksp,
23,13,72;69;66;74,,,13.0,ksp,
23,14,72;67;44,,,12.0,ksp,
23,14,73;74;38;36;34,,,19.0,ksp,
23,14,73;75;64;60;55;48;27;34,,,31.0,ksp,
23,14,72;68;61;57;44,,,21.0,ksp,
23,14,72;67;43;27;34,,,22.0,ksp,
23,14,73;74;38;35;6;10;34,,,27.0,ksp,
23,14,73;75;64;61;57;44,,,23.0,ksp,
23,14,73;75;65;67;44,,,15.0,ksp,
23,14,72;68;60;55;48;27;34,,,29.0,ksp,
23,15,73;74;38;36;32;28,,,26.0,ksp,
23,15,73;75;65;68;61;57,,,19.0,ksp,
23,15,71;40;32;28,,,19.0,ksp,
23,15,73;75;65;67,,,10.0,ksp,
23,15,73;74;38;35;6;9;13;25;28,,,33.0,ksp,
23,15,73;75;64;60;55;49;53;57,,,25.0,ksp,
23,15,73;75;64;61;57,,,18.0,ksp,
23,15,72;68;61;57,,,16.0,ksp,
23,16,71;41;43;29,,,19.0,ksp,
23,16,72;67;43;30;52,,,23.0,ksp,
23,16,73;75;64;61;58;52,,,19.0,ksp,
23,16,73;74;38;35;5;1;4;16;22,,,35.0,ksp,
23,16,73;74;38;35;6;9;12;16;22,,,30.0,ksp,
23,16,71;40;32;29,,,17.0,ksp,
23,16,73;75;65;67;43;29,,,20.0,ksp,
23,16,71;41;45;58;52,,,16.0,ksp,
23,16,71;40;31;9;12;16;22,,,27.0,ksp,
23,16,72;67;43;29,,,17.0,ksp,
23,16,71;40;31;9;13;24;22,,,36.0,ksp,
23,16,73;74;38;36;32;29,,,24.0,ksp,
23,17,72;68;60;55;49,,,18.0,ksp,
23,17,73;74;38;36;31;9;13;25;30,,,39.0,ksp,
23,17,72;68;61;58,,,15.0,ksp,
23,17,73;75;65;67;43;29;49,,,22.0,ksp,
23,17,73;75;64;60;55;49,,,20.0,ksp,
23,17,73;74;38;35;6;9;12;16;22;49,,,32.0,ksp,
23,17,72;67;43;29;49,,,19.0,ksp,
23,17,73;75;64;61;58,,,17.0,ksp,
23,17,73;74;38;36;32;30,,,28.0,ksp,
23,17,71;40;32;29;49,,,19.0,ksp,
23,18,73;74;38;35;5;1;4;16;20;18,,,35.0,ksp,
23,18,72;69;64;60,,,16.0,ksp,
23,18,71;41;43;26;24;20;18,,,33.0,ksp,
23,18,72;67;45;58;52;50,,,17.0,ksp,
23,18,71;40;31;9;12;16;20;18,,,27.0,ksp,
23,18,73;75;65;67;45;58;52;50,,,20.0,ksp,
23,18,73;74;38;36;32;29;50,,,27.0,ksp,
23,18,73;74;38;35;6;9;12;16;20;18,,,30.0,ksp,
23,18,71;41;43;29;50,,,22.0,ksp,
23,18,71;40;32;29;50,,,20.0,ksp,
23,18,71;41;45;58;52;50,,,19.0,ksp,
23,18,72;67;43;29;47;20;18,,,27.0,ksp,
23,18,72;67;43;26;24;20;18,,,31.0,ksp,
23,19,71;40;31;9;12;16;22;49;53,,,31.0,ksp,
23,19,73;75;65;68;61,,,16.0,ksp,
23,19,73;74;38;35;6;9;13;25;30;53,,,37.0,ksp,
23,19,73;75;64;61,,,15.0,ksp,
23,19,71;41;43;30;53,,,25.0,ksp,
23,19,72;68;60;55;49;53,,,20.0,ksp,
23,19,72;68;61,,,13.0,ksp,
23,19,71;40;32;30;53,,,23.0,ksp,
23,19,73;74;38;35;6;9;12;16;22;49;53,,,34.0,ksp,
23,19,73;74;38;36;32;29;49;53,,,28.0,ksp,
23,19,71;40;32;29;49;53,,,21.0,ksp,
23,20,72;69;64,,,12.0,ksp,
23,20,73;75;65;68,,,12.0,ksp,
23,20,71;40;31;9;12;16;20;18;56,,,31.0,ksp,
23,20,71;41;45;59,,,16.0,ksp,
23,20,73;74;38;36;32;30;53;59,,,34.0,ksp,
23,20,73;74;38;35;6;9;12;16;20;18;56,,,34.0,ksp,
23,20,71;40;32;29;50;56,,,24.0,ksp,
23,20,72;67;45;59,,,14.0,ksp,
23,21,71;41;46;68;62,,,23.0,ksp,
23,21,71;41;45;59;62,,,22.0,ksp,
23,21,71;41;46;69,,,14.0,ksp,
23,21,71;40;32;29;50;56;62,,,30.0,ksp,
23,22,71;40;32;29;50;56;63,,,29.0,ksp,
23,22,73;74;38;35;6;9;12;16;20;18;56;63,,,39.0,ksp,
23,22,71;41;46,,,12.0,ksp,
23,22,71;40;32;28;46,,,22.0,ksp,
23,22,73;75;64;63,,,16.0,ksp,
23,22,73;75;65,,,7.0,ksp,
23,24,71;40;31;8;7;37;39,,,29.0,ksp,
23,24,71;41;45;59;62;66,,,25.0,ksp,
23,24,72;69;66,,,9.0,ksp,
23,24,71;41;46;69;66,,,17.0,ksp,
23,24,71;40;33;37;39,,,21.0,ksp,
23,24,72;68;62;66,,,18.0,ksp,
24,1,75;64;61;58;52;47;19;14;3,,,35.0,ksp,
24,1,76;72;67;43;26;23;12;14;3,,,38.0,ksp,
24,1,75;64;60;55;48;26;23;12;14;3,,,43.0,ksp,
24,1,76;71;41;45;58;52;47;19;14;3,,,36.0,ksp,
24,1,76;72;68;60;54;17;19;14;3,,,33.0,ksp,
24,1,76;72;67;43;26;23;11;8;5,,,33.0,ksp,
24,1,76;71;40;31;8;5,,,24.0,ksp,
24,1,75;65;67;45;58;52;47;19;14;3,,,33.0,ksp,
24,1,76;71;40;31;9;12;14;3,,,33.0,ksp,
24,1,75;65;68;60;54;17;19;14;3,,,32.0,ksp,
24,1,75;65;67;43;26;23;12;14;3,,,37.0,ksp,
24,1,75;64;60;54;17;19;14;3,,,31.0,ksp,
24,1,75;65;67;43;26;23;11;8;5,,,32.0,ksp,
24,4,75;64;61;58;52;47;19;15;11,,,30.0,ksp,
24,4,75;65;68;61;58;51;27;31,,,35.0,ksp,
24,4,75;65;67;45;58;52;47;19;14;3;2;6,,,41.0,ksp,
24,4,75;65;67;43;26;23;11,,,24.0,ksp,
24,4,75;64;60;54;17;19;15;11,,,26.0,ksp,
24,4,76;72;67;43;26;23;11,,,25.0,ksp,
24,4,74;38;36;31,,,19.0,ksp,
24,4,75;64;60;55;48;26;23;11,,,30.0,ksp,
24,4,76;72;67;45;58;52;47;19;15;11,,,29.0,ksp,
24,4,76;72;68;60;54;17;19;15;11,,,28.0,ksp,
24,6,75;64;61;58;51;26;23;12,,,35.0,ksp,
24,6,75;65;68;60;54;17;19,,,21.0,ksp,
24,6,76;72;67;45;58;52;47;19,,,23.0,ksp,
24,6,76;72;68;60;54;17;19,,,22.0,ksp,
24,6,75;65;67;43;26;23;12,,,26.0,ksp,
24,6,75;64;61;58;52;47;19,,,24.0,ksp,
24,6,76;71;41;43;26;23;12,,,29.0,ksp,
24,6,74;38;36;31;9;12,,,25.0,ksp,
24,6,75;65;67;43;26;24;19,,,29.0,ksp,
24,6,76;71;40;31;8;5;1;4,,,35.0,ksp,
24,6,76;71;40;32;29;47;19,,,26.0,ksp,
24,7,76;72;67;45;58;52;50;54,,,21.0,ksp,
24,7,74;38;35;5;1;4;16;20,,,31.0,ksp,
24,7,76;71;41;43;29;47;20,,,29.0,ksp,
24,7,75;64;61;58;52;50;54,,,22.0,ksp,
24,7,76;71;40;31;9;12;16;20,,,27.0,ksp,
24,7,76;71;40;32;29;47;20,,,27.0,ksp,
24,7,75;65;67;45;58;52;47;20,,,23.0,ksp,
24,7,75;65;68;60;54,,,16.0,ksp,
24,7,76;72;67;43;29;50;54,,,24.0,ksp,
24,7,75;65;67;45;58;52;50;54,,,20.0,ksp,
24,7,76;71;41;43;29;50;54,,,26.0,ksp,
24,7,74;38;36;32;26;24;20,,,34.0,ksp,
24,7,74;38;35;6;9;12;16;20,,,26.0,ksp,
24,8,74;38;35;6;9;12;16,,,23.0,ksp,
24,8,75;64;61;58;52;47,,,22.0,ksp,
24,8,75;65;68;61;58;52;47,,,23.0,ksp,
24,8,75;65;68;60;54;17,,,19.0,ksp,
24,8,74;38;35;5;1;4;16,,,28.0,ksp,
24,8,76;71;41;45;58;52;47,,,23.0,ksp,
24,8,76;71;40;32;29;47,,,24.0,ksp,
24,8,76;71;40;31;9;12;16,,,24.0,ksp,
24,8,74;38;36;32;26;24,,,31.0,ksp,
24,8,74;38;36;32;29;47,,,27.0,ksp,
24,8,75;65;67;43;26;24,,,27.0,ksp,
24,8,76;72;67;43;29;50;54;17,,,27.0,ksp,
24,8,76;72;67;45;58;52;47,,,21.0,ksp,
24,9,75;64;60;54;17;21,,,28.0,ksp,
24,9,75;65;67;45;58;52;47;21,,,30.0,ksp,
24,9,75;65;67;45;58;52;48;26,,,22.0,ksp,
24,9,76;72;68;60;54;17;19;15;13,,,31.0,ksp,
24,9,75;64;61;58;51;26,,,26.0,ksp,
24,9,74;38;36;32;26,,,21.0,ksp,
24,9,76;72;68;60;54;17;21,,,30.0,ksp,
24,9,76;71;40;31;9;13,,,23.0,ksp,
24,9,75;64;61;58;52;47;21,,,32.0,ksp,
24,9,74;38;35;5;1;4;16;21,,,38.0,ksp,
24,9,75;65;68;60;55;47;21,,,32.0,ksp,
24,9,74;38;36;31;9;13,,,26.0,ksp,
24,10,75;64;61;58;51,,,23.0,ksp,
24,10,75;64;61;58;52;48,,,21.0,ksp,
24,10,76;71;41;45;58;51,,,24.0,ksp,
24,10,74;38;35;6;9;13;25,,,25.0,ksp,
24,10,76;72;68;60;54;17;21;25,,,33.0,ksp,
24,10,75;65;68;60;55;48,,,21.0,ksp,
24,10,76;72;67;45;58;51,,,22.0,ksp,
24,10,76;72;68;61;58;52;48,,,23.0,ksp,
24,10,75;64;60;55;48,,,20.0,ksp,
24,11,76;72;67;43;27,,,20.0,ksp,
24,11,76;72;68;61;58;51;27,,,30.0,ksp,
24,11,75;64;60;55;48;27,,,25.0,ksp,
24,11,75;65;67;43;27,,,19.0,ksp,
24,11,75;65;67;44;40,,,17.0,ksp,
24,11,75;64;61;58;52;48;26;23;11;10,,,37.0,ksp,
24,11,75;65;68;61;58;52;48;27,,,27.0,ksp,
24,11,75;64;60;54;17;19;15;11;10,,,32.0,ksp,
24,11,76;72;67;44;40,,,18.0,ksp,
24,12,75;64;61;58;51;26;23;11;8;7,,,41.0,ksp,
24,12,76;71;40;33,,,16.0,ksp,
24,12,75;65;67;43;26;23;11;8;7,,,32.0,ksp,
24,12,76;72;67;45;58;52;48;27;33,,,31.0,ksp,
24,12,76;72;68;60;54;17;19;14;3;2;7,,,41.0,ksp,
24,12,75;65;68;61;58;52;47;19;15;11;8;7,,,39.0,ksp,
24,12,75;64;60;54;17;19;14;3;2;7,,,39.0,ksp,
24,12,76;72;68;60;55;47;19;14;3;2;7,,,44.0,ksp,
24,12,75;65;67;43;27;33,,,25.0,ksp,
24,12,75;64;60;54;17;19;15;11;8;7,,,34.0,ksp,
24,12,76;71;40;31;8;7,,,24.0,ksp,
24,13,75;64;60;54;17;19;15;11;8;7;37,,,37.0,ksp,
24,13,75;64;60;54;17;19;14;3;2;7;37,,,42.0,ksp,
24,13,76;71;40;33;37,,,19.0,ksp,
24,13,75;65;68;61;58;52;47;19;15;11;8;7;37,,,42.0,ksp,
24,13,75;65;67;43;26;23;11;8;7;37,,,35.0,ksp,
24,13,76;72;68;60;54;17;19;14;3;2;7;37,,,44.0,ksp,
24,13,76;71;40;31;8;7;37,,,27.0,ksp,
24,13,75;65;67;43;27;33;37,,,28.0,ksp,
24,13,76;72;67;45;58;52;48;27;33;37,,,34.0,ksp,
24,14,75;64;61;57;44,,,21.0,ksp,
24,14,74;38;35;6;10;34,,,25.0,ksp,
24,14,74;38;36;34,,,17.0,ksp,
24,14,76;72;68;61;57;44,,,23.0,ksp,
24,14,75;64;60;55;48;27;34,,,29.0,ksp,
24,14,75;65;67;44,,,13.0,ksp,
24,15,76;72;68;61;57,,,18.0,ksp,
24,15,75;65;68;61;57,,,17.0,ksp,
24,15,74;38;36;34;41,,,22.0,ksp,
24,15,74;38;35;5;1;4;16;22;49;53;57,,,40.0,ksp,
24,15,74;38;35;6;9;13;25;28,,,31.0,ksp,
24,15,74;38;36;32;28,,,24.0,ksp,
24,15,75;64;60;55;49;53;57,,,23.0,ksp,
24,15,75;64;61;57,,,16.0,ksp,
24,16,74;38;36;32;30;52,,,28.0,ksp,
24,16,76;71;40;32;29,,,19.0,ksp,
24,16,74;38;35;6;9;12;16;22,,,28.0,ksp,
24,16,74;38;35;5;1;4;16;22,,,33.0,ksp,
24,16,76;71;41;43;29,,,21.0,ksp,
24,16,76;72;67;45;58;52,,,16.0,ksp,
24,16,76;72;67;43;29,,,19.0,ksp,
24,16,74;38;36;31;9;12;16;22,,,32.0,ksp,
24,16,74;38;35;6;9;13;24;22,,,37.0,ksp,
24,16,74;38;36;32;29,,,22.0,ksp,
24,16,76;72;68;61;58;52,,,19.0,ksp,
24,16,75;65;68;61;58;52,,,18.0,ksp,
24,16,75;64;61;58;52,,,17.0,ksp,
24,16,75;65;68;60;55,,,17.0,ksp,
24,16,76;71;41;45;58;52,,,18.0,ksp,
24,17,75;65;68;60;55;49,,,19.0,ksp,
24,17,76;72;68;60;55;49,,,20.0,ksp,
24,17,74;38;35;6;9;13;25;29;49,,,31.0,ksp,
24,17,74;38;36;32;30,,,26.0,ksp,
24,17,74;38;35;5;1;4;16;22;49,,,35.0,ksp,
24,17,75;65;68;61;58,,,16.0,ksp,
24,17,74;38;36;32;29;49,,,24.0,ksp,
24,17,76;71;40;32;30,,,23.0,ksp,
24,17,74;38;35;6;9;12;16;22;49,,,30.0,ksp,
24,17,76;72;67;43;30,,,23.0,ksp,
24,17,76;71;40;32;29;49,,,21.0,ksp,
24,19,74;38;35;5;1;4;16;22;49;53,,,37.0,ksp,
24,19,76;72;67;43;29;49;53,,,23.0,ksp,
24,19,76;72;68;60;55;49;53,,,22.0,ksp,
24,19,74;38;35;6;9;12;16;22;49;53,,,32.0,ksp,
24,19,76;71;40;32;30;53,,,25.0,ksp,
24,19,74;38;36;32;30;53,,,28.0,ksp,
24,19,74;38;36;32;29;49;53,,,26.0,ksp,
24,19,75;65;68;61,,,14.0,ksp,
24,19,74;38;35;6;9;13;25;30;53,,,35.0,ksp,
24,20,76;71;41;45;59,,,18.0,ksp,
24,20,76;72;67;45;59,,,16.0,ksp,
24,20,76;71;40;32;30;52;50;56,,,32.0,ksp,
24,20,75;65;67;45;59,,,15.0,ksp,
24,20,74;38;36;32;29;50;56,,,29.0,ksp,
24,20,74;38;35;6;9;12;16;20;18;56,,,32.0,ksp,
24,20,75;65;68,,,10.0,ksp,
24,20,74;38;35;5;1;4;16;22;49;53;59,,,41.0,ksp,
24,21,76;71;41;45;59;62,,,24.0,ksp,
24,21,76;71;41;46;69,,,16.0,ksp,
24,21,74;38;36;32;28;46;69,,,29.0,ksp,
24,21,74;38;36;34;41;45;59;62,,,35.0,ksp,
24,21,76;71;41;46;68;62,,,25.0,ksp,
24,21,74;38;36;32;29;50;56;62,,,35.0,ksp,
24,21,74;38;35;6;9;13;25;28;46;69,,,36.0,ksp,
24,21,74;38;35;5;1;4;16;20;18;56;62,,,43.0,ksp,
24,21,74;38;35;6;9;12;16;20;18;56;62,,,38.0,ksp,
24,22,74;38;36;34;41;46,,,25.0,ksp,
24,22,74;38;36;32;28;46,,,27.0,ksp,
24,22,74;38;35;5;1;4;16;20;18;56;63,,,42.0,ksp,
24,22,76;71;41;46,,,14.0,ksp,
24,22,75;64;63,,,14.0,ksp,
24,22,74;38;35;6;9;12;16;20;18;56;63,,,37.0,ksp,
24,22,74;38;35;6;9;13;25;29;49;53;59;63,,,42.0,ksp,
24,23,74;38;36;34;42,,,21.0,ksp,
24,23,75;65;70,,,9.0,ksp,
24,23,75;64;63;70,,,18.0,ksp,
24,23,74;38;35;6;10;34;42,,,29.0,ksp,
24,23,75;65;67;44;42,,,17.0,ksp,
24,23,75;64;61;57;44;42,,,25.0,ksp,
